url,title,brand,sku,product_id,price,currency,availability,condition,rating_value,review_count,category,description,ingredients,raw_ingredients,how_to_use,raw_how_to_use,skin_type_and_concerns,raw_skin_type_and_concerns,range,volume,images,uniq_id,scraped_at
https://www.dermstore.com/p/exclusive-neostrata-anti-aging-firming-duo/13441438/,Exclusive NEOSTRATA Anti-Aging Firming Duo,Neostrata,13441438,13441438,188.0,USD,OutOfStock,NewCondition,,,Brands / NEOSTRATA / Exclusive NEOSTRATA Anti-Aging Firming Duo," This anti aging neck cream is formulated with three clinically proven matrix building ingredients, each with a unique action to deliver optimal lifting and firming. ProAmino Acid helps stimulate procollagen production in the skin’s deep layers, while NeoCitriate™ helps promote new collagen and NeoGlucosamine® builds the surrounding support matrix. This trio of state-of-the-art actives works together to plump, build volume and firm sagging skin. NeoGlucosamine® is also a gentle exfoliant that helps reduce the appearance of uneven pigment and age spots that often appear in the décolletage. This potent cream is fortified with Apple Stem Cell Extract to help protect the longevity of skin’s essential cells, helping your skin to behave like younger skin. 
 ""Volumizes the look of slack skin with AMINOFIL® 
 Amino acid derivative concentrated to target skin’s hydrating matrix for a more lifted appearance. Renews Tone with Gluconolactone 
 A Polyhydroxy Acid &amp; antioxidant chelator that helps to gently exfoliate and promote a more even skin tone. Smooths Skin with LMW Hyaluronic Acid 
 Due to its unique small size, LMW (Low Molecular Weight) Hyaluronic Acid penetrates skin’s surface to attract moisture, providing hydration to visibly improve skin’s texture."" ","Aqua (Water), Acetyl Glucosamine, Cyclopentasiloxane, Triethyl Citrate, Cetearyl Alcohol, C1215 Alkyl Benzoate, Butyrospermum Parkii (Shea) Butter, Glyceryl Stearate, Glycerin, Isocetyl Stearoyl Stearate, Ethoxydiglycol Oleate, Dimethicone, Cyclohexasiloxane, Ethoxydiglycol, PEG100 Stearate, lymethylsilsesquioxane,Nylon12, Isostearic Acid, Tocopheryl (Vitamin E) Acetate, Palmitoyl Glycine, Malus Domestica Fruit Cell Culture Extract, Hydrogenated Palm Kernel Glycerides, Hydrogenated Palm Glycerides, Dimethiconol, Isopropyl Myristate, Caprylyl Glycol, Lecithin, PEG40 Stearate, Ceteareth20, Carbomer, Xanthan Gum, Pentaerythrityl TetraDitButyl Hydroxyhydrocinnamate, Sodium Bisulfite, Disodium EDTA, Ammonium Hydroxide, Chlorphenesin, Phenoxyethanol, Ethylene Brassylate, Methyldihydrojasmonate, Isobutyl Methyl Tetrahydropyranol, Methyl Decenol, Caramel, CI 19140 (Yellow 5).
Aqua/Water/Eau, PEG-8, Gluconolactone, 1,2-Hexanediol, Cyclopentasiloxane, Glycerin, Pentylene Glycol, PEG-12 Dimethicone, Polymethylsilsesquioxane, Acetyl, Tyrosinamide, Cyclohexasiloxane, Hydrolyzed Sodium Hyaluronate, Dimethiconol, Biosaccharide Gum-1, Polyacrylate-13, Polyisobutene, Isopropyl, Myristate, Polysorbate 20, Sodium Sulfite, BHT, Ammonium Hydroxide, Caprylyl Glycol, Xanthan Gum, Methyldihydrojasmonate, 2,6-Dimethyl-7-Octen-2-ol, Ethyl, Acetoacetate, Methyl Benzodioxepinone, Phenoxyethanol, Chlorphenesin, Red 33, (CI 17200), Blue 1 (CI 42090).
For the latest information, it is recommended to review the ingredient list printed on the packaging of the product prior to usage or consumption.","<div aria-labelledby=""Ingredients"" class=""content max-h-0 invisible translate-y-1/4 underline-hyperlink"" id=""product-description-2""> <div class=""attribute-content break-words""> <div class=""flex flex-col gap-2""><p>Aqua (Water), Acetyl Glucosamine, Cyclopentasiloxane, Triethyl Citrate, Cetearyl Alcohol, C1215 Alkyl Benzoate, Butyrospermum Parkii (Shea) Butter, Glyceryl Stearate, Glycerin, Isocetyl Stearoyl Stearate, Ethoxydiglycol Oleate, Dimethicone, Cyclohexasiloxane, Ethoxydiglycol, PEG100 Stearate, lymethylsilsesquioxane,Nylon12, Isostearic Acid, Tocopheryl (Vitamin E) Acetate, Palmitoyl Glycine, Malus Domestica Fruit Cell Culture Extract, Hydrogenated Palm Kernel Glycerides, Hydrogenated Palm Glycerides, Dimethiconol, Isopropyl Myristate, Caprylyl Glycol, Lecithin, PEG40 Stearate, Ceteareth20, Carbomer, Xanthan Gum, Pentaerythrityl TetraDitButyl Hydroxyhydrocinnamate, Sodium Bisulfite, Disodium EDTA, Ammonium Hydroxide, Chlorphenesin, Phenoxyethanol, Ethylene Brassylate, Methyldihydrojasmonate, Isobutyl Methyl Tetrahydropyranol, Methyl Decenol, Caramel, CI 19140 (Yellow 5).</p>
<p>Aqua/Water/Eau, PEG-8, Gluconolactone, 1,2-Hexanediol, Cyclopentasiloxane, Glycerin, Pentylene Glycol, PEG-12 Dimethicone, Polymethylsilsesquioxane, Acetyl, Tyrosinamide, Cyclohexasiloxane, Hydrolyzed Sodium Hyaluronate, Dimethiconol, Biosaccharide Gum-1, Polyacrylate-13, Polyisobutene, Isopropyl, Myristate, Polysorbate 20, Sodium Sulfite, BHT, Ammonium Hydroxide, Caprylyl Glycol, Xanthan Gum, Methyldihydrojasmonate, 2,6-Dimethyl-7-Octen-2-ol, Ethyl, Acetoacetate, Methyl Benzodioxepinone, Phenoxyethanol, Chlorphenesin, Red 33, (CI 17200), Blue 1 (CI 42090).</p>
<p><em><strong>For the latest information, it is recommended to review the ingredient list printed on the packaging of the product prior to usage or consumption.</strong></em></p></div> </div> </div>","Gently smooth over neck and décolletage twice daily.
Apply 3-5 drops to the face after cleansing (morning and evening). Follow with a NEOSTRATA® moisturizer.","<div aria-labelledby=""How-to-Use"" class=""content max-h-0 invisible translate-y-1/4 underline-hyperlink"" id=""product-description-1""> <div class=""attribute-content break-words""> <div class=""flex flex-col gap-2""><p>Gently smooth over neck and décolletage twice daily.</p>
<p>Apply 3-5 drops to the face after cleansing (morning and evening). Follow with a NEOSTRATA® moisturizer.</p></div> </div> </div>",,,,80ml,"https://static.thcdn.com/productimg/original/13441438-1074907545957458.jpg, https://static.thcdn.com/productimg/original/13441438-1474907545870668.jpg, https://static.thcdn.com/productimg/original/13441438-4344907545914069.jpg",6635eafe-d8bd-53c7-b232-d359b208b4a1,2024-02-11 11:15:28
https://www.dermstore.com/p/pmd-pmd-clean-1-piece/12905594/,PMD Clean (1 piece),PMD,12905594,12905594,79.2,USD,InStock,NewCondition,4.38,16,Brands / PMD / PMD Clean (1 piece)," Give yourself a mini facial with help from PMD's Clean. Chic and portable, this skin care device features SonicGlow™ technology with over 7,000 vibrations per minute that deeply cleanses, tones and lifts for a more youthful-looking complexion. 
  Key Benefits:  
 
  With 7,000 vibrations per minute, Clean deeply removes the skin’s impurities by breaking down dirt and oil from within the pores. 
  Using ultra-hygienic silicone, Clean is odor-resistant, antibacterial, hypoallergenic and waterproof. This hassle-free brush head never needs replacing. 
  A powerful cleansing device with bristles gentle enough for all skin types. With four customizable modes, Clean provides a full spectrum of cleansing options. 
  Supercharge your skin care regimen by using their SonicGlow™ technology to massage serums and moisturizer into skin for a more youthful look. 
  PMD recommends using mode 3 or 4 for massaging. Apply skincare products and use back side of the Clean to gently massage. Serum will be more effective and absorb deeper into the skin. 
 ","Silicone AA Battery.
For the latest information, it is recommended to review the ingredient list printed on the packaging of the product prior to usage or consumption.","<div aria-labelledby=""Ingredients"" class=""content max-h-0 invisible translate-y-1/4 underline-hyperlink"" id=""product-description-3""> <div class=""attribute-content break-words""> <div class=""flex flex-col gap-2""><p>Silicone AA Battery.</p>
<p><em><strong>For the latest information, it is recommended to review the ingredient list printed on the packaging of the product prior to usage or consumption.</strong></em></p></div> </div> </div>","Step 1: Rinse and Apply Cleanser.
  Rinse face with warm water and gently rub in cleanser.
  Step 2: Wet and Power on Device.
  Rinse Clean under water and power on device. We recommend modes 1 and 2 for optimum cleansing results.
  Step 3: Smart Cleansing.
  Move brush head in circular motions, cleansing entire face. It is safe to spend more time in areas that may be of a personal concern.
  Step 4: Rinse and Pat Dry.
  Rinse face and Clean of any excess cleanser then pat dry.","<div aria-labelledby=""How-to-Use"" class=""content max-h-0 invisible translate-y-1/4 underline-hyperlink"" id=""product-description-1""> <div class=""attribute-content break-words""> <div class=""flex flex-col gap-2""><p>Step 1: Rinse and Apply Cleanser.<br/>
  Rinse face with warm water and gently rub in cleanser.<br/>
  Step 2: Wet and Power on Device.<br/>
  Rinse Clean under water and power on device. We recommend modes 1 and 2 for optimum cleansing results.<br/>
  Step 3: Smart Cleansing.<br/>
  Move brush head in circular motions, cleansing entire face. It is safe to spend more time in areas that may be of a personal concern.<br/>
  Step 4: Rinse and Pat Dry.<br/>
  Rinse face and Clean of any excess cleanser then pat dry.</p></div> </div> </div>","Acne: BlackheadsAging Skin: Loss of FirmnessApplication Area: FaceIdeal for these Concerns: Acne, Large Pores, OilinessProfessional Tools and Devices: Cleansing DevicesSkin Care: Professional Tools and DevicesSkin Type: Acne-Prone Skin, Combination Skin, Dry Skin, Mature Skin, Normal Skin, Oily Skin, Sensitive Skin","<div aria-labelledby=""Skin-Type-&amp;-Concerns"" class=""content max-h-0 invisible translate-y-1/4 underline-hyperlink"" id=""product-description-2""> <div class=""attribute-content break-words""> <div class=""flex flex-col gap-2""><p><strong>Acne:</strong> <a href=""/treatment/blackheads.list"">Blackheads</a><br/><strong>Aging Skin:</strong> <a href=""/treatment/loss-of-firmness.list"">Loss of Firmness</a><br/><strong>Application Area:</strong> <a href=""/application-area/face.list"">Face</a><br/><strong>Ideal for these Concerns:</strong> <a href=""/skin-care/skin-care-treatments/acne-clearing-products.list"">Acne</a>, <a href=""/treatment/large-pores.list"">Large Pores</a>, <a href=""/skin-care/oiliness.list"">Oiliness</a><br/><strong>Professional Tools and Devices:</strong> <a href=""/skin-care/tools/cleansing-devices.list"">Cleansing Devices</a><br/><strong>Skin Care:</strong> <a href=""/skin-care/tools.list"">Professional Tools and Devices</a><br/><strong>Skin Type:</strong> <a href=""/skin-care/acne-prone-skin.list"">Acne-Prone Skin</a>, <a href=""/skin-care/combination-skin.list"">Combination Skin</a>, <a href=""/skin-care/dry-skin.list"">Dry Skin</a>, <a href=""/skin-care/mature-skin.list"">Mature Skin</a>, <a href=""/skin-care/normal-skin.list"">Normal Skin</a>, <a href=""/skin-care/oily-skin.list"">Oily Skin</a>, <a href=""/skin-care/sensitive-skin.list"">Sensitive Skin</a></p></div> </div> </div>",,,"https://static.thcdn.com/productimg/original/12905594-1484871062629315.jpg, https://static.thcdn.com/productimg/1600/1600/12049208-8044736872279569.jpg, https://static.thcdn.com/productimg/1600/1600/12049208-1474736874075255.jpg, https://static.thcdn.com/productimg/1600/1600/12049208-1754736874097824.jpg, https://static.thcdn.com/productimg/1600/1600/12049208-3964736874284442.jpg",7c436149-00ab-56d5-8274-cf24a991dbaf,2024-02-11 11:15:29
https://www.dermstore.com/p/neom-focus-the-mind-essential-oil-blend-10ml/12540840/,NEOM Focus the Mind Essential Oil Blend 0.3 fl. oz,NEOM,12540840,12540840,24.0,USD,InStock,NewCondition,,,Brands / NEOM / NEOM Focus the Mind Essential Oil Blend 0.3 fl. oz," Bringing you back to the present moment in a snap, the  Focus the Mind Essential Oil Blend  from natural wellbeing brand  NEOM  zaps you with an energising aroma that promotes razor-sharp attention. It stimulates your senses with a complex blend of 100% natural essential oils from Pine, Cedarwood and Eucalyptus, a trio expertly curated to boost mental clarity and enhance concentration. 
 Compatible with your NEOM Wellbeing Pod, the fragrant oil imbues your personal interior spaces with layers of Green Hibiscus notes mingled with deeper, woody undertones that create a balsamic effect. You can even add a few drops to a hot bath or use it for an oil massage to get your mind and body feeling active and in the zone. 
  Made with 100% natural essential oils.  
   Please note:    This bottle contains up to 30 uses, with 5-10 drops per use.  ","Caprylic/Capric Triglyceride, Eucalyptus Globulus Leaf Oil, Juniperus Mexicana Wood Oil, Pinus Sylvestris Leaf Oil, Rosmarinus Officinalis Leaf Oil, Eugenia Caryophyllus Leaf Oil, Limonene, Cinnamaldehyde, Pogostemon Cablin Leaf Oil, Cinnamomum Cassia Leaf Oil, Mentha Arvensis Leaf Oil, Thuja Occidentalis Leaf Oil, Lavandula Angustifolia Flower Extract, Maltol, Cinnamaldehyde, Geraniol, Limonene, Linalool.","<div aria-labelledby=""Ingredients"" class=""content max-h-0 invisible translate-y-1/4 underline-hyperlink"" id=""product-description-2""> <div class=""attribute-content break-words""> <div class=""flex flex-col gap-2""><p>Caprylic/Capric Triglyceride, Eucalyptus Globulus Leaf Oil, Juniperus Mexicana Wood Oil, Pinus Sylvestris Leaf Oil, Rosmarinus Officinalis Leaf Oil, Eugenia Caryophyllus Leaf Oil, Limonene, Cinnamaldehyde, Pogostemon Cablin Leaf Oil, Cinnamomum Cassia Leaf Oil, Mentha Arvensis Leaf Oil, Thuja Occidentalis Leaf Oil, Lavandula Angustifolia Flower Extract, Maltol, Cinnamaldehyde, Geraniol, Limonene, Linalool.</p></div> </div> </div>","To experience the full Feel Good Vibes Essential Oil Blend experience, use in your Wellbeing Pod.

Fill the water tank of the Wellbeing Pod with cold water. Do not exceed the maximum water level line
Add up to 10 drops of the Feel Good Vibes Essential Oil Blend.
With the touch of a button, it will instantly release a heatless, fine mist of aromatheraphy oil blend for stress, in a scented vapour into the atmosphere, to stimulate your senses and help boost your wellbeing
Alternatively you can also add 5 drops to a warm bath, or 1 to 2 drops to your chosen base oil for a calming and relaxing massage","<div aria-labelledby=""How-to-Use"" class=""content max-h-0 invisible translate-y-1/4 underline-hyperlink"" id=""product-description-1""> <div class=""attribute-content break-words""> <div class=""flex flex-col gap-2""><p>To experience the full Feel Good Vibes Essential Oil Blend experience, use in your Wellbeing Pod.</p>
<ul>
<li>Fill the water tank of the Wellbeing Pod with cold water. Do not exceed the maximum water level line</li>
<li>Add up to 10 drops of the Feel Good Vibes Essential Oil Blend.</li>
<li>With the touch of a button, it will instantly release a heatless, fine mist of aromatheraphy oil blend for stress, in a scented vapour into the atmosphere, to stimulate your senses and help boost your wellbeing</li>
<li>Alternatively you can also add 5 drops to a warm bath, or 1 to 2 drops to your chosen base oil for a calming and relaxing massage</li>
</ul></div> </div> </div>",,,,10ml,"https://static.thcdn.com/productimg/original/12540840-6904928010935181.jpg, https://static.thcdn.com/productimg/original/12540840-1944928010948786.jpg, https://static.thcdn.com/productimg/1600/1600/12540840-2084824854860206.jpg, https://static.thcdn.com/productimg/1600/1600/12540840-1664824854923758.jpg, https://static.thcdn.com/productimg/1600/1600/12540840-2074824854984676.jpg, https://static.thcdn.com/productimg/1600/1600/12540840-1484824855043251.jpg",6c9186b2-c19d-55e5-a45b-c6be55bc74d6,2024-02-11 11:15:33
https://www.dermstore.com/p/briogeo-curl-charisma-rice-amino-and-avocado-hydrating-shampoo-236ml/11271963/,Briogeo Curl Charisma™ Rice Amino + Avocado Hydrating Shampoo 8 oz,Briogeo,11271963,11271963,28.0,USD,InStock,NewCondition,4.33,6,Brands / Briogeo / Briogeo Curl Charisma™ Rice Amino + Avocado Hydrating Shampoo 8 oz," Briogeo's Curl Charisma™ Rice Amino + Avocado Hydrating Shampoo gives waves, curls, and coils the gentle and nourishing care it needs. This creamy, sulfate-free shampoo-hydrates and cleanses without stripping hair of natural oils and minimizes frizz to enhance definition. Rice amino acids help seal the hair cuticle and lockout frizz-causing humidity while tomato fruit ferment enhances moisture retention to support uniform curl formation. 
  Key Ingredients:  
 
   Rice Amino Acids:  smooth down and help control frizz 
   Shea Butter:  deeply hydrates and retains moisture in hair 
   Vitamin E:  protects hair from free-radical damage 
   Tomato Fruit Ferment Extract:  helps encourage curl formation 
 
  Key Benefits:  
 
  Cleanses and hydrates waves, curls, and coils 
  Creamy, sulfate-free formula 
  Combats frizz 
  Enhances moisture retention 
 ","Water/Aqua/Eau, Lauramidopropyl Betaine*, Sodium Cocoyl Isethionate*, Glycerin*, Cocamidopropyl Hydroxysultaine*, Glycol Distearate*, Disodium Laureth Sulfosuccinate, Butyrospermum Parkii (Shea) Butter*, Oryza Sativa (Rice) Extract*, Lactobacillus/Tomato Fruit Ferment Extract*, Persea Gratissima (Avocado) Oil*, Rosa Canina Fruit Oil*, Acanthus Mollis Leaf Extract*, Tocopheryl Acetate, Aloe Barbadensis Leaf Juice*, Keratin Amino Acids*, Glucose*, Sodium Hyaluronate, Sodium C14-16 Olefin Sulfonate, Acyl Coenzyme A Desaturase*, Citrus Aurantium Dulcis (Orange) Peel Oil*, Citrus Paradisi (Grapefruit) Peel Oil*, Polyquaternium-71, Sodium Chloride*, Sodium Lauryl Sulfoacetate, Soyamidopropylamine Oxide*, Leuconostoc/Radish Root Ferment Filtrate*, Sodium Lauroyl Sarcosinate, Polyquaternium-7, Anhydroxylitol*, Xylitylglucoside*, Xylitol*, Fragrance (Parfum), Dehydroacetic Acid, Benzyl Alcohol.
For the latest information, it is recommended to review the ingredient list printed on the packaging of the product prior to usage or consumption.","<div aria-labelledby=""Ingredients"" class=""content max-h-0 invisible translate-y-1/4 underline-hyperlink"" id=""product-description-4""> <div class=""attribute-content break-words""> <div class=""flex flex-col gap-2""><p>Water/Aqua/Eau, Lauramidopropyl Betaine*, Sodium Cocoyl Isethionate*, Glycerin*, Cocamidopropyl Hydroxysultaine*, Glycol Distearate*, Disodium Laureth Sulfosuccinate, Butyrospermum Parkii (Shea) Butter*, Oryza Sativa (Rice) Extract*, Lactobacillus/Tomato Fruit Ferment Extract*, Persea Gratissima (Avocado) Oil*, Rosa Canina Fruit Oil*, Acanthus Mollis Leaf Extract*, Tocopheryl Acetate, Aloe Barbadensis Leaf Juice*, Keratin Amino Acids*, Glucose*, Sodium Hyaluronate, Sodium C14-16 Olefin Sulfonate, Acyl Coenzyme A Desaturase*, Citrus Aurantium Dulcis (Orange) Peel Oil*, Citrus Paradisi (Grapefruit) Peel Oil*, Polyquaternium-71, Sodium Chloride*, Sodium Lauryl Sulfoacetate, Soyamidopropylamine Oxide*, Leuconostoc/Radish Root Ferment Filtrate*, Sodium Lauroyl Sarcosinate, Polyquaternium-7, Anhydroxylitol*, Xylitylglucoside*, Xylitol*, Fragrance (Parfum), Dehydroacetic Acid, Benzyl Alcohol.</p>
<p><em><strong>For the latest information, it is recommended to review the ingredient list printed on the packaging of the product prior to usage or consumption.</strong></em></p></div> </div> </div>","Apply to wet hair and massage from root to tip, then rinse. For best results, follow up with Briogeo™ Curl Charisma™ Rice Amino + Shea Curl Defining Conditioner.","<div aria-labelledby=""How-to-Use"" class=""content max-h-0 invisible translate-y-1/4 underline-hyperlink"" id=""product-description-2""> <div class=""attribute-content break-words""> <div class=""flex flex-col gap-2""><p>Apply to wet hair and massage from root to tip, then rinse. For best results, follow up with Briogeo™ Curl Charisma™ Rice Amino + Shea Curl Defining Conditioner.</p></div> </div> </div>","Application Area: Hair, ScalpIdeal for these Concerns: Damaged Hair, Free Radical Damage, Frizzy HairHair Care: ShampooHair Type: Coarse Hair, Curly Hair, Dry or Damaged HairIngredient: Aloe Vera, Amino Acids, Antioxidants, Shea Butter, Vitamin C, Vitamin EPreferences: Certified Cruelty-Free, Gluten-Free, Natural, Paraben-Free, Sulfate-FreeShampoo: Smoothing Shampoo","<div aria-labelledby=""Skin-Type-&amp;-Concerns"" class=""content max-h-0 invisible translate-y-1/4 underline-hyperlink"" id=""product-description-3""> <div class=""attribute-content break-words""> <div class=""flex flex-col gap-2""><p><strong>Application Area:</strong> <a href=""/application-area/hair.list"">Hair</a>, <a href=""/application-area/scalp.list"">Scalp</a><br/><strong>Ideal for these Concerns:</strong> <a href=""/treatment/damaged-hair.list"">Damaged Hair</a>, <a href=""/treatment/free-radical-damage.list"">Free Radical Damage</a>, <a href=""/hair-care/frizzy-hair.list"">Frizzy Hair</a><br/><strong>Hair Care:</strong> <a href=""/hair-care/shampoo.list"">Shampoo</a><br/><strong>Hair Type:</strong> <a href=""/hair-care/coarse-hair-treatments.list"">Coarse Hair</a>, <a href=""/hair-care/curly-hair.list"">Curly Hair</a>, <a href=""/hair-care/dry-or-damaged-hair.list"">Dry or Damaged Hair</a><br/><strong>Ingredient:</strong> <a href=""/ingredient/aloe-vera.list"">Aloe Vera</a>, <a href=""/ingredient/amino-acids.list"">Amino Acids</a>, <a href=""/ingredient/antioxidants.list"">Antioxidants</a>, <a href=""/ingredient/shea-butter.list"">Shea Butter</a>, <a href=""/ingredient/vitamin-c.list"">Vitamin C</a>, <a href=""/ingredient/vitamin-e.list"">Vitamin E</a><br/><strong>Preferences:</strong> <a href=""/cruelty-free.list"">Certified Cruelty-Free</a>, <a href=""/organic-beauty/gluten-free.list"">Gluten-Free</a>, <a href=""/organic-beauty/natural.list"">Natural</a>, <a href=""/preferences/paraben-free.list"">Paraben-Free</a>, <a href=""/preferences/sulfate-free.list"">Sulfate-Free</a><br/><strong>Shampoo:</strong> <a href=""/hair-care/shampoo/smoothing-shampoo.list"">Smoothing Shampoo</a></p></div> </div> </div>",Curl Charisma,236ml,"https://static.thcdn.com/productimg/original/11271963-2024931365270023.jpg, https://static.thcdn.com/productimg/original/11271963-1094931365309008.jpg, https://static.thcdn.com/productimg/original/11271963-1704931365358871.jpg, https://static.thcdn.com/productimg/original/11271963-1954931365401507.jpg, https://static.thcdn.com/productimg/original/11271963-1404931365446102.jpg, https://static.thcdn.com/productimg/original/11271963-7154931365492125.jpg, https://static.thcdn.com/productimg/original/11271963-1834931365559946.jpg, https://static.thcdn.com/productimg/original/11271963-3694931365624458.jpg, https://static.thcdn.com/productimg/original/11271963-1994931365679205.jpg, https://static.thcdn.com/productimg/original/11271963-1244931365724199.jpg, https://static.thcdn.com/productimg/original/11271963-1274931368513974.jpg",2b54ea9f-b05a-58be-8ef6-37d115ac19a9,2024-02-11 11:15:34
https://www.dermstore.com/p/dermalogica-christmas-2024-retinol-renewal-gift-set/15508780/,Dermalogica Retinol Renewal Gift Set ($186 Value),Dermalogica,15508780,15508780,129.0,USD,InStock,NewCondition,,,Brands / Dermalogica / Dermalogica Retinol Renewal Gift Set ($186 Value)," Renew skin with a transformative duo that transcends the ordinary. Dynamic Skin Retinol Serum visibly reduces the 4 signs of skin aging in just 2 weeks,* and Super Rich Repair helps replenish skin's natural moisture levels to nourish and defend against environmental assaults. 
  *Clinical results on reduced appearance of wrinkles, pores, dark spots, and uneven texture after 2 weeks with Dynamic Skin Retinol Serum. Independent clinical test, 59 subjects, 8 weeks.  
  Products Included:  
 
  Dermalogica Dynamic Skin Retinol Serum (0.34 fl. Oz) 
  Dermalogica Super Rich Repair (1.7 fl. Oz) 
 ","Super Rich Repair: Water/Aqua/Eau, Isohexadecane, Dipropylene Glycol, Caprylic/Capric/Myristic/Stearic Triglyceride, Lauryl PEG-9 Polydimethylsiloxyethyl Dimethicone, Simmondsia Chinensis (Jojoba) Seed Oil, Butyrospermum Parkii (Shea) Butter, Dimethicone, Glycerin, Octyldodecyl Neopentanoate, Sodium Chloride, Isostearic Acid, Arginine/Lysine Polypeptide, Palmitoyl Tripeptide-5, Avena Sativa (Oat) Kernel Extract, Pyrus Malus (Apple) Seed Extract, Borago Officinalis Seed Oil, Oenothera Biennis (Evening Primrose) Oil, Hydrogenated Coconut Oil, Gardenia Taitensis Flower, Laminaria Digitata Extract, Yeast Extract, Glucosamine HCL, Cedrus Atlantica Bark Oil, Cupressus Sempervirens Leaf/Stem Extract, Eucalyptus Globulus Leaf Oil, Helianthus Annuus (Sunflower) Seed Oil, Pelargonium Graveolens Flower Oil, Aniba Rosodora (Rosewood) Wood Oil, Abies Sibirica Oil, Santalum Album (Sandalwood) Oil, Sodium Hyaluronate, Tocopheryl Acetate, Colloidal Oatmeal, Madecassoside, Urea, Hexyldecanol, Polyglyceryl-4 Isostearate, Cetyl Dimethicone, Hydrogenated Castor Oil, Butylene Glycol, Caprylyl Glycol, Ethylhexylglycerin, Hexylene Glycol, Linalool, Geraniol, Citronellol, Phenoxyethanol.
Dynamic Skin Retinol Serum: Water/Aqua/Eau, Squalane, Glycerin, Hexyldecanol, Propanediol, Dimethyl Isosorbide, Hydroxyethyl Acrylate/Sodium Acryloyldimethyl Taurate Copolymer, Hydroxyacetophenone, Hydroxypinacolone Retinoate, Retinol, Helianthus Annuus (Sunflower) Seed Oil, Rosmarinus Officinalis (Rosemary) Leaf Extract, Pelargonium Graveolens Flower Oil, Aniba Rosodora (Rosewood) Wood Oil, Eucalyptus Globulus Leaf Oil, Santalum Album (Sandalwood) Oil, Oryza Sativa (Rice) Bran Extract, Helianthus Annuus (Sunflower) Extract, Cupressus Sempervirens Oil, Juniperus Virginiana Oil, Abies Sibirica Oil, Tocopherol, Beta-Glucan, Caprylyl Glycol, BHT, Ceramide NP, Caprylic/Capric Triglyceride, Cetyl Palmitate, 1,2-Hexanediol, Ethylhexylglycerin, Polysorbate 60, Tetrasodium Glutamate Diacetate, Hydroxystearic Acid, Polysorbate 20, Sorbitan Isostearate, Laureth-23, Trideceth-6 Phosphate, Sodium Hydroxide, Citric Acid, Polyacrylate Crosspolymer-6, Sodium Benzoate, Benzyl Alcohol, Linalool.
For the latest information, it is recommended to review the ingredient list printed on the packaging of the product prior to usage or consumption.","<div aria-labelledby=""Ingredients"" class=""content max-h-0 invisible translate-y-1/4 underline-hyperlink"" id=""product-description-2""> <div class=""attribute-content break-words""> <div class=""flex flex-col gap-2""><p><strong>Super Rich Repair:</strong> Water/Aqua/Eau, Isohexadecane, Dipropylene Glycol, Caprylic/Capric/Myristic/Stearic Triglyceride, Lauryl PEG-9 Polydimethylsiloxyethyl Dimethicone, Simmondsia Chinensis (Jojoba) Seed Oil, Butyrospermum Parkii (Shea) Butter, Dimethicone, Glycerin, Octyldodecyl Neopentanoate, Sodium Chloride, Isostearic Acid, Arginine/Lysine Polypeptide, Palmitoyl Tripeptide-5, Avena Sativa (Oat) Kernel Extract, Pyrus Malus (Apple) Seed Extract, Borago Officinalis Seed Oil, Oenothera Biennis (Evening Primrose) Oil, Hydrogenated Coconut Oil, Gardenia Taitensis Flower, Laminaria Digitata Extract, Yeast Extract, Glucosamine HCL, Cedrus Atlantica Bark Oil, Cupressus Sempervirens Leaf/Stem Extract, Eucalyptus Globulus Leaf Oil, Helianthus Annuus (Sunflower) Seed Oil, Pelargonium Graveolens Flower Oil, Aniba Rosodora (Rosewood) Wood Oil, Abies Sibirica Oil, Santalum Album (Sandalwood) Oil, Sodium Hyaluronate, Tocopheryl Acetate, Colloidal Oatmeal, Madecassoside, Urea, Hexyldecanol, Polyglyceryl-4 Isostearate, Cetyl Dimethicone, Hydrogenated Castor Oil, Butylene Glycol, Caprylyl Glycol, Ethylhexylglycerin, Hexylene Glycol, Linalool, Geraniol, Citronellol, Phenoxyethanol.</p>
<p><strong>Dynamic Skin Retinol Serum:</strong> Water/Aqua/Eau, Squalane, Glycerin, Hexyldecanol, Propanediol, Dimethyl Isosorbide, Hydroxyethyl Acrylate/Sodium Acryloyldimethyl Taurate Copolymer, Hydroxyacetophenone, Hydroxypinacolone Retinoate, Retinol, Helianthus Annuus (Sunflower) Seed Oil, Rosmarinus Officinalis (Rosemary) Leaf Extract, Pelargonium Graveolens Flower Oil, Aniba Rosodora (Rosewood) Wood Oil, Eucalyptus Globulus Leaf Oil, Santalum Album (Sandalwood) Oil, Oryza Sativa (Rice) Bran Extract, Helianthus Annuus (Sunflower) Extract, Cupressus Sempervirens Oil, Juniperus Virginiana Oil, Abies Sibirica Oil, Tocopherol, Beta-Glucan, Caprylyl Glycol, BHT, Ceramide NP, Caprylic/Capric Triglyceride, Cetyl Palmitate, 1,2-Hexanediol, Ethylhexylglycerin, Polysorbate 60, Tetrasodium Glutamate Diacetate, Hydroxystearic Acid, Polysorbate 20, Sorbitan Isostearate, Laureth-23, Trideceth-6 Phosphate, Sodium Hydroxide, Citric Acid, Polyacrylate Crosspolymer-6, Sodium Benzoate, Benzyl Alcohol, Linalool.</p>
<p><em><strong>For the latest information, it is recommended to review the ingredient list printed on the packaging of the product prior to usage or consumption.</strong></em></p></div> </div> </div>","Super Rich Repair: Apply to face and neck with light, upward strokes. Wait for cream to absorb before applying additional products. Use twice daily. Store at room temperature.
Dynamic Skin Retinol Serum: After cleansing, apply a thin layer over face. Keep out of eyes. Use nightly. If dryness or redness occurs, reduce frequency. Wear an SPF during the day.","<div aria-labelledby=""How-to-Use"" class=""content max-h-0 invisible translate-y-1/4 underline-hyperlink"" id=""product-description-1""> <div class=""attribute-content break-words""> <div class=""flex flex-col gap-2""><p><strong>Super Rich Repair:</strong> Apply to face and neck with light, upward strokes. Wait for cream to absorb before applying additional products. Use twice daily. Store at room temperature.</p>
<p><strong>Dynamic Skin Retinol Serum:</strong> After cleansing, apply a thin layer over face. Keep out of eyes. Use nightly. If dryness or redness occurs, reduce frequency. Wear an SPF during the day.</p></div> </div> </div>",,,,,"https://static.thcdn.com/productimg/original/15508780-2315175808008735.jpg, https://static.thcdn.com/productimg/original/15508780-5645175808042353.jpg, https://static.thcdn.com/productimg/original/15508780-5935175808074687.jpg, https://static.thcdn.com/productimg/original/15508780-9185175808122333.jpg, https://static.thcdn.com/productimg/original/15508780-4505175808159497.jpg",57eafd78-cb46-57fb-9ff1-564f8f47f41d,2024-02-11 11:15:34
https://www.dermstore.com/p/miriam-quevedo-sublime-gold-shampoo-250ml/14226753/,Miriam Quevedo Sublime Gold Shampoo 250ml,Miriam Quevedo,14226753,14226753,80.0,USD,InStock,NewCondition,5,1,Brands / miriam quevedo / Miriam Quevedo Sublime Gold Shampoo 250ml," Exquisite ultra-nourishing and restorative shampoo that has rejuvenating properties and adds an exceptional shine to hair. Sublime formula powered by Bioactive 24k Gold, Wild Olive Tree Stem Cells and Vitamin D Nectar, which deeply nourishes without making the hair heavy and and helps to regenerate the heart of the hair fiber and scalp. It acts as a shield against the effects of aging and to protect the color, as well as infusing your hair with renewed youth. 
  Key Benefits:  
 
  Helps reduce hair aging at the cellular level 
  Contributes to liberate hair and scalp of impurities and residues 
  Its active ingredients intensely nourish, repair and regenerate the heart of the hair fiber and the scalp 
  Its active ingredients strength the internal structure of the hair, repairing damage and broken links 
  Has highly protective properties against aggressors such as harsh salon treatments, pollution, UV rays or oxidative stress 
  Revitalizes the hair, infusing it with a renewed youth 
  Provides sublime shine and luminosity with more intense reflections thanks to 24 k micronized gold 
  Has moisturizing, anti irritant, and antioxidant properties 
  Enhances the softness, silkiness and shine of the hair 
  Vegan formula without SLES sulfates with multi benefit natural surfactants 
  Minimizes color loss through successive washes helps retain more than 96 of color after 10 washes 
  Mild, non aggressive with hair or scalp 
  Provides a polishing effect by preventing peeling of the cuticle 
  Respectfully sourced, sustainable and biodegradable 
 
  Key Ingredients:  
 Wild olive tree stem cells (proprietary), Vitamin D nectar, Vegan Shine Beautifier Complex (proprietary), Bioactive 24k gold, organic argan oil, vegal keratin, vegetal collagen, moringa peptide (proprietary), Multi-vitamin B complex, betaine amino acids, Five Trace Elements Protein Complex (proprietary), DNA Protein Repair Complex (proprietary) ","Aqua (Water), Sodium Lauroyl Methyl Isethionate, Cocamidopropyl Betaine, Glycerin, Peg-7 Glyceryl Cocoate, Betaine, Sclerotium Gum, Parfum (Fragrance), Peg-120 Methyl Glucose Trioleate, Thiamine Hcl, Arginine Hcl, Panthenol, Argania Spinosa Kernel Oil, Tocopherol, Olea Europaea (Olive) Leaf Extract, Faex (Yeast) Extract, Moringa Oleifera Seed Extract/Moringa Pterygosperma Seed Extract, Wheat Amino Acids, Fructooligosaccharides, Pyridoxine Hcl, Riboflavin, Collagen Amino Acids, Threonine, Saccharomyces/Magnesium Ferment, Serine, Glycoproteins, Saccharomyces Lysate, Bioflavonoids, Saccharomyces/Copper Ferment, Saccharomyces/Silicon Ferment, Niacinamide, Glutathione, Polyquaternium-10, Saccharomyces/Iron Ferment, Saccharomyces/Zinc Ferment, Mica, Sodium Cocoyl Apple Amino Acids, Phytic Acid, Ricinus Communis (Castor) Seed Oil, Tetrasodium Glutamate Diacetate, Glyceryl Ricinoleate, Soy Amino Acids, Sodium Hydroxide, Gold, Propylene Glycol, Maltodextrin, Xanthan Gum, Cyamopsis Tetragonoloba (Guar) Gum, Polyquaternium-7, Hexylene Glycol, Peg-40 Hydrogenated Castor Oil, Sorbitol, Cyclodextrin, Alcohol Denat., Camelina Sativa Seed Oil, Pentylene Glycol, Sodium Chloride, Propanediol, Caprylyl Glycol, Dehydroacetic Acid, Benzyl Alcohol, Potassium Sorbate, Hydroxyacetophenone, Ascorbic Acid, 1,2-Hexanediol, Citric Acid, Sodium Benzoate, Geraniol, Hexyl Cinnamal, Limonene, Citronellol, Linalool, Ci 77491 (Iron Oxides), Ci 77891 (Titanium Dioxide)
For the latest information, it is recommended to review the ingredient list printed on the packaging of the product prior to usage or consumption.","<div aria-labelledby=""Ingredients"" class=""content max-h-0 invisible translate-y-1/4 underline-hyperlink"" id=""product-description-2""> <div class=""attribute-content break-words""> <div class=""flex flex-col gap-2""><p>Aqua (Water), Sodium Lauroyl Methyl Isethionate, Cocamidopropyl Betaine, Glycerin, Peg-7 Glyceryl Cocoate, Betaine, Sclerotium Gum, Parfum (Fragrance), Peg-120 Methyl Glucose Trioleate, Thiamine Hcl, Arginine Hcl, Panthenol, Argania Spinosa Kernel Oil, Tocopherol, Olea Europaea (Olive) Leaf Extract, Faex (Yeast) Extract, Moringa Oleifera Seed Extract/Moringa Pterygosperma Seed Extract, Wheat Amino Acids, Fructooligosaccharides, Pyridoxine Hcl, Riboflavin, Collagen Amino Acids, Threonine, Saccharomyces/Magnesium Ferment, Serine, Glycoproteins, Saccharomyces Lysate, Bioflavonoids, Saccharomyces/Copper Ferment, Saccharomyces/Silicon Ferment, Niacinamide, Glutathione, Polyquaternium-10, Saccharomyces/Iron Ferment, Saccharomyces/Zinc Ferment, Mica, Sodium Cocoyl Apple Amino Acids, Phytic Acid, Ricinus Communis (Castor) Seed Oil, Tetrasodium Glutamate Diacetate, Glyceryl Ricinoleate, Soy Amino Acids, Sodium Hydroxide, Gold, Propylene Glycol, Maltodextrin, Xanthan Gum, Cyamopsis Tetragonoloba (Guar) Gum, Polyquaternium-7, Hexylene Glycol, Peg-40 Hydrogenated Castor Oil, Sorbitol, Cyclodextrin, Alcohol Denat., Camelina Sativa Seed Oil, Pentylene Glycol, Sodium Chloride, Propanediol, Caprylyl Glycol, Dehydroacetic Acid, Benzyl Alcohol, Potassium Sorbate, Hydroxyacetophenone, Ascorbic Acid, 1,2-Hexanediol, Citric Acid, Sodium Benzoate, Geraniol, Hexyl Cinnamal, Limonene, Citronellol, Linalool, Ci 77491 (Iron Oxides), Ci 77891 (Titanium Dioxide)</p>
<p><em><strong>For the latest information, it is recommended to review the ingredient list printed on the packaging of the product prior to usage or consumption.</strong></em></p></div> </div> </div>",Apply to wet hair and scalp. Massage in gently to create a lather. Leave on for 2 to 5 minutes. Rinse thoroughly.,"<div aria-labelledby=""How-to-Use"" class=""content max-h-0 invisible translate-y-1/4 underline-hyperlink"" id=""product-description-1""> <div class=""attribute-content break-words""> <div class=""flex flex-col gap-2""><p>Apply to wet hair and scalp. Massage in gently to create a lather. Leave on for 2 to 5 minutes. Rinse thoroughly.</p></div> </div> </div>",,,Sublime Gold,,"https://static.thcdn.com/productimg/original/14226753-9905022361060443.jpg, https://static.thcdn.com/productimg/original/14226753-4585022361113129.jpg",e8c90701-11d1-535c-a870-9a037e8f3fd9,2024-02-11 11:15:34
https://www.dermstore.com/p/christophe-robin-luscious-curl-cleansing-balm-with-kokum-butter-250ml/12696151/,Christophe Robin Luscious Curl Cleansing Balm with Kokum Butter 250ml,Christophe Robin,12696151,12696151,43.0,USD,InStock,NewCondition,,,Brands / Christophe Robin / Christophe Robin Luscious Curl Cleansing Balm with Kokum Butter 250ml," Wash the day away with Christophe Robin’s Luscious Curl Cleansing Balm. Formulated for curly to coily hair types, this 2-in-1 formula cleanses, detangles, and nourishes curly to coily hair while helping to define and soften for curls with bounce and shine.&nbsp; 
  Key Ingredients:&nbsp;&nbsp;  
 
  Kokum Butter: conditions dry hair and scalp&nbsp; 
  Creatine: strengthens hair to prevent breakage and damage&nbsp; 
  Chia Seed Oil: adds softness&nbsp; 
  Flaxseed Milk: helps define curls for touchable hold with bounce and shine&nbsp; 
 
  Key Benefits: &nbsp; 
 
  Cleanses, detangles and nourishes curly to coily hair&nbsp; 
  Non-lathering, balmy texture&nbsp; 
  Hydrates and defines curls&nbsp; 
  Creates a frizz-free, shiny finish&nbsp; 
 ","Aqua/Water/Eau, Cetearyl Alcohol, Cocamidopropyl Betaine, Hydroxypropyl Starch Phosphate, Glycerin, Behentrimonium Chloride, Helianthus Annuus (Sunflower) Seed Oil, C15-19 Alkane, Ceteareth-33, Jojoba Esters, Dipropylene Glycol, Caprylic/Capric Triglyceride, Sodium Chloride, Fragrance (Parfum), Helianthus Annuus (Sunflower) Seed Wax, Creatine, Sodium Benzoate, Garcinia Indica (Kokum) Seed Butter, Nigella Sativa Seed Oil, Salvia Hispanica (Chia) Seed Oil, Disodium Edta, Potassium Sorbate, Hexyl Cinnamal, Linalool, Polyglycerin-3, Limonene, Bixa Orellana Seed Extract, Benzyl Salicylate, Citronellol, Hydroxycitronellal, Citric Acid, Tocopherol, Polyglyceryl-3 Diisostearate, Sodium Hydroxide, Ascorbic Acid.
For the latest information, it is recommended to review the ingredient list printed on the packaging of the product prior to usage or consumption.","<div aria-labelledby=""Ingredients"" class=""content max-h-0 invisible translate-y-1/4 underline-hyperlink"" id=""product-description-2""> <div class=""attribute-content break-words""> <div class=""flex flex-col gap-2""><p>Aqua/Water/Eau, Cetearyl Alcohol, Cocamidopropyl Betaine, Hydroxypropyl Starch Phosphate, Glycerin, Behentrimonium Chloride, Helianthus Annuus (Sunflower) Seed Oil, C15-19 Alkane, Ceteareth-33, Jojoba Esters, Dipropylene Glycol, Caprylic/Capric Triglyceride, Sodium Chloride, Fragrance (Parfum), Helianthus Annuus (Sunflower) Seed Wax, Creatine, Sodium Benzoate, Garcinia Indica (Kokum) Seed Butter, Nigella Sativa Seed Oil, Salvia Hispanica (Chia) Seed Oil, Disodium Edta, Potassium Sorbate, Hexyl Cinnamal, Linalool, Polyglycerin-3, Limonene, Bixa Orellana Seed Extract, Benzyl Salicylate, Citronellol, Hydroxycitronellal, Citric Acid, Tocopherol, Polyglyceryl-3 Diisostearate, Sodium Hydroxide, Ascorbic Acid.</p>
<p><em><strong>For the latest information, it is recommended to review the ingredient list printed on the packaging of the product prior to usage or consumption.</strong></em></p></div> </div> </div>","Apply onto damp hair, working it from root to tip to cleanse and lather slightly. Then comb through the lengths to detangle before rinsing thoroughly. Follow with the Luscious Curl Defining Butter to define the curls. Avoid contact with eye area. If contact occurs, wash thoroughly with water.","<div aria-labelledby=""How-to-Use"" class=""content max-h-0 invisible translate-y-1/4 underline-hyperlink"" id=""product-description-1""> <div class=""attribute-content break-words""> <div class=""flex flex-col gap-2""><p>Apply onto damp hair, working it from root to tip to cleanse and lather slightly. Then comb through the lengths to detangle before rinsing thoroughly. Follow with the Luscious Curl Defining Butter to define the curls. Avoid contact with eye area. If contact occurs, wash thoroughly with water.</p></div> </div> </div>",,,Curl Defining,250ml,"https://static.thcdn.com/productimg/original/12696151-1834893266344989.jpg, https://static.thcdn.com/productimg/original/12696151-8764884719945352.jpg, https://static.thcdn.com/productimg/original/12696151-4004884720009684.jpg",73196766-d7c5-5fbc-bbee-a38735e15fe6,2024-02-11 11:15:34
https://www.dermstore.com/p/r-co-television-perfect-hair-shampoo-33.8-fl.-oz./12902323/,R+Co TELEVISION Perfect Hair Shampoo 33.8 oz,R+Co,12902323,12902323,114.0,USD,InStock,NewCondition,4.83,24,Brands / R+Co / R+Co TELEVISION Perfect Hair Shampoo 33.8 oz," Steal the show with TELEVISION Perfect Hair Shampoo from R+Co. Suitable for all hair types, this shampoo adds body and shine while strengthening and softening your tresses. 
  Key Ingredients:  
 
   Juniper Berry Extract:  helps maintain the optimal oil balance of the scalp and adds weightless moisture to the hair 
   Glycerin:  helps maintain the moisture balance of hair 
   Babassu Seed Oil:  an excellent moisturizer that deep conditions dry hair and scalp 
   Panthenol:  penetrates hair and provides hydration 
   Marigold Flower Extract:  hydrates dry scalp and helps remove dandruff flakes 
 
  Key Benefits:  
 
  Good for anyone who wants all the qualities of beautiful, healthy, camera-ready hair 
  Provides body and shine 
  Softens, smooths, and strengthens the hair 
  Infused with natural ingredients that promote an optimal scalp environment and helps hair retain moisture 
 ","Aqua/Water/Eau, Sodium Lauroyl Methyl Isethionate, Lauryl Glucoside, Disodium Cocoamphodipropionate, Sodium Cocoyl Isethionate, Sodium Lauroyl Sarcosinate, Acrylates Copolymer, Juniperus Communis Fruit Extract, Calendula Officinalis Flower Extract, Orbignya Oleifera Seed Oil, Dimethiconol Panthenol, C11-15 Pareth-7, Laureth-9, Trideceth-12, Panthenol, Glycol Distearate, Laureth-4, Cocamidopropyl Betaine, Glycerin, Amodimethicone, Polyquaternium-6, Polyquaternium-53, Cocamide MIPA, Butyl Methoxydibenzoylmethane, Ethylhexyl Methoxycinnamate, Ethylhexyl Salicylate, Caprylyl Glycol, Ethylhexylglycerin, BHT, Disodium EDTA, Citric Acid, Trisodium Ethylenediamine Disuccinate, Phenoxyethanol, Sodium Benzoate, Formic Acid, Parfum/Fragrance, Limonene
For the latest information, it is recommended to review the ingredient list printed on the packaging of the product prior to usage or consumption.","<div aria-labelledby=""Ingredients"" class=""content max-h-0 invisible translate-y-1/4 underline-hyperlink"" id=""product-description-3""> <div class=""attribute-content break-words""> <div class=""flex flex-col gap-2""><p>Aqua/Water/Eau, Sodium Lauroyl Methyl Isethionate, Lauryl Glucoside, Disodium Cocoamphodipropionate, Sodium Cocoyl Isethionate, Sodium Lauroyl Sarcosinate, Acrylates Copolymer, Juniperus Communis Fruit Extract, Calendula Officinalis Flower Extract, Orbignya Oleifera Seed Oil, Dimethiconol Panthenol, C11-15 Pareth-7, Laureth-9, Trideceth-12, Panthenol, Glycol Distearate, Laureth-4, Cocamidopropyl Betaine, Glycerin, Amodimethicone, Polyquaternium-6, Polyquaternium-53, Cocamide MIPA, Butyl Methoxydibenzoylmethane, Ethylhexyl Methoxycinnamate, Ethylhexyl Salicylate, Caprylyl Glycol, Ethylhexylglycerin, BHT, Disodium EDTA, Citric Acid, Trisodium Ethylenediamine Disuccinate, Phenoxyethanol, Sodium Benzoate, Formic Acid, Parfum/Fragrance, Limonene</p>
<p><em><strong>For the latest information, it is recommended to review the ingredient list printed on the packaging of the product prior to usage or consumption.</strong></em></p></div> </div> </div>",Use after R+Co TELEVISION Perfect Hair Shampoo. Spread a quarter-sized amount through clean hair. Rinse.,"<div aria-labelledby=""How-to-Use"" class=""content max-h-0 invisible translate-y-1/4 underline-hyperlink"" id=""product-description-1""> <div class=""attribute-content break-words""> <div class=""flex flex-col gap-2""><p>Use after R+Co TELEVISION Perfect Hair Shampoo. Spread a quarter-sized amount through clean hair. Rinse.</p></div> </div> </div>","Application Area: HairIdeal for these Concerns: Damaged Hair, Frizzy HairHair Care: ShampooHair Type: Coarse Hair, Color-Treated Hair, Curly Hair, Dry or Damaged Hair, Fine Hair, Normal Hair, Oily HairIngredient: Essential Oils, Herbal Extracts, PanthenolMen: Men's EssentialsMen's Essentials: Men's Hair ProductsPreferences: Certified Cruelty-Free, Certified OrganicShampoo: Repair Shampoo","<div aria-labelledby=""Skin-Type-&amp;-Concerns"" class=""content max-h-0 invisible translate-y-1/4 underline-hyperlink"" id=""product-description-2""> <div class=""attribute-content break-words""> <div class=""flex flex-col gap-2""><p><strong>Application Area:</strong> <a href=""/application-area/hair.list"">Hair</a><br/><strong>Ideal for these Concerns:</strong> <a href=""/treatment/damaged-hair.list"">Damaged Hair</a>, <a href=""/hair-care/frizzy-hair.list"">Frizzy Hair</a><br/><strong>Hair Care:</strong> <a href=""/hair-care/shampoo.list"">Shampoo</a><br/><strong>Hair Type:</strong> <a href=""/hair-care/coarse-hair-treatments.list"">Coarse Hair</a>, <a href=""/hair-care/color-treated-hair.list"">Color-Treated Hair</a>, <a href=""/hair-care/curly-hair.list"">Curly Hair</a>, <a href=""/hair-care/dry-or-damaged-hair.list"">Dry or Damaged Hair</a>, <a href=""/hair-care/fine-hair.list"">Fine Hair</a>, <a href=""/hair-care/normal-hair.list"">Normal Hair</a>, <a href=""/hair-care/oily-hair.list"">Oily Hair</a><br/><strong>Ingredient:</strong> <a href=""/bath-body/body-care/essential-oils.list"">Essential Oils</a>, <a href=""/ingredient/herbal-extracts.list"">Herbal Extracts</a>, <a href=""/ingredient/panthenol.list"">Panthenol</a><br/><strong>Men:</strong> <a href=""/men.list"">Men's Essentials</a><br/><strong>Men's Essentials:</strong> <a href=""/men/hair-products.list"">Men's Hair Products</a><br/><strong>Preferences:</strong> <a href=""/cruelty-free.list"">Certified Cruelty-Free</a>, <a href=""/organic-beauty/certified-organic.list"">Certified Organic</a><br/><strong>Shampoo:</strong> <a href=""/hair-care/shampoo/repair-shampoo.list"">Repair Shampoo</a></p></div> </div> </div>",,,https://static.thcdn.com/productimg/original/12902323-1464866430426575.jpg,3ea825c4-0bdc-5fc7-b9ac-7c7d64751992,2024-02-11 11:15:36
https://www.dermstore.com/p/colorescience-total-lash-mascara-8ml/15512135/,Colorescience Total Lash Mascara 8ml,Colorescience,15512135,15512135,59.0,USD,OutOfStock,NewCondition,,,Brands / Colorescience / Colorescience Total Lash Mascara 8ml," Total Lash™ Mascara immediately enhances the appearance of length and volume for a vibrant, eye-opening effect. With every application, this clinically proven formula works to improve lash health with a blend of peptides and botanicals that nourishes and helps support the natural lash cycle for healthier, stronger, fuller, and longer-looking lashes. 
  Features &amp; Benefits  
 
  +Grow. Supports lash growth cycle to improve length, density, and overall health with continued use 
  +Fortify. Strengthens with botanicals that condition and nourish to prevent brittleness &amp; breakage 
  +Enhance. Immediately enhances appearance of lift, length, and volume with rich black tubing of every lash, while separating for a fanned-out lash 
  Conical brush tip allows for easy application to coat every lash from root to tip, including short inner and outer lashes 
  Tubing mascara is easily and completely removed without aggressive scrubbing when using Colorescience Barrier Pro™ 1-Step Cleanser, or your favorite cleanser. Watch tubes effortlessly slide off the lashes. 
  Non-irritating, all-in-one serum, conditioner, and mascara. Free of prostaglandin analogues, Fragrance-free. Dye-free. Contains beeswax. 
  Clinically proven results. Dermatologist Tested. Ophthalmologist tested. 
 
  Safe for: use around the eye area, sensitive eyes, and contact lens wearers.  
  Why Total Lash™ Mascara  
 
  The all-in-one Serum+ Conditioner + Mascara that is clinically proven to increase lash length, while nourishing, strengthening, and reducing breakage, and offering a buildable high impact look 
  Fans of our multifunctional treatment-makeup-sunscreen hybrids like Face Shields SPF 50 and Total Eye® 3-in-1 Renewal Therapy SPF 35 can complete every look with a high-impact, good-for-you tubing mascara while also providing long-term improvement for their healthiest, rejuvenated lashes 
  A gentle and effective option that is ideal for sensitive eyes, those looking to restore and repair lashes, especially after discontinuing lash extensions, false lashes, or other lash procedures 
  Mascara that further enhances results for users who wish to continue using serums 
 
  Key Ingredients:  
 
  Peptides: Myristoyl Pentapeptide-17 stimulates proliferation of hair follicle cells promoting longer, thicker, and more flexible lashes 
  Panthenol: Strengthening pro-vitamin B5 improves moisture retention and elasticity while thickening the hair 
  Jojoba Seed Oil: Nourishing, nutrient dense emollient hydrator protects hair shaft 
  Burdock Root Extract: Anti-inflammatory antioxidant that reduces dryness and improves resilience 
  Acorus Calamus Root Extract: Botanical extract that is both anti-inflammatory and an antioxidant, and is nutrient rich for optimal root health 
  Glycerin: Conditions skin and hair to promote healthy hair growth 
  Iron Oxides: Mineral pigments that provide immediate long-wear, rich black color. Dye-free color is ideal for sensitive eyes. 
  Copolymer: Extends wear by enhancing adherence and wearability 
 ","Water, Acrylates Copolymer, Copernicia Cerifera (Carnauba) Wax, Iron Oxides (CI 77499), Glycerin, Beeswax, Sorbitan Sesquioleate, Cetearyl Alcohol, VP/Hexadecene Copolymer, Palmitic Acid, Simmondsia Chinensis (Jojoba) Seed Oil, PVP, Myristic Acid, Sodium Hydroxide, Octyldodecanol, Stearic Acid, Phenoxyethanol, Ethylhexylglycerin, Hydroxyethylcellulose, Arctium Lappa Root Extract, Acorus Calamus Root Extract, Myristoyl Pentapeptide-17, 1,2 Hexanediol, Benzoic Acid, Sodium Benzoate, Polysorbate 60, Panthenol, Propanediol, Laureth-21, Sodium Dehydroacetate, Caprylhydroxamic Acid, Potassium Sorbate, Caprylyl Glycol, Arginine.
For the latest information, it is recommended to review the ingredient list printed on the packaging of the product prior to usage or consumption.","<div aria-labelledby=""Ingredients"" class=""content max-h-0 invisible translate-y-1/4 underline-hyperlink"" id=""product-description-2""> <div class=""attribute-content break-words""> <div class=""flex flex-col gap-2""><p>Water, Acrylates Copolymer, Copernicia Cerifera (Carnauba) Wax, Iron Oxides (CI 77499), Glycerin, Beeswax, Sorbitan Sesquioleate, Cetearyl Alcohol, VP/Hexadecene Copolymer, Palmitic Acid, Simmondsia Chinensis (Jojoba) Seed Oil, PVP, Myristic Acid, Sodium Hydroxide, Octyldodecanol, Stearic Acid, Phenoxyethanol, Ethylhexylglycerin, Hydroxyethylcellulose, Arctium Lappa Root Extract, Acorus Calamus Root Extract, Myristoyl Pentapeptide-17, 1,2 Hexanediol, Benzoic Acid, Sodium Benzoate, Polysorbate 60, Panthenol, Propanediol, Laureth-21, Sodium Dehydroacetate, Caprylhydroxamic Acid, Potassium Sorbate, Caprylyl Glycol, Arginine.</p>
<p><em><strong>For the latest information, it is recommended to review the ingredient list printed on the packaging of the product prior to usage or consumption.</strong></em></p></div> </div> </div>","AM Daily

On clean, bare lashes, start by placing brush at the root of the lash and gently wiggle the brush side-to-side while swiping upwards toward the tips of lashes. Repeat throughout all lashes, including bottom lashes.
Be sure to get the inner and outer corner lashes. It may be helpful to use the tip of the brush to reach these lashes.
Wait several seconds after each coat before applying the next coat while lashes are still wet.","<div aria-labelledby=""How-to-Use"" class=""content max-h-0 invisible translate-y-1/4 underline-hyperlink"" id=""product-description-1""> <div class=""attribute-content break-words""> <div class=""flex flex-col gap-2""><p>AM Daily</p>
<ul>
<li>On clean, bare lashes, start by placing brush at the root of the lash and gently wiggle the brush side-to-side while swiping upwards toward the tips of lashes. Repeat throughout all lashes, including bottom lashes.</li>
<li>Be sure to get the inner and outer corner lashes. It may be helpful to use the tip of the brush to reach these lashes.</li>
<li>Wait several seconds after each coat before applying the next coat while lashes are still wet.</li>
</ul></div> </div> </div>",,,,,"https://static.thcdn.com/productimg/original/15512135-1275171255863311.jpg, https://static.thcdn.com/productimg/original/15512135-1465171255955579.jpg, https://static.thcdn.com/productimg/original/15512135-6025171256050346.jpg, https://static.thcdn.com/productimg/original/15512135-1525171256185874.jpg, https://static.thcdn.com/productimg/original/15512135-1635171256284796.jpg, https://static.thcdn.com/productimg/original/15512135-5915171255570232.jpg, https://static.thcdn.com/productimg/original/15512135-1015171255765697.jpg",7cfe4860-cae9-5944-bc45-f3f95b6346ff,2024-02-11 11:15:38
https://www.dermstore.com/p/doctor-rogers-night-repair-treatment-30ml/14897389/,Doctor Rogers Night Repair Treatment 1 fl. oz,Doctor Rogers,14897389,14897389,98.0,USD,InStock,NewCondition,,,Brands / Doctor Rogers / Doctor Rogers Night Repair Treatment 1 fl. oz," Stimulate skin renewal with our Night Repair Treatment. The proprietary formulation of acids, antioxidants, and bakuchiol reverses sun damage and builds collagen to fight fine lines and wrinkles.&nbsp;Well tolerated, even by sensitive skin. ","Aqua/Water/Eau, Squalane, Glycolic Acid, Shea Butter, Sodium Hydroxide, Gluconolactone, Cetearyl Olivate, Sorbitan Olivate, Cetearyl Alcohol, Leuconostoc/Radish Root Ferment Filtrate, Lactobacillus, Cocos Nucifera (Coconut) Fruit Extract, Glycerin, Arachidyl Alcohol, Behenyl Alcohol, Arachidyl Glucoside, Bakuchiol, 3-O-Ethyl Ascorbic Acid, Salicylic Acid, Allantoin, Jojoba Esters, Vanilla Planifolia Fruit Extract, Tocopheryl Acetate, Xanthan Gum
For the latest information, it is recommended to review the ingredient list printed on the packaging of the product prior to usage or consumption.","<div aria-labelledby=""Ingredients"" class=""content max-h-0 invisible translate-y-1/4 underline-hyperlink"" id=""product-description-2""> <div class=""attribute-content break-words""> <div class=""flex flex-col gap-2""><p>Aqua/Water/Eau, Squalane, Glycolic Acid, Shea Butter, Sodium Hydroxide, Gluconolactone, Cetearyl Olivate, Sorbitan Olivate, Cetearyl Alcohol, Leuconostoc/Radish Root Ferment Filtrate, Lactobacillus, Cocos Nucifera (Coconut) Fruit Extract, Glycerin, Arachidyl Alcohol, Behenyl Alcohol, Arachidyl Glucoside, Bakuchiol, 3-O-Ethyl Ascorbic Acid, Salicylic Acid, Allantoin, Jojoba Esters, Vanilla Planifolia Fruit Extract, Tocopheryl Acetate, Xanthan Gum</p>
<p><em><strong>For the latest information, it is recommended to review the ingredient list printed on the packaging of the product prior to usage or consumption.</strong></em></p></div> </div> </div>","At night, apply to bare face, neck, chest and back of hands. Follow with moisturizer.","<div aria-labelledby=""How-to-Use"" class=""content max-h-0 invisible translate-y-1/4 underline-hyperlink"" id=""product-description-1""> <div class=""attribute-content break-words""> <div class=""flex flex-col gap-2""><p>At night, apply to bare face, neck, chest and back of hands. Follow with moisturizer.</p></div> </div> </div>",,,,,"https://static.thcdn.com/productimg/original/14897389-1905075282407875.jpg, https://static.thcdn.com/productimg/original/14897389-2035075282449458.jpg, https://static.thcdn.com/productimg/original/14897389-6095075282490855.jpg, https://static.thcdn.com/productimg/original/14897389-2115075282534010.jpg",33bff7ca-994e-50e5-8952-acc263f6a999,2024-02-11 11:15:39
https://www.dermstore.com/p/r-co-bright-shadows-root-touch-up-spray-1.5-oz./12905883/,R+Co BRIGHT SHADOWS Root Touch-Up Spray 1.5 oz,R+Co,12905883,12905883,19.0,USD,InStock,NewCondition,3.92,25,Brands / R+Co / R+Co BRIGHT SHADOWS Root Touch-Up Spray 1.5 oz," When grays or natural color start peeking through, touch it up with BRIGHT SHADOWS Root Touch-Up Spray from R+Co. This touch-up spray is designed to temporarily cover roots or unsightly gray hair until your next shampoo session and between salon visits. Pearl extract and biotin enhance a stronger and healthier head of hair. 
  Key Ingredients:  
 
   Pearl Extract:  rich in minerals and amino acids, it helps to regenerate and moisturize hair and provides hair with shine 
   Biotin:  helps to thicken hair and stimulates hair growth and overall hair health 
   Treated Pigment:  provides multidimensional, temporary coverage and disguises gray roots 
 
  Key Benefits:  
 
  Covers grays and re-growth until next hair appointment 
  Actuator ensures easy, mess-free application 
  Enhances healthier-looking hair 
  Paraben and sulfate-free; vegan 
 ","Butane, Hydrofluorocarbon 152a, Alcohol Denat., Ppg-3 Benzyl Ether Myristate, Propylene Glycol Dibenzoate, Mica, Aluminum Starch Octenylsuccinate, Vp/Vinyl Caprolactam/Dmapa Acrylates Copolymer, Triethoxycaprylylsilane, Vinyl Caprolactam/Vp/Dimethylaminoethyl Methacrylate Copolymer, Disteardimonium Hectorite, Tapioca Starch, Aqua/Water/Eau, Glycerin, Polymethylsilsesquioxane, Biotin, Hydrolyzed Pearl, Maris Sal/Sea Salt/Sel Marin, Parfum/Fragrance, Limonene. May Contain/Peut Contenir (±): Ci 77491, Ci 77492, Ci 77499 (Iron Oxides), Ci 77163 (Bismuth Oxychloride) R+Co. Bright Shadows Gray Root Cover Up Spray - Dark Brown, Dark Blonde, Light Blonde (F6244a - P43-224, F6248a - P43-231, F6251 - P43-230): Butane, Hydrofluorocarbon 152a, Alcohol Denat., Synthetic Fluorphlogopite, Ppg-3 Benzyl Ether Myristate, Propylene Glycol Dibenzoate, Mica, Aluminum Starch Octenylsuccinate, Vp/Vinyl Caprolactam/Dmapa Acrylates Copolymer, Triethoxycaprylylsilane, Vinyl Caprolactam/Vp/Dimethylaminoethyl Methacrylate Copolymer, Disteardimonium Hectorite, Tapioca Starch, Aqua/Water/Eau, Glycerin, Polymethylsilsesquioxane, Biotin, Hydrolyzed Pearl, Maris Sal/Sea Salt/Sel Marin, Parfum/Fragrance, Limonene. May Contain/Peut Contenir (±): Ci 77491, Ci 77492, Ci 77499 (Iron Oxides).
For the latest information, it is recommended to review the ingredient list printed on the packaging of the product prior to usage or consumption.","<div aria-labelledby=""Ingredients"" class=""content max-h-0 invisible translate-y-1/4 underline-hyperlink"" id=""product-description-3""> <div class=""attribute-content break-words""> <div class=""flex flex-col gap-2""><p>Butane, Hydrofluorocarbon 152a, Alcohol Denat., Ppg-3 Benzyl Ether Myristate, Propylene Glycol Dibenzoate, Mica, Aluminum Starch Octenylsuccinate, Vp/Vinyl Caprolactam/Dmapa Acrylates Copolymer, Triethoxycaprylylsilane, Vinyl Caprolactam/Vp/Dimethylaminoethyl Methacrylate Copolymer, Disteardimonium Hectorite, Tapioca Starch, Aqua/Water/Eau, Glycerin, Polymethylsilsesquioxane, Biotin, Hydrolyzed Pearl, Maris Sal/Sea Salt/Sel Marin, Parfum/Fragrance, Limonene. May Contain/Peut Contenir (±): Ci 77491, Ci 77492, Ci 77499 (Iron Oxides), Ci 77163 (Bismuth Oxychloride) R+Co. Bright Shadows Gray Root Cover Up Spray - Dark Brown, Dark Blonde, Light Blonde (F6244a - P43-224, F6248a - P43-231, F6251 - P43-230): Butane, Hydrofluorocarbon 152a, Alcohol Denat., Synthetic Fluorphlogopite, Ppg-3 Benzyl Ether Myristate, Propylene Glycol Dibenzoate, Mica, Aluminum Starch Octenylsuccinate, Vp/Vinyl Caprolactam/Dmapa Acrylates Copolymer, Triethoxycaprylylsilane, Vinyl Caprolactam/Vp/Dimethylaminoethyl Methacrylate Copolymer, Disteardimonium Hectorite, Tapioca Starch, Aqua/Water/Eau, Glycerin, Polymethylsilsesquioxane, Biotin, Hydrolyzed Pearl, Maris Sal/Sea Salt/Sel Marin, Parfum/Fragrance, Limonene. May Contain/Peut Contenir (±): Ci 77491, Ci 77492, Ci 77499 (Iron Oxides).</p>
<p><em><strong>For the latest information, it is recommended to review the ingredient list printed on the packaging of the product prior to usage or consumption.</strong></em></p></div> </div> </div>","On dry hair, aim at roots and spray with a sweeping motion until desired coverage is achieved. Let dry for 30 seconds and style.","<div aria-labelledby=""How-to-Use"" class=""content max-h-0 invisible translate-y-1/4 underline-hyperlink"" id=""product-description-1""> <div class=""attribute-content break-words""> <div class=""flex flex-col gap-2""><p>On dry hair, aim at roots and spray with a sweeping motion until desired coverage is achieved. Let dry for 30 seconds and style.</p></div> </div> </div>","Application Area: HairColor Family: RedIdeal for these Concerns: Damaged HairHair Care: Hair ColorIngredient: Biotin, Essential Oils, Herbal ExtractsPreferences: Certified Cruelty-Free, Clean, Sulfate-Free, Vegan","<div aria-labelledby=""Skin-Type-&amp;-Concerns"" class=""content max-h-0 invisible translate-y-1/4 underline-hyperlink"" id=""product-description-2""> <div class=""attribute-content break-words""> <div class=""flex flex-col gap-2""><p><strong>Application Area:</strong> <a href=""/application-area/hair.list"">Hair</a><br/><strong>Color Family:</strong> <a href=""/makeup/red.list"">Red</a><br/><strong>Ideal for these Concerns:</strong> <a href=""/treatment/damaged-hair.list"">Damaged Hair</a><br/><strong>Hair Care:</strong> <a href=""/hair-care/hair-color.list"">Hair Color</a><br/><strong>Ingredient:</strong> <a href=""/ingredient/biotin.list"">Biotin</a>, <a href=""/bath-body/body-care/essential-oils.list"">Essential Oils</a>, <a href=""/ingredient/herbal-extracts.list"">Herbal Extracts</a><br/><strong>Preferences:</strong> <a href=""/cruelty-free.list"">Certified Cruelty-Free</a>, <a href=""/organic-beauty/clean.list"">Clean</a>, <a href=""/preferences/sulfate-free.list"">Sulfate-Free</a>, <a href=""/vegan.list"">Vegan</a></p></div> </div> </div>",,,https://static.thcdn.com/productimg/original/12905883-1044895682164790.jpg,425da856-c6b9-5c9c-88d3-377ec8b5dc63,2024-02-11 11:15:41
https://www.dermstore.com/p/moroccanoil-volumising-mousse-250ml/10925276/,Moroccanoil Volumizing Mousse 8.5 oz,Moroccanoil,10925276,10925276,32.0,USD,InStock,NewCondition,,,Brands / Moroccanoil / Moroccanoil Volumizing Mousse 8.5 oz," Moroccanoil Volumizing Mousse is a lightweight styling mousse that builds all-over body and flexible hold without stickiness. The formula is infused with antioxidant-rich argan oil and an anti-static agent for touchable, frizz-free results. 
 Fragranced with the Moroccanoil signature scent, a blend of spicy amber and sweet floral notes. 
  Key Benefits:  
 
  Builds body, lift, and movement 
  Flexible hold 
  Weightless 
  No sticky residue 
 
  Key Ingredients:  
 Argan Oil: Extremely rich in tocopherols (Vitamin E), essential fatty acids and antioxidants, this natural oil helps to nourish. 
 Polyquaternium-4: Weightless, flexible polymer that provides instant volume, maximum lift and a 'memory' factor, for hair that holds its shape and styles that last longer. 
 Soytrimonium Chloride: Hair-conditioning and anti-static agent that adds slip and silkiness. ","Aqua/Water/Eau, Isobutane, Hydrofluorocarbon 152A, Polyquaternium-4, Polysorbate 20, Propane, Soytrimonium Chloride, Propylene Glycol, Argania Spinosa (Argan) Kernel Oil, Parfum/Fragrance, Phenoxyethanol, Potassium Sorbate. MOVMUS01
For the latest information, it is recommended to review the ingredient list printed on the packaging of the product prior to usage or consumption.","<div aria-labelledby=""Ingredients"" class=""content max-h-0 invisible translate-y-1/4 underline-hyperlink"" id=""product-description-2""> <div class=""attribute-content break-words""> <div class=""flex flex-col gap-2""><p>Aqua/Water/Eau, Isobutane, Hydrofluorocarbon 152A, Polyquaternium-4, Polysorbate 20, Propane, Soytrimonium Chloride, Propylene Glycol, Argania Spinosa (Argan) Kernel Oil, Parfum/Fragrance, Phenoxyethanol, Potassium Sorbate. MOVMUS01</p>
<p><em><strong>For the latest information, it is recommended to review the ingredient list printed on the packaging of the product prior to usage or consumption.</strong></em></p></div> </div> </div>","Shake can well. Invert can and apply a palm-sized amount of mousse on towel-dried hair, combing fingers through to distribute product evenly. Blow-dry with a round brush, starting at the root.","<div aria-labelledby=""How-to-Use"" class=""content max-h-0 invisible translate-y-1/4 underline-hyperlink"" id=""product-description-1""> <div class=""attribute-content break-words""> <div class=""flex flex-col gap-2""><p>Shake can well. Invert can and apply a palm-sized amount of mousse on towel-dried hair, combing fingers through to distribute product evenly. Blow-dry with a round brush, starting at the root.</p></div> </div> </div>",,,,250ml,"https://static.thcdn.com/productimg/original/10925276-1825045959586688.jpg, https://static.thcdn.com/productimg/original/10925276-1905045959625664.jpg, https://static.thcdn.com/productimg/original/10925276-1855044391351004.jpg",bef660c6-61b6-56c9-9887-ba74a7d74f12,2024-02-11 11:15:50
https://www.dermstore.com/p/coola-clear-skin-oil-free-moisturiser-spf-30-32ml/15418357/,COOLA Clear Skin Oil-Free Moisturiser SPF 30 32ml,COOLA,15418357,15418357,48.0,USD,InStock,NewCondition,,,Brands / COOLA / COOLA Clear Skin Oil-Free Moisturiser SPF 30 32ml," A silky sheer, oil-free moisturizer with SPF 30 specially formulated for sensitive and acne-prone skin. Provides calming, breakout-free protection. 
  Key Ingredients:  
 
  Non-Nano Zinc Oxide provides broad spectrum UVA/UVB protection.​ 
  2% Niacinamide and Centella Asiatica help support a clear, balanced complexion.​ 
  BlueScreen™ Digital De-Stress™ technology to help mitigate the effects of blue light and other environmental stressors​ 
 ","Zinc Oxide 14.7%
Aloe Barbadensis Leaf Juice (Organic), Caprylic/Capric Triglyceride (Organic), Glycerin (Organic), Glyceryl Stearate Citrate, Niacinamide, Butylene Glycol, Butyloctyl Salicylate, Ethylhexyl Methoxycrylene, Hydroxyethyl Acrylate/Sodium Acryloyldimethyl Taurate Copolymer, Water, Jasminum Sambac (Jasmine) Leaf Cell Extract, Theobroma Cacao (Cocoa) Seed Extract, Centella Asiatica Leaf Extract, Tropolone, Schinus Molle Extract, Isostearic Acid, Citric Acid (Organic), Polyhydroxystearic Acid, Propanediol, Capryloyl Glycerin/Sebacic Acid Copolymer, Isoamyl Laurate, 1,2-Hexanediol, Caprylyl Glycol, Tocopheryl Acetate, Sodium Phytate
For the latest information, it is recommended to review the ingredient list printed on the packaging of the product prior to usage or consumption.","<div aria-labelledby=""Ingredients"" class=""content max-h-0 invisible translate-y-1/4 underline-hyperlink"" id=""product-description-2""> <div class=""attribute-content break-words""> <div class=""flex flex-col gap-2""><p>Zinc Oxide 14.7%</p>
<p>Aloe Barbadensis Leaf Juice (Organic), Caprylic/Capric Triglyceride (Organic), Glycerin (Organic), Glyceryl Stearate Citrate, Niacinamide, Butylene Glycol, Butyloctyl Salicylate, Ethylhexyl Methoxycrylene, Hydroxyethyl Acrylate/Sodium Acryloyldimethyl Taurate Copolymer, Water, Jasminum Sambac (Jasmine) Leaf Cell Extract, Theobroma Cacao (Cocoa) Seed Extract, Centella Asiatica Leaf Extract, Tropolone, Schinus Molle Extract, Isostearic Acid, Citric Acid (Organic), Polyhydroxystearic Acid, Propanediol, Capryloyl Glycerin/Sebacic Acid Copolymer, Isoamyl Laurate, 1,2-Hexanediol, Caprylyl Glycol, Tocopheryl Acetate, Sodium Phytate</p>
<p><em><strong>For the latest information, it is recommended to review the ingredient list printed on the packaging of the product prior to usage or consumption.</strong></em></p></div> </div> </div>",Apply daily to cleansed skin 15 minutes before sun exposure. Dispense into palm of hand and apply evenly across face and neck using upward strokes. Reapply as necessary.,"<div aria-labelledby=""How-to-Use"" class=""content max-h-0 invisible translate-y-1/4 underline-hyperlink"" id=""product-description-1""> <div class=""attribute-content break-words""> <div class=""flex flex-col gap-2""><p>Apply daily to cleansed skin 15 minutes before sun exposure. Dispense into palm of hand and apply evenly across face and neck using upward strokes. Reapply as necessary.</p></div> </div> </div>",,,,,"https://static.thcdn.com/productimg/original/15418357-6055160532099212.jpg, https://static.thcdn.com/productimg/original/15418357-1355160532137186.jpg, https://static.thcdn.com/productimg/original/15418357-1735160532178838.jpg, https://static.thcdn.com/productimg/original/15418357-8945160532234929.jpg, https://static.thcdn.com/productimg/original/15418357-5235160532287789.jpg, https://static.thcdn.com/productimg/original/15418357-1815160532330575.jpg, https://static.thcdn.com/productimg/original/15418357-1535160532376223.jpg, https://static.thcdn.com/productimg/original/15418357-1685160532419147.jpg, https://static.thcdn.com/productimg/original/15418357-1725160532456185.jpg, https://static.thcdn.com/productimg/original/15418357-7435160532493670.jpg",6fa6629b-bb50-52d8-be16-2284cd3e907b,2024-02-11 11:15:51
https://www.dermstore.com/p/supergoop-daily-dose-bioretinol-and-mineral-spf-40-30ml/14216239/,Supergoop! Daily Dose Bioretinol and Mineral SPF 40 1 fl. oz,Supergoop!,14216239,14216239,48.0,USD,InStock,NewCondition,4.5,2,Brands / Supergoop!® / Supergoop! Daily Dose Bioretinol and Mineral SPF 40 1 fl. oz," Daily Dose Bioretinol + Mineral SPF 40 combines bakuchiol with a collagen-boosting peptide in a gentle yet powerful 100% mineral sunscreen fluid for bouncy skin that looks smooth and even. Broad spectrum UV + environmental protectors defend skin from photodamage now, keeping it healthy and soft later. ","Aqua/Water/Eau, Dicaprylyl Ether, Caprylic/Capric Triglyceride, Butyloctyl Salicylate, Polyglyceryl-4 Diisostearate/Polyhydroxystearate/Sebacate, Silica, Olive Oil Polyglyceryl-6 Esters, Isohexadecane, Glycerin, Sorbitan Oleate, VP/Hexadecene Copolymer, Polyhydroxystearic acid, Polyglyceryl-6 Pentaoleate, Propanediol, Bakuchiol, Ethylhexylglycerin, Isododecane, Sodium Chloride, Tocopherol, Disteardimonium Hectorite, Camellia Sinensis Leaf Extract, Propylene Carbonate, Quercus Robur Bark Extract, Quercus Robur Wood Extract, Vitis Vinifera (Grape) Seed Extract, Carnosine, Trisodium Ethylenediamine Disuccinate
For the latest information, it is recommended to review the ingredient list printed on the packaging of the product prior to usage or consumption.","<div aria-labelledby=""Ingredients"" class=""content max-h-0 invisible translate-y-1/4 underline-hyperlink"" id=""product-description-2""> <div class=""attribute-content break-words""> <div class=""flex flex-col gap-2""><p>Aqua/Water/Eau, Dicaprylyl Ether, Caprylic/Capric Triglyceride, Butyloctyl Salicylate, Polyglyceryl-4 Diisostearate/Polyhydroxystearate/Sebacate, Silica, Olive Oil Polyglyceryl-6 Esters, Isohexadecane, Glycerin, Sorbitan Oleate, VP/Hexadecene Copolymer, Polyhydroxystearic acid, Polyglyceryl-6 Pentaoleate, Propanediol, Bakuchiol, Ethylhexylglycerin, Isododecane, Sodium Chloride, Tocopherol, Disteardimonium Hectorite, Camellia Sinensis Leaf Extract, Propylene Carbonate, Quercus Robur Bark Extract, Quercus Robur Wood Extract, Vitis Vinifera (Grape) Seed Extract, Carnosine, Trisodium Ethylenediamine Disuccinate</p>
<p><em><strong>For the latest information, it is recommended to review the ingredient list printed on the packaging of the product prior to usage or consumption.</strong></em></p></div> </div> </div>","Apply 6-8 drops and gently pat into skin as the last step in your skincare routine, after moisturizer.

For best results, use with other mineral SPF products.","<div aria-labelledby=""How-to-Use"" class=""content max-h-0 invisible translate-y-1/4 underline-hyperlink"" id=""product-description-1""> <div class=""attribute-content break-words""> <div class=""flex flex-col gap-2""><ol>
<li>Apply 6-8 drops and gently pat into skin as the last step in your skincare routine, after moisturizer.</li>
</ol>
<p><em>For best results, use with other mineral SPF products.</em></p></div> </div> </div>",,,,15ml,"https://static.thcdn.com/productimg/original/14216239-2045021929997235.jpg, https://static.thcdn.com/productimg/original/14216239-5175021930069817.jpg, https://static.thcdn.com/productimg/original/14216239-1585021930136654.jpg, https://static.thcdn.com/productimg/original/14216239-2245021930820681.jpg, https://static.thcdn.com/productimg/original/14216239-1195021930842692.jpg, https://static.thcdn.com/productimg/original/14216239-1695021930896428.jpg, https://static.thcdn.com/productimg/original/14216239-1225021930916165.jpg, https://static.thcdn.com/productimg/original/14216239-1355021930976828.jpg, https://static.thcdn.com/productimg/original/14216239-1645021931027240.jpg, https://static.thcdn.com/productimg/original/14216239-1995021931091272.jpg, https://static.thcdn.com/productimg/original/14216239-1555021931160503.jpg, https://static.thcdn.com/productimg/original/14216239-1065021931230148.jpg",b47e5833-1613-5f03-8dd6-3bd15a738236,2024-02-11 11:15:51
https://www.dermstore.com/p/vi-derm-dark-spot-lifting-serum-with-5-tranexamic-acid-50ml/14016854/,VI Derm Dark Spot Lifting Serum with 5% Tranexamic Acid 50ml,VI Derm,14016854,14016854,130.0,USD,InStock,NewCondition,5,2,Brands / VI Derm / VI Derm Dark Spot Lifting Serum with 5% Tranexamic Acid 50ml," Your effective dark spot fighter. Featuring our revolutionary TRI-ER8ASE™ Acid Complex, lift existing pigment, such as sun damage and melasma, while helping fight future pigment from forming. 
 Tackle dark spots without the prescription. Target, correct and brighten frustrating skin discoloration with VI Derm Dark Spot Lifting Serum with 5% Tranexamic Acid. Our exclusive TRI-ER8ASE™ Acid Complex effectively lifts existing pigment, such as sun damage, and helps fight future pigment for a brighter, more visibly luminous complexion. See results on various types of discoloration including sunspots, dark spots, and melasma. 
  Benefits:  
 
  Lifts existing dark spots, sun damage, and melasma 
  Suppresses melanin production to prevent future dark spots from forming 
  Brightens overall skin tone&nbsp; 
  Gently hydrates and defends against moisture loss 
 
  Ingredients:  
 
  5% Tranexamic acid - A potent acid that helps correct existing dark spots and sun damage 
  Kojic Acid - Suppresses excess melanin production to prevent future dark spots 
  Lactic Acid – An AHA that gently exfoliates and resurfaces skin to help other pigment-fighting ingredients penetrate deeper 
  Niacinamide - Hydrates, protects skin barrier, and fades discoloration from the skin 
 
  In a study:  
 
  84% saw significant results 
  84% saw brighter skin and more even skin tone and texture 
  Over 82% saw improvement in the appearance of dark spots 
 ","DI Water (Aqua), Tranexamic Acid, Niacinamide, Butylene Glycol, Lactic Acid, Caprylic/Capric Triglyceride, Kojic Acid Dipalmitate, Hexyl Resorcinol, Ethyl Linoleate, Centella Asiatica Leaf Extract, Triheptanoin, Glycerin, Xanthan Gum, Lecithin, Scierotium Gum, Pullulan, Sodium Acrylates Copolymer, Polyacrylate-13, Polyisobutene, Polysorbate 20, Coco-caprylate/caprate, Dilinoleic Acid/Propanediol/PDI Crosspolymer, 1,2-Hexandiol, Ethylhexylglycerin, Phenoxyethanol
For the latest information, it is recommended to review the ingredient list printed on the packaging of the product prior to usage or consumption.","<div aria-labelledby=""Ingredients"" class=""content max-h-0 invisible translate-y-1/4 underline-hyperlink"" id=""product-description-3""> <div class=""attribute-content break-words""> <div class=""flex flex-col gap-2""><p>DI Water (Aqua), Tranexamic Acid, Niacinamide, Butylene Glycol, Lactic Acid, Caprylic/Capric Triglyceride, Kojic Acid Dipalmitate, Hexyl Resorcinol, Ethyl Linoleate, Centella Asiatica Leaf Extract, Triheptanoin, Glycerin, Xanthan Gum, Lecithin, Scierotium Gum, Pullulan, Sodium Acrylates Copolymer, Polyacrylate-13, Polyisobutene, Polysorbate 20, Coco-caprylate/caprate, Dilinoleic Acid/Propanediol/PDI Crosspolymer, 1,2-Hexandiol, Ethylhexylglycerin, Phenoxyethanol</p>
<p><em><strong>For the latest information, it is recommended to review the ingredient list printed on the packaging of the product prior to usage or consumption.</strong></em></p></div> </div> </div>","Cleanse the skin thoroughly with VI Derm Gentle Purifying Cleanser. Apply a thin layer one to two times a day and follow with moisturizer.
Use sunscreen daily. We recommend VI Derm SPF 50 Daily UV Defense Broad Spectrum Sunscreen.","<div aria-labelledby=""How-to-Use"" class=""content max-h-0 invisible translate-y-1/4 underline-hyperlink"" id=""product-description-2""> <div class=""attribute-content break-words""> <div class=""flex flex-col gap-2""><p>Cleanse the skin thoroughly with VI Derm Gentle Purifying Cleanser. Apply a thin layer one to two times a day and follow with moisturizer.</p>
<p>Use sunscreen daily. We recommend VI Derm SPF 50 Daily UV Defense Broad Spectrum Sunscreen.</p></div> </div> </div>",,,,50ml,"https://static.thcdn.com/productimg/original/14016854-1485129417314860.jpg, https://static.thcdn.com/productimg/original/14016854-9055000611829853.jpg, https://static.thcdn.com/productimg/original/14016854-4955000611611018.jpg, https://static.thcdn.com/productimg/original/14016854-7555000611741257.jpg",cf8056d7-e2cd-54c6-aa1c-afbe8f3f9728,2024-02-11 11:15:51
https://www.dermstore.com/p/epionce-enriched-body-cream/11287441/,Epionce Enriched Body Cream (8 oz.),Epionce,11287441,11287441,42.0,USD,InStock,NewCondition,4.87,15,Brands / Epionce / Epionce Enriched Body Cream (8 oz.)," Epionce's Enriched Body Cream is a non-greasy formula that softens, smooths and firms dry skin. Powered by nourishing oils and fruit extracts, this body lotion provides anti-inflammatory and anti-microbial benefits. 
  Key Ingredients:  
 
   Safflower:  anti-inflammatory and collagen-boosting 
   Meadowfoam:  anti-inflammatory and collagen-boosting 
   Date:  anti-inflammatory, antimicrobial 
   Apple:  anti-inflammatory, antioxidant and collagen-boosting 
   Rose Oil:  anti-inflammatory, antioxidant and collagen-boosting 
 
  Key Benefits:  
 
  Firms, smooths and softens skin 
  Reverses visibly signs of skin aging while improving barrier strength. 
  Improves the feel of elasticity and stimulates collagen. 
  Non-greasy formula. 
  Helps to improve the appearance of keratosis pilaris on back of arms, legs and buttocks. 
 
  Tip:  Use after shaving to soothe skin and reduce the appearance of puffy-looking skin. ","Water (Aqua), Butylene Glycol, Glycerin, Petrolatum, PPG-2 Myristyl Ether Propionate, Carthamus Tinctorius (Safflower) Seed Oil, Limnanthes Alba (Meadowfoam) Seed Oil, Hydrogenated Polyisobutene, Dimethicone, C12-15 Alkyl Benzoate, C14-22 Alcohols, C12-20 Alkyl Glucoside, C10-30 Cholesterol/Lanosterol Esters, Linum Usitatissimum (Linseed) Seed Oil, Butyrospermum Parkii (Shea) Butter, Acrylates/C10-30 Alkyl Acrylate Crosspolymer, Arachidyl Alcohol, Arachidyl Glucoside, Behenyl Alcohol, Caprylyl Glycol, Citrus Aurantium Dulcis (Orange) Fruit Extract, Disodium EDTA, Ethylhexylglycerin, Glyceryl Stearate, Hexylene Glycol, Lavandula Angustifolia (Lavender) Flower Extract, Limonene, Linalool, Olea Europaea (Olive) Oil Unsaponifiables, PEG-100 Stearate, Persea Gratissima (Avocado) Oil, Phenoxyethanol, Phoenix Dactylifera (Date) Fruit Extract, Phytosphingosine, Phytosterols, Pyrus Malus (Apple) Fruit Extract, Quercetin, Rosa Canina Fruit Oil, Triethanolamine.
For the latest information, it is recommended to review the ingredient list printed on the packaging of the product prior to usage or consumption.","<div aria-labelledby=""Ingredients"" class=""content max-h-0 invisible translate-y-1/4 underline-hyperlink"" id=""product-description-3""> <div class=""attribute-content break-words""> <div class=""flex flex-col gap-2""><p>Water (Aqua), Butylene Glycol, Glycerin, Petrolatum, PPG-2 Myristyl Ether Propionate, Carthamus Tinctorius (Safflower) Seed Oil, Limnanthes Alba (Meadowfoam) Seed Oil, Hydrogenated Polyisobutene, Dimethicone, C12-15 Alkyl Benzoate, C14-22 Alcohols, C12-20 Alkyl Glucoside, C10-30 Cholesterol/Lanosterol Esters, Linum Usitatissimum (Linseed) Seed Oil, Butyrospermum Parkii (Shea) Butter, Acrylates/C10-30 Alkyl Acrylate Crosspolymer, Arachidyl Alcohol, Arachidyl Glucoside, Behenyl Alcohol, Caprylyl Glycol, Citrus Aurantium Dulcis (Orange) Fruit Extract, Disodium EDTA, Ethylhexylglycerin, Glyceryl Stearate, Hexylene Glycol, Lavandula Angustifolia (Lavender) Flower Extract, Limonene, Linalool, Olea Europaea (Olive) Oil Unsaponifiables, PEG-100 Stearate, Persea Gratissima (Avocado) Oil, Phenoxyethanol, Phoenix Dactylifera (Date) Fruit Extract, Phytosphingosine, Phytosterols, Pyrus Malus (Apple) Fruit Extract, Quercetin, Rosa Canina Fruit Oil, Triethanolamine.</p>
<p><em><strong>For the latest information, it is recommended to review the ingredient list printed on the packaging of the product prior to usage or consumption.</strong></em></p></div> </div> </div>",Apply daily as needed.,"<div aria-labelledby=""How-to-Use"" class=""content max-h-0 invisible translate-y-1/4 underline-hyperlink"" id=""product-description-1""> <div class=""attribute-content break-words""> <div class=""flex flex-col gap-2""><p>Apply daily as needed.</p></div> </div> </div>","Aging Skin: Loss of FirmnessApplication Area: Body, Decollete, FaceBath and Body: Lotions and OilsIdeal for these Concerns: Aging Skin, Calluses, Dryness and Dehydration, Psoriasis, Stretch MarksIngredient: Dimethicone, Essential Oils, Olive Oil, Shea ButterLotions and Oils: Body LotionPreferences: Clean, Fragrance-Free, Gluten-Free, VeganSkin Type: Acne-Prone Skin, Combination Skin, Dry Skin, Mature Skin, Normal Skin, Oily Skin, Sensitive Skin","<div aria-labelledby=""Skin-Type-&amp;-Concerns"" class=""content max-h-0 invisible translate-y-1/4 underline-hyperlink"" id=""product-description-2""> <div class=""attribute-content break-words""> <div class=""flex flex-col gap-2""><p><strong>Aging Skin:</strong> <a href=""/treatment/loss-of-firmness.list"">Loss of Firmness</a><br/><strong>Application Area:</strong> <a href=""/application-area/body.list"">Body</a>, <a href=""/application-area/decollete.list"">Decollete</a>, <a href=""/application-area/face.list"">Face</a><br/><strong>Bath and Body:</strong> <a href=""/bath-body/lotions-oils.list"">Lotions and Oils</a><br/><strong>Ideal for these Concerns:</strong> <a href=""/skin-care/skin-care-treatments/anti-aging-products.list"">Aging Skin</a>, <a href=""/treatment/calluses.list"">Calluses</a>, <a href=""/skin-care/dryness-dehydration.list"">Dryness and Dehydration</a>, <a href=""/treatment/psoriasis.list"">Psoriasis</a>, <a href=""/treatment/stretch-marks.list"">Stretch Marks</a><br/><strong>Ingredient:</strong> <a href=""/ingredient/dimethicone.list"">Dimethicone</a>, <a href=""/bath-body/body-care/essential-oils.list"">Essential Oils</a>, <a href=""/ingredient/olive-oil.list"">Olive Oil</a>, <a href=""/ingredient/shea-butter.list"">Shea Butter</a><br/><strong>Lotions and Oils:</strong> <a href=""/bath-body/lotions-oils/body-lotion.list"">Body Lotion</a><br/><strong>Preferences:</strong> <a href=""/organic-beauty/clean.list"">Clean</a>, <a href=""/fragrance/fragrance-free.list"">Fragrance-Free</a>, <a href=""/organic-beauty/gluten-free.list"">Gluten-Free</a>, <a href=""/vegan.list"">Vegan</a><br/><strong>Skin Type:</strong> <a href=""/skin-care/acne-prone-skin.list"">Acne-Prone Skin</a>, <a href=""/skin-care/combination-skin.list"">Combination Skin</a>, <a href=""/skin-care/dry-skin.list"">Dry Skin</a>, <a href=""/skin-care/mature-skin.list"">Mature Skin</a>, <a href=""/skin-care/normal-skin.list"">Normal Skin</a>, <a href=""/skin-care/oily-skin.list"">Oily Skin</a>, <a href=""/skin-care/sensitive-skin.list"">Sensitive Skin</a></p></div> </div> </div>",,,"https://static.thcdn.com/productimg/original/11287441-2544871898220884.jpg, https://static.thcdn.com/productimg/original/11287441-1804871763281280.jpg, https://static.thcdn.com/productimg/original/11287441-3664871763236964.jpg",e5b38cb1-1731-537f-aa4f-49e42a069dc2,2024-02-11 11:15:52
https://www.dermstore.com/p/by-terry-hyaluronic-lip-liner-various-shades/14242445/,By Terry Hyaluronic Lip Liner (Various Shades),By Terry,14242445,14242445,28.0,USD,OutOfStock,NewCondition,,,Brands / BY TERRY / By Terry Hyaluronic Lip Liner (Various Shades)," Care &amp; Contour Lip Definer. Clean, vegan and up to 98% natural formula. 
 A hydrating contour and care liner to sculpt and nourish lips all day long. Intense, long-lasting colour in a single stroke. A vegan, clean and natural formula in sustainable packaging. 
 Define and contour lips quickly and easily with this high-precision retractable pencil. Enriched with hyaluronic acid, its creamy, richly pigmented and long-lasting formula glides on in a single stroke, making a defined, plumped and flawless contour easy. Lips are beautifully hydrated and fully protected. 
 Available in 6 satin shades to pair with the HYALURONIC HYDRA-BALM. 
  A UNIQUE FORMULA  
 Enriched with hyaluronic acid to hydrate, shea butter to nourish and macadamia butter to protect, this beautifully creamy and intensely pigmented liner delivers long-lasting colour in a single stroke. 
  THE RESULTS  
 A flawless contour with a perfectly pigmented, satin finish. Lips are comfortable, nourished, protected and hydrated. 
 Product packaging is produced with 60% recycled plastic. ","Ricinus Communis (Castor) Seed Oil, Butyrospermum Parkii (Shea) Butter, Hydrogenated Sunflower Seed Oil, Hydrogenated Olive Oil Stearyl Esters, C13-15 Alkane, Mica, Helianthus Annuus (Sunflower) Seed Wax, Silica, Heptyl Undecylenate, Euphorbia Cerifera (Candelilla) Wax, Macadamia Ternifolia Seed Oil, Tocopherol, Lauroyl Lysine, Helianthus Annuus (Sunflower) Seed Oil, Sodium Hyaluronate, Hydrogenated Castor Oil, +/- [Ci 15850 / Red 7 Lake, Ci 42090 / Blue 1 Lake, Ci 77491 / Iron Oxides, Ci 77492 / Iron Oxides, Ci 77499 / Iron Oxides, Ci 77891 / Titanium Dioxide]. (T4101A1)
For the latest information, it is recommended to review the ingredient list printed on the packaging of the product prior to usage or consumption.","<div aria-labelledby=""Ingredients"" class=""content max-h-0 invisible translate-y-1/4 underline-hyperlink"" id=""product-description-2""> <div class=""attribute-content break-words""> <div class=""flex flex-col gap-2""><p>Ricinus Communis (Castor) Seed Oil, Butyrospermum Parkii (Shea) Butter, Hydrogenated Sunflower Seed Oil, Hydrogenated Olive Oil Stearyl Esters, C13-15 Alkane, Mica, Helianthus Annuus (Sunflower) Seed Wax, Silica, Heptyl Undecylenate, Euphorbia Cerifera (Candelilla) Wax, Macadamia Ternifolia Seed Oil, Tocopherol, Lauroyl Lysine, Helianthus Annuus (Sunflower) Seed Oil, Sodium Hyaluronate, Hydrogenated Castor Oil, +/- [Ci 15850 / Red 7 Lake, Ci 42090 / Blue 1 Lake, Ci 77491 / Iron Oxides, Ci 77492 / Iron Oxides, Ci 77499 / Iron Oxides, Ci 77891 / Titanium Dioxide]. (T4101A1)</p>
<p><em><strong>For the latest information, it is recommended to review the ingredient list printed on the packaging of the product prior to usage or consumption.</strong></em></p></div> </div> </div>","Apply before or after lipstick, following or adjusting the natural outline of the mouth as desired.
To keep this pencil in optimal condition always close the cap.","<div aria-labelledby=""How-to-Use"" class=""content max-h-0 invisible translate-y-1/4 underline-hyperlink"" id=""product-description-1""> <div class=""attribute-content break-words""> <div class=""flex flex-col gap-2""><ol>
<li>Apply before or after lipstick, following or adjusting the natural outline of the mouth as desired.</li>
<li>To keep this pencil in optimal condition always close the cap.</li>
</ol></div> </div> </div>",,,Hyaluronic Lip Liner,,"https://static.thcdn.com/productimg/original/14242445-2075168794708641.jpg, https://static.thcdn.com/productimg/original/14242445-1465168794736004.jpg, https://static.thcdn.com/productimg/original/14242445-1185168794763754.jpg, https://static.thcdn.com/productimg/original/14242445-5565168794802625.jpg, https://static.thcdn.com/productimg/original/14242445-1855168794843095.jpg, https://static.thcdn.com/productimg/original/14242445-3425168794881453.jpg, https://static.thcdn.com/productimg/original/14242445-1715168794914276.jpg, https://static.thcdn.com/productimg/original/14242445-1485168794945536.jpg, https://static.thcdn.com/productimg/original/14242445-7355168794979511.jpg, https://static.thcdn.com/productimg/original/14242445-2005168795018514.jpg",b3415759-7931-50dd-81fe-f780a50200c3,2024-02-11 11:15:52
https://www.dermstore.com/p/the-light-salon-boost-led-bib/13904814/,The Light Salon Boost LED Bib,The Light Salon,13904814,13904814,495.0,USD,InStock,NewCondition,,,Brands / The Light Salon / The Light Salon Boost LED Bib," Made to medical device directives, our portable Bib for the Neck &amp; Décolletage delivers the same clinically-proven wavelengths as our prestigious professional salon machines. Red 633nm and near-infrared 830nm are the most clinically-proven wavelengths for skin health and rejuvenation, with 830nm achieving the quickest results and client satisfaction. Salon technology at-home. The Boost LED Décolletage Bib gives you a salon-grade LED treatment in the comfortable surroundings of home. With regular 10-minute treatments, skin is plumped, smoothed and re-energised for a healthy and youthful glow. Suitable for all skin tones and types. ","Wavelength Call Out:
Red 633nm and near-infrared 830nm are the most clinically-proven wavelengths for skin health and rejuvenation, with 830nm achieving the quickest results and client satisfaction.
Shorter wavelengths such as green, yellow and purple penetrate poorly and are absorbed by melanin and superficial blood. They will not reach the dermis where the main cells for healing and rejuvenation are located, and therefore will not stimulate the production of collagen and elastin.
Longer wavelengths such as red 633nm and near-infrared 830nm penetrate well into the skin and reach the dermis - not only do they stimulate collagen and elastin production (rejuvenating the complexion), they also penetrate deep into the body, reaching muscles, nerves and bone, increasing blood flow and targeting inflammation whilst supporting cellular regrowth and regeneration to help reduce pain and heal injuries.
For the latest information, it is recommended to review the ingredient list printed on the packaging of the product prior to usage or consumption.","<div aria-labelledby=""Ingredients"" class=""content max-h-0 invisible translate-y-1/4 underline-hyperlink"" id=""product-description-2""> <div class=""attribute-content break-words""> <div class=""flex flex-col gap-2""><p><strong>Wavelength Call Out:</strong></p>
<p>Red 633nm and near-infrared 830nm are the most clinically-proven wavelengths for skin health and rejuvenation, with 830nm achieving the quickest results and client satisfaction.</p>
<p>Shorter wavelengths such as green, yellow and purple penetrate poorly and are absorbed by melanin and superficial blood. They will not reach the dermis where the main cells for healing and rejuvenation are located, and therefore will not stimulate the production of collagen and elastin.</p>
<p>Longer wavelengths such as red 633nm and near-infrared 830nm penetrate well into the skin and reach the dermis - not only do they stimulate collagen and elastin production (rejuvenating the complexion), they also penetrate deep into the body, reaching muscles, nerves and bone, increasing blood flow and targeting inflammation whilst supporting cellular regrowth and regeneration to help reduce pain and heal injuries.</p>
<p><em><strong>For the latest information, it is recommended to review the ingredient list printed on the packaging of the product prior to usage or consumption.</strong></em></p></div> </div> </div>","With its interchangeable straps and convenient, hands-free design, you can use the LED Décolletage Bib on all skin tones and types for rejuvenating 10-minute treatments, to boost your skin’s vitality and repair sun damage. Our recommended treatment programme is 10 minutes, 5 days a week for 6 weeks.
A sensitisation patch test must be completed prior to the first time.","<div aria-labelledby=""How-to-Use"" class=""content max-h-0 invisible translate-y-1/4 underline-hyperlink"" id=""product-description-1""> <div class=""attribute-content break-words""> <div class=""flex flex-col gap-2""><p>With its interchangeable straps and convenient, hands-free design, you can use the LED Décolletage Bib on all skin tones and types for rejuvenating 10-minute treatments, to boost your skin’s vitality and repair sun damage. Our recommended treatment programme is 10 minutes, 5 days a week for 6 weeks.</p>
<p>A sensitisation patch test must be completed prior to the first time.</p></div> </div> </div>",,,The Light Salon LED Devices,970g,"https://static.thcdn.com/productimg/original/13904814-1635180462351238.jpg, https://static.thcdn.com/productimg/original/13904814-8625180462380677.jpg, https://static.thcdn.com/productimg/original/13904814-1395180462430678.jpg, https://static.thcdn.com/productimg/original/13904814-8275180462464281.jpg, https://static.thcdn.com/productimg/original/13904814-1235180462506152.jpg, https://static.thcdn.com/productimg/original/13904814-1075180462553138.jpg, https://static.thcdn.com/productimg/original/13904814-2275180462595039.jpg, https://static.thcdn.com/productimg/original/13904814-9915180462623461.jpg, https://static.thcdn.com/productimg/original/13904814-1075180462669727.jpg, https://static.thcdn.com/productimg/original/13904814-1105180462720583.jpg, https://static.thcdn.com/productimg/original/13904814-1585180462767263.jpg",184ab114-e904-5889-bdf3-0dd5a1fd985b,2024-02-11 11:15:55
https://www.dermstore.com/p/skinceuticals-hydrating-b5-masque/11289620/,SkinCeuticals Hydrating B5 Mask (2.5 fl. oz.),SkinCeuticals,11289620,11289620,70.0,USD,InStock,NewCondition,4.61,133,Brands / SkinCeuticals / SkinCeuticals Hydrating B5 Mask (2.5 fl. oz.)," SkinCeuticals Hydrating B5 Mask is a highly concentrated formula that replenishes moisture to dehydrated and stressed skin, allowing the complexion to regain a radiant tone and smooth, supple texture. Utilizing a unique hydrating complex, it restores the skin's water balance, enabling the skin to function at optimal levels. It also plumps and illuminates the complexion, resulting in a more youthful appearance. 
  Key Ingredients:  
 
   Hyaluronic Acid:  this natural humectant is capable of retaining 1,000 times its own weight in water, making it an effective moisturizer 
   Vitamin B5:  this vitamin is essential for skin repair function 
   Advanced Moisture Complex:  comprised of glycerin, urea, sodium PCA, trehalose and polyquaterium-51, this ingredient blend contains constituents of the skin’s natural moisturizing factor (NMF) and helps restore skin’s optimal moisture balance 
 
  Key Benefits:  
 
  High concentrations of hyaluronic acid and vitamin B5 to hydrate and restore skin 
  Optimizes moisture infusion in targeted areas 
  Leaves skin supple and smooth 
  Ideal for all skin types 
 
  Tip:  Hydrating B5 Mask can also be used on other dry areas such as neck, chest, hands, knees, elbows, and feet. ","Aqua / Water / Eau, Glycerin, Triethanolamine, Carbomer, Sodium Hyaluronate, Phenoxyethanol, Calcium Pantothenate, Sodium Benzoate, Panthenol, Sodium Pca, Urea, Disodium Edta, Trehalose, Polyquaternium-51.
For the latest information, it is recommended to review the ingredient list printed on the packaging of the product prior to usage or consumption.","<div aria-labelledby=""Ingredients"" class=""content max-h-0 invisible translate-y-1/4 underline-hyperlink"" id=""product-description-3""> <div class=""attribute-content break-words""> <div class=""flex flex-col gap-2""><p>Aqua / Water / Eau, Glycerin, Triethanolamine, Carbomer, Sodium Hyaluronate, Phenoxyethanol, Calcium Pantothenate, Sodium Benzoate, Panthenol, Sodium Pca, Urea, Disodium Edta, Trehalose, Polyquaternium-51.</p>
<p><em><strong>For the latest information, it is recommended to review the ingredient list printed on the packaging of the product prior to usage or consumption.</strong></em></p></div> </div> </div>","Apply a thin layer to the entire face in the evening after cleansing. Allow to penetrate for 10-15 minutes, and then gently massage any remaining product into face.","<div aria-labelledby=""How-to-Use"" class=""content max-h-0 invisible translate-y-1/4 underline-hyperlink"" id=""product-description-1""> <div class=""attribute-content break-words""> <div class=""flex flex-col gap-2""><p>Apply a thin layer to the entire face in the evening after cleansing. Allow to penetrate for 10-15 minutes, and then gently massage any remaining product into face.</p></div> </div> </div>","Application Area: Body, Face, NeckIngredient: Hyaluronic AcidPreferences: CleanSkin Care: Skin Care TreatmentsSkin Care Treatments: Face MasksSkin Type: Acne-Prone Skin, Combination Skin, Dry Skin, Mature Skin, Normal Skin, Oily Skin, Sensitive SkinWellness | Internal Factors: Stress Solutions and Treatments","<div aria-labelledby=""Skin-Type-&amp;-Concerns"" class=""content max-h-0 invisible translate-y-1/4 underline-hyperlink"" id=""product-description-2""> <div class=""attribute-content break-words""> <div class=""flex flex-col gap-2""><p><strong>Application Area:</strong> <a href=""/application-area/body.list"">Body</a>, <a href=""/application-area/face.list"">Face</a>, <a href=""/application-area/neck.list"">Neck</a><br/><strong>Ingredient:</strong> <a href=""/ingredient/hyaluronic-acid.list"">Hyaluronic Acid</a><br/><strong>Preferences:</strong> <a href=""/organic-beauty/clean.list"">Clean</a><br/><strong>Skin Care:</strong> <a href=""/skin-care/treatments-serums.list"">Skin Care Treatments</a><br/><strong>Skin Care Treatments:</strong> <a href=""/skin-care/treatments-serums/face-masks.list"">Face Masks</a><br/><strong>Skin Type:</strong> <a href=""/skin-care/acne-prone-skin.list"">Acne-Prone Skin</a>, <a href=""/skin-care/combination-skin.list"">Combination Skin</a>, <a href=""/skin-care/dry-skin.list"">Dry Skin</a>, <a href=""/skin-care/mature-skin.list"">Mature Skin</a>, <a href=""/skin-care/normal-skin.list"">Normal Skin</a>, <a href=""/skin-care/oily-skin.list"">Oily Skin</a>, <a href=""/skin-care/sensitive-skin.list"">Sensitive Skin</a><br/><strong>Wellness | Internal Factors:</strong> <a href=""/treatment/stress-solutions-treatments.list"">Stress Solutions and Treatments</a></p></div> </div> </div>",Moisturize,,"https://static.thcdn.com/productimg/original/11289620-4275043613389474.jpg, https://static.thcdn.com/productimg/original/11289620-1914864739267745.jpg, https://static.thcdn.com/productimg/original/11289620-1944870985590053.jpg",3de05a51-ce0d-5869-8815-965107c1dfb2,2024-02-11 11:15:57
https://www.dermstore.com/p/erborian-travel-size-cc-cream-14g-various-shades/15231808/,Erborian Travel Size CC Cream 14g (Various Shades),Erborian,15231808,15231808,25.0,USD,InStock,NewCondition,,,Brands / Erborian / Erborian Travel Size CC Cream 14g (Various Shades)," Erborian's high-tech low-maintenance CC Crème enhances your skin's natural complexion for a radiant finish. The CC Crème's initial white pigments transform to match your skin tone when blended into the skin for a seamless shade match and a more even-looking complexion that looks like you've applied a filter. 
 Enriched with Centella Asiatica, this CC Cream helps hydrate and protect your skin. It comes with broad-spectrum SPF 25 to help shield your skin from harmful UVA/UVB rays that cause dark spots and wrinkles. 
 If you're looking for a light coverage and radiant finish, the CC Crème is a makeup bag staple! 
  For a flawless complexion, the CC Cream helps:  
 
  Blur the appearance of pores and imperfections 
  Even out your skin tone 
  Enhance your skin's natural radiance 
 
  Always formulated without:  
 
  Parabens 
  Sulfates 
  Phtalates 
 ","Octinoxate 6.00%, Octisalate 2.00%, Titanium Dioxide 4.97%, Zinc Oxide 1.92%, Aqua/Water - Cyclomethicone - Dipropylene Glycol - Glycerin - Peg-10 Dimethicone - Methyl Trimethicone - C12-15 Alkyl Benzoate - Dimethicone - Ci 77492/Iron Oxides - Disteardimonium Hectorite - Magnesium Sulfate - Vinyl Dimethicone/Methicone Silsesquioxane Crosspolymer - Centella Asiatica Extract - Mel/Honey Extract - Mica - Talc - Trihydroxystearin - Butylene Glycol - Polyester-1 - Aluminum Hydroxide - Silica Dimethyl Silylate - Palmitic Acid - Stearic Acid - Tocopheryl Acetate - Ethylhexylglycerin - Phenoxyethanol - Methicone - Dimethicone/Vinyl Dimethicone Crosspolymer - Parfum/Fragrance - Hexyl Cinnamal - Alpha-Isomethyl Ionone - Linalool - Citronellol - Geraniol - Eugenol - Limonene - Ci 77491/Iron Oxides - Ci 77499/Iron Oxides
For the latest information, it is recommended to review the ingredient list printed on the packaging of the product prior to usage or consumption.","<div aria-labelledby=""Ingredients"" class=""content max-h-0 invisible translate-y-1/4 underline-hyperlink"" id=""product-description-2""> <div class=""attribute-content break-words""> <div class=""flex flex-col gap-2""><p>Octinoxate 6.00%, Octisalate 2.00%, Titanium Dioxide 4.97%, Zinc Oxide 1.92%, Aqua/Water - Cyclomethicone - Dipropylene Glycol - Glycerin - Peg-10 Dimethicone - Methyl Trimethicone - C12-15 Alkyl Benzoate - Dimethicone - Ci 77492/Iron Oxides - Disteardimonium Hectorite - Magnesium Sulfate - Vinyl Dimethicone/Methicone Silsesquioxane Crosspolymer - Centella Asiatica Extract - Mel/Honey Extract - Mica - Talc - Trihydroxystearin - Butylene Glycol - Polyester-1 - Aluminum Hydroxide - Silica Dimethyl Silylate - Palmitic Acid - Stearic Acid - Tocopheryl Acetate - Ethylhexylglycerin - Phenoxyethanol - Methicone - Dimethicone/Vinyl Dimethicone Crosspolymer - Parfum/Fragrance - Hexyl Cinnamal - Alpha-Isomethyl Ionone - Linalool - Citronellol - Geraniol - Eugenol - Limonene - Ci 77491/Iron Oxides - Ci 77499/Iron Oxides</p>
<p><em><strong>For the latest information, it is recommended to review the ingredient list printed on the packaging of the product prior to usage or consumption.</strong></em></p></div> </div> </div>","Apply a pea-sized amount of cream to face and blend CC Cream into skin using your fingertips and watch as it adjusts to your skintone.
Also makes an excellent makeup base.
Try this with Erborian's Glow Crème for a subtle glow.","<div aria-labelledby=""How-to-Use"" class=""content max-h-0 invisible translate-y-1/4 underline-hyperlink"" id=""product-description-1""> <div class=""attribute-content break-words""> <div class=""flex flex-col gap-2""><p>Apply a pea-sized amount of cream to face and blend CC Cream into skin using your fingertips and watch as it adjusts to your skintone.</p>
<p>Also makes an excellent makeup base.</p>
<p>Try this with Erborian's Glow Crème for a subtle glow.</p></div> </div> </div>",,,,,"https://static.thcdn.com/productimg/1600/1600/12653099-2144816800937242.jpg, https://static.thcdn.com/productimg/1600/1600/12653099-1914816801540155.jpg, https://static.thcdn.com/productimg/original/15231808-3995163392150343.jpg, https://static.thcdn.com/productimg/original/15231808-1955163392191170.jpg, https://static.thcdn.com/productimg/original/15231808-8865163392228127.jpg",976422a7-5388-5820-b118-7a850b58937c,2024-02-11 11:16:00
https://www.dermstore.com/p/glytone-age-defying-c-antioxidant-serum-1-fl.-oz./13175647/,Glytone Age Defying C+ Antioxidant Serum 1 fl. oz.,Glytone,13175647,13175647,98.0,USD,OutOfStock,NewCondition,,,Brands / Glytone / Glytone Age Defying C+ Antioxidant Serum 1 fl. oz.," A concentrated serum formula featuring a proprietary Antioxidant Complex to help protect the skin and improve the appearance of fine lines and wrinkles. THD Ascorbate, a lipid-soluble and stable form of Vitamin C, helps supports collagen health, brighten the skin and visibly reduces signs of premature aging. Vitamin E helps nourish skin and protect against free radicals while plant-based Squalane helps maintain the skin's moisture barrier and provides weightless hydration. ","Water (Aqua),Propanediol, Tetrahexyldecylascorbate, Diheptyl Succinate, Glycerin, Caprylic/Capric Triglyceride, Hydroxyethyl Acrylate/Sodium Acryloyldimethyl Taurate, Copolymer Capryloyl Glycerin/Sebacic Acid Copolymer, Pentylene Glycol, Tocopherylacetate, 1,2-Hexanediol, Arctostaphylos Uva-Ursi Leaf Extract, Citric Acid, Ergothioneine, Geranium Maculatum Extract, Hydroxyacetophenone, Isohexadecane, Lactobacillus/Arundinaria Gigantea Leaf Ferment Filtrate, Leuconostoc/Radish Root Ferment Filtrate, Maltodextrin, Phenoxyethanol, Polysorbate 60, Punica Granatum Seed Extract, Rhodiola Rosea Root Extract, Sodium Citrate, Sodium Phytate, Sorbitan Isostearate, Terminalia Ferdinandiana Fruit Extract, Vitis Rotundifolia Fruit Extract
For the latest information, it is recommended to review the ingredient list printed on the packaging of the product prior to usage or consumption.","<div aria-labelledby=""Ingredients"" class=""content max-h-0 invisible translate-y-1/4 underline-hyperlink"" id=""product-description-3""> <div class=""attribute-content break-words""> <div class=""flex flex-col gap-2""><p>Water (Aqua),Propanediol, Tetrahexyldecylascorbate, Diheptyl Succinate, Glycerin, Caprylic/Capric Triglyceride, Hydroxyethyl Acrylate/Sodium Acryloyldimethyl Taurate, Copolymer Capryloyl Glycerin/Sebacic Acid Copolymer, Pentylene Glycol, Tocopherylacetate, 1,2-Hexanediol, Arctostaphylos Uva-Ursi Leaf Extract, Citric Acid, Ergothioneine, Geranium Maculatum Extract, Hydroxyacetophenone, Isohexadecane, Lactobacillus/Arundinaria Gigantea Leaf Ferment Filtrate, Leuconostoc/Radish Root Ferment Filtrate, Maltodextrin, Phenoxyethanol, Polysorbate 60, Punica Granatum Seed Extract, Rhodiola Rosea Root Extract, Sodium Citrate, Sodium Phytate, Sorbitan Isostearate, Terminalia Ferdinandiana Fruit Extract, Vitis Rotundifolia Fruit Extract</p>
<p><em><strong>For the latest information, it is recommended to review the ingredient list printed on the packaging of the product prior to usage or consumption.</strong></em></p></div> </div> </div>","Use every morning & evening after cleansing. Apply to dry face, neck and decollete areas.","<div aria-labelledby=""How-to-Use"" class=""content max-h-0 invisible translate-y-1/4 underline-hyperlink"" id=""product-description-1""> <div class=""attribute-content break-words""> <div class=""flex flex-col gap-2""><p>Use every morning &amp; evening after cleansing. Apply to dry face, neck and decollete areas.</p></div> </div> </div>","Aging Skin: Fine Lines and Wrinkles, Loss of FirmnessApplication Area: Decollete, FaceConcern: Aging Skin, Free Radical DamageIngredient: Vitamin EPreferences: Fragrance-Free, Paraben-FreeSkin Type: Acne-Prone Skin, Combination Skin, Dry Skin, Mature Skin, Normal Skin, Oily Skin, Sensitive Skin","<div aria-labelledby=""Skin-Type-&amp;-Concerns"" class=""content max-h-0 invisible translate-y-1/4 underline-hyperlink"" id=""product-description-2""> <div class=""attribute-content break-words""> <div class=""flex flex-col gap-2""><p><strong>Aging Skin: </strong><a href=""/skin-care/treatments-serums/wrinkle-cream.list"">Fine Lines and Wrinkles</a>, <a href=""/treatment/loss-of-firmness.list"">Loss of Firmness</a><br/><strong>Application Area: </strong><a href=""/skin-care.list"">Decollete</a>, <a href=""/skin-care.list"">Face</a><br/><strong>Concern: </strong><a href=""/skin-care/skin-care-treatments/anti-aging-products.list"">Aging Skin</a>, <a href=""/treatment/free-radical-damage.list"">Free Radical Damage</a><br/><strong>Ingredient: </strong><a href=""/ingredient/vitamin-e.list"">Vitamin E</a><br/><strong>Preferences: </strong><a href=""/fragrance/fragrance-free.list"">Fragrance-Free</a>, <a href=""/preferences/paraben-free.list"">Paraben-Free</a><br/><strong>Skin Type: </strong><a href=""/skin-care/acne-prone-skin.list"">Acne-Prone Skin</a>, <a href=""/skin-care/combination-skin.list"">Combination Skin</a>, <a href=""/skin-care/dry-skin.list"">Dry Skin</a>, <a href=""/skin-care/mature-skin.list"">Mature Skin</a>, <a href=""/skin-care/normal-skin.list"">Normal Skin</a>, <a href=""/skin-care/oily-skin.list"">Oily Skin</a>, <a href=""/skin-care/sensitive-skin.list"">Sensitive Skin</a></p></div> </div> </div>",,1 fl.oz,"https://static.thcdn.com/productimg/original/13175647-9594875721341138.jpg, https://static.thcdn.com/productimg/original/13175647-5644875721391769.jpg, https://static.thcdn.com/productimg/original/13175647-1784875721440516.jpg",b2b0512c-af78-58cc-8cf8-ae9580a0855c,2024-02-11 11:16:03
https://www.dermstore.com/p/by-terry-ombre-blackstar-eye-shadows-1-.64g-various-shades/11307158/,By Terry Ombre Blackstar Color-Fix Cream Shadow (1.64 g.),By Terry,11307158,11307158,38.0,USD,InStock,NewCondition,4.62,47,Brands / BY TERRY / By Terry Ombre Blackstar Color-Fix Cream Shadow (1.64 g.)," Bestselling 3-in-1 creamy eyeshadow. Eyeliner, illuminator, and eyeshadow. Anti-ageing formula. Buildable coverage for both subtle and dramatic looks. Matte &amp; Shimmer finish. Travel friendly. 
 Glam up the eyes in an instant with the iconic Ombre Blackstar. This multi-purple pen acts as an eyeliner, illuminator, and eyeshadow all in one. Its unique formula is infused with multi-active Tahitian Black Pearl extracts and light-reflecting Tourmaline that help lift the eyelids, making them appear wider and brighter. The creamy, waterproof texture glides on effortlessly and is easy to layer and blend. 
 Easy to blend and highly pigmented, this eyeshadow is designed in 12 vibrant shades for all makeup looks. Available in shimmer finish with 6 unique shades, and matte (NEW) with 6 intense colors: 
 
  100. Matte Bare 
  101.Matte Nude 
  102. Matte Latte 
  103. Matte Toffee 
  104. Matte Ash 
  105. Matte Mokka 
 
  TECHNOLOGY  
 Tahitian Black Pearls Extracts: Rich in fortifying calcium and anti-ageing proteins to care for your eyelids. These ingredients also help to create a creamy formula that glides effortlessly onto the lids, making it easy to apply and blend. 
 Tourmaline: Offers light diffusing properties, anti-ageing properties and detoxification, whilst and enhancing the overall formula. 
 Adhesive Polymers: Provide long-lasting, intense colour. 
  RESULT  
 This multi-purpose, creamy eyeshadow pen helps you master a variety of looks, from a quick and easy smokey eye to a more dramatic eyeshadow style. Flawless and radiant all day, no matter the conditions. Smooth application that blends effortlessly. Waterproof, intense colour. 
  CONSUMER RESULTS  
  TEXTURE  
 
  100%* agree the texture is soft and silky 
  100%* agree the texture does not dry out the eyelids 
  100%* agree the texture does not leave fallout 
 
  APPLICATION  
 
  100%* agree it's an easy-to-blend formula 
  100%* agree it feels smooth and applies evenly 
  100%** agree the product does not crease 
  100%** agree the product is transfer-proof 
 
  RESULTS OVER A 14-DAY PERIOD  
 
  100%** agree the product is long-lasting 
  100%** agree the product provides optimal coverage 
  100%** agree the eyelids appear smoothed and scuplted 
  100%** agree the gaze is luminous and perfected. 
  100%** agree the product is waterproof 
 
  *Satisfaction test performed on 24 volunteers.  
  **Satisfaction test performed on 24 volunteers over a 14-day period.  ","Trisiloxane, Trimethylsiloxysilicate, Ci 77891 (Titanium Dioxide), Dimethicone, Polyethylene, Mica, Lauroyl Lysine, Ci 77491 (Iron Oxides), Octyldodecanol, Cera Alba (Beeswax), Paraffin, Ozokerite, Ci 77492 (Iron Oxides), Ci 42090 (Blue 1), Disteardimonium Hectorite, Stearyl Stearate, Cera Microcristallina (Microcrystalline Wax), Stearyl Palmitate, Pentaerythrityl Tetra-Di-T-Butyl Hydroxyhydrocinnamate, Propylene Carbonate, Cetyl Palmitate, Cetyl Stearate, Tin Oxide, Behenic Acid, Stearic Acid, Pearl Powder, Tourmaline, Arachidic Acid, Palmitic Acid, Dicalcium Phosphate, Synthetic Fluorphlogopite, Calcium Aluminum Borosilicate, Calcium Sodium Borosilicate, Silica. (T3530A1)
For the latest information, it is recommended to review the ingredient list printed on the packaging of the product prior to usage or consumption.","<div aria-labelledby=""Ingredients"" class=""content max-h-0 invisible translate-y-1/4 underline-hyperlink"" id=""product-description-4""> <div class=""attribute-content break-words""> <div class=""flex flex-col gap-2""><p>Trisiloxane, Trimethylsiloxysilicate, Ci 77891 (Titanium Dioxide), Dimethicone, Polyethylene, Mica, Lauroyl Lysine, Ci 77491 (Iron Oxides), Octyldodecanol, Cera Alba (Beeswax), Paraffin, Ozokerite, Ci 77492 (Iron Oxides), Ci 42090 (Blue 1), Disteardimonium Hectorite, Stearyl Stearate, Cera Microcristallina (Microcrystalline Wax), Stearyl Palmitate, Pentaerythrityl Tetra-Di-T-Butyl Hydroxyhydrocinnamate, Propylene Carbonate, Cetyl Palmitate, Cetyl Stearate, Tin Oxide, Behenic Acid, Stearic Acid, Pearl Powder, Tourmaline, Arachidic Acid, Palmitic Acid, Dicalcium Phosphate, Synthetic Fluorphlogopite, Calcium Aluminum Borosilicate, Calcium Sodium Borosilicate, Silica. (T3530A1)</p>
<p><em><strong>For the latest information, it is recommended to review the ingredient list printed on the packaging of the product prior to usage or consumption.</strong></em></p></div> </div> </div>","EYESHADOW

For a buildable wash of colour, apply Ombre Blackstar directly to eyes and then immediately blend with a fluffy eyeshadow brush or a finger until it's seamlessly blended.
Repeat until you get the desired intensity of colour.

EYELINER

For a thin liner effect, rub an eye liner brush into the formula and then apply along the lash line.
Alternatively, for a thicker liner look, apply Ombre Blackstar directly along the lash line. Leave for a defined look or use a small fluffy brush or a finger to diffuse the line for a softer effect.

EYE PRIMER

As a long wear formula, Ombre Blackstar is perfect to use as a base for eye makeup. Simple apply a sheer wash of Ombre Blackstar across the eye area, then apply your eyeliner or eyeshadow over the top.
This will add extra-long wear to your eye look and give the colours extra vibrancy.
Once dried Ombre Blackstar will stay in place, to remove use an oil-based cleanser.","<div aria-labelledby=""How-to-Use"" class=""content max-h-0 invisible translate-y-1/4 underline-hyperlink"" id=""product-description-2""> <div class=""attribute-content break-words""> <div class=""flex flex-col gap-2""><p><strong>EYESHADOW</strong></p>
<ol>
<li>For a buildable wash of colour, apply Ombre Blackstar directly to eyes and then immediately blend with a fluffy eyeshadow brush or a finger until it's seamlessly blended.</li>
<li>Repeat until you get the desired intensity of colour.</li>
</ol>
<p><strong>EYELINER</strong></p>
<ol>
<li>For a thin liner effect, rub an eye liner brush into the formula and then apply along the lash line.</li>
<li>Alternatively, for a thicker liner look, apply Ombre Blackstar directly along the lash line. Leave for a defined look or use a small fluffy brush or a finger to diffuse the line for a softer effect.</li>
</ol>
<p><strong>EYE PRIMER</strong></p>
<ol>
<li>As a long wear formula, Ombre Blackstar is perfect to use as a base for eye makeup. Simple apply a sheer wash of Ombre Blackstar across the eye area, then apply your eyeliner or eyeshadow over the top.</li>
<li>This will add extra-long wear to your eye look and give the colours extra vibrancy.</li>
<li>Once dried Ombre Blackstar will stay in place, to remove use an oil-based cleanser.</li>
</ol></div> </div> </div>","Application Area: EyesColor Family: NudeEye Makeup: EyeshadowEyeshadow: Cream EyeshadowIngredient: Beeswax, Mica, Titanium Dioxide, Vitamin EMakeup: Eye MakeupPreferences: Clean","<div aria-labelledby=""Skin-Type-&amp;-Concerns"" class=""content max-h-0 invisible translate-y-1/4 underline-hyperlink"" id=""product-description-3""> <div class=""attribute-content break-words""> <div class=""flex flex-col gap-2""><p><strong>Application Area:</strong> <a href=""/application-area/eyes.list"">Eyes</a><br/><strong>Color Family:</strong> <a href=""/makeup/nude.list"">Nude</a><br/><strong>Eye Makeup:</strong> <a href=""/makeup/eyes/eyeshadow.list"">Eyeshadow</a><br/><strong>Eyeshadow:</strong> <a href=""/makeup/eyes/eyeshadow/cream-eyeshadow.list"">Cream Eyeshadow</a><br/><strong>Ingredient:</strong> <a href=""/ingredient/beeswax.list"">Beeswax</a>, <a href=""/ingredient/mica.list"">Mica</a>, <a href=""/ingredient/titanium-dioxide.list"">Titanium Dioxide</a>, <a href=""/ingredient/vitamin-e.list"">Vitamin E</a><br/><strong>Makeup:</strong> <a href=""/makeup/eyes.list"">Eye Makeup</a><br/><strong>Preferences:</strong> <a href=""/organic-beauty/clean.list"">Clean</a></p></div> </div> </div>",Cosmetics,,"https://static.thcdn.com/productimg/original/11307158-7445174257303125.jpg, https://static.thcdn.com/productimg/original/11307158-2055174257358421.jpg, https://static.thcdn.com/productimg/original/11307158-1905174257450224.jpg, https://static.thcdn.com/productimg/original/11307158-7835174257526148.jpg, https://static.thcdn.com/productimg/original/11307158-1415174257594662.jpg",207491a3-6b76-5a63-a96f-aba2d41be819,2024-02-11 11:16:03
https://www.dermstore.com/p/one-love-organics-vitamin-c-body-polish-6-oz./12901687/,One Love Organics Vitamin C Body Polish (6 oz.),One Love Organics,12901687,12901687,48.0,USD,InStock,NewCondition,5,4,Brands / One Love Organics / One Love Organics Vitamin C Body Polish (6 oz.)," One Love Organics Vitamin C Body Polish exfoliates and hydrates the skin for a radiant all-over glow. Featuring antioxidant-rich vitamin C ester, aloe, shea butter and organic sugar crystals, this gentle formula sloughs away dead skin cells, improving tone and texture while soothing inflammation, for softer, smoother skin. 
 
   Vitamin C ester  - firms skin while protecting the skin from damaging free radicals 
   Aloe  - naturally soothes inflammation 
   Shea butter  - rich in vitamins A and E, it hydrates and calms irritated skin 
   Raw organic sugar crystals  - cleanse and exfoliate the skin, removing dead skin cells, dirt, oil and other impurities 
 
  Due to a manufacturer packaging change, item received may vary from product image  ","sucrose*, helianthus annuus (sunflower) seed oil*, glyceryl behenate, glyceryl caprylate, polyglyceryl-3 palmitate, butyrospermum parkii (shea) oil*, tocopherol, ascorbyl palmitate, aloe barbadensis leaf extract*, fragrance/parfum, dehydroacetic acid (and) benzyl alcohol (and) water/aqua/eau
*Ingredients from Organic Farming/les ingredients biologiques - See more at: http://shop.oneloveorganics.com/products/vitamin-c-body-polish#sthash.2cTz1ThD.dpuf
For the latest information, it is recommended to review the ingredient list printed on the packaging of the product prior to usage or consumption.","<div aria-labelledby=""Ingredients"" class=""content max-h-0 invisible translate-y-1/4 underline-hyperlink"" id=""product-description-3""> <div class=""attribute-content break-words""> <div class=""flex flex-col gap-2""><p>sucrose*, helianthus annuus (sunflower) seed oil*, glyceryl behenate, glyceryl caprylate, polyglyceryl-3 palmitate, butyrospermum parkii (shea) oil*, tocopherol, ascorbyl palmitate, aloe barbadensis leaf extract*, fragrance/parfum, dehydroacetic acid (and) benzyl alcohol (and) water/aqua/eau</p>
<p>*Ingredients from Organic Farming/les ingredients biologiques - See more at: http://shop.oneloveorganics.com/products/vitamin-c-body-polish#sthash.2cTz1ThD.dpuf</p>
<p><em><strong>For the latest information, it is recommended to review the ingredient list printed on the packaging of the product prior to usage or consumption.</strong></em></p></div> </div> </div>","Scoop out a small amount of polish and massage into wet skin using gentle, circular motions. Pay special attention to elbows, knees, and heels. Rinse with warm water. For a more intense exfoliation, massage directly onto dry skin using circular motions before showering.","<div aria-labelledby=""How-to-Use"" class=""content max-h-0 invisible translate-y-1/4 underline-hyperlink"" id=""product-description-1""> <div class=""attribute-content break-words""> <div class=""flex flex-col gap-2""><p>Scoop out a small amount of polish and massage into wet skin using gentle, circular motions. Pay special attention to elbows, knees, and heels. Rinse with warm water. For a more intense exfoliation, massage directly onto dry skin using circular motions before showering.</p></div> </div> </div>","Application Area: BodyBath and Body: Bath and ShowerBath and Shower: Body Scrubs and ExfoliatorsIdeal for these Concerns: Free Radical DamageHoliday: Gifts for FriendsIngredient: Aloe Vera, Shea Butter, Vitamin CPreferences: Certified Cruelty-Free, Natural","<div aria-labelledby=""Skin-Type-&amp;-Concerns"" class=""content max-h-0 invisible translate-y-1/4 underline-hyperlink"" id=""product-description-2""> <div class=""attribute-content break-words""> <div class=""flex flex-col gap-2""><p><strong>Application Area:</strong> <a href=""/application-area/body.list"">Body</a><br/><strong>Bath and Body:</strong> <a href=""/bath-body/bath-shower.list"">Bath and Shower</a><br/><strong>Bath and Shower:</strong> <a href=""/bath-body/bath-shower/body-scrubs-exfoliators.list"">Body Scrubs and Exfoliators</a><br/><strong>Ideal for these Concerns:</strong> <a href=""/treatment/free-radical-damage.list"">Free Radical Damage</a><br/><strong>Holiday:</strong> <a href=""/gift-sets/gifts-for-friends.list"">Gifts for Friends</a><br/><strong>Ingredient:</strong> <a href=""/ingredient/aloe-vera.list"">Aloe Vera</a>, <a href=""/ingredient/shea-butter.list"">Shea Butter</a>, <a href=""/ingredient/vitamin-c.list"">Vitamin C</a><br/><strong>Preferences:</strong> <a href=""/cruelty-free.list"">Certified Cruelty-Free</a>, <a href=""/organic-beauty/natural.list"">Natural</a></p></div> </div> </div>",,,"https://static.thcdn.com/productimg/original/12901687-1924871574097128.jpg, https://static.thcdn.com/productimg/original/12901687-1854866736870395.jpg, https://static.thcdn.com/productimg/original/12901687-1174871574132024.jpg",235f28c1-42d8-5504-b6eb-669cf8960847,2024-02-11 11:16:04
https://www.dermstore.com/p/paula-s-choice-clear-pore-normalizing-cleanser/11486957/,Paula's Choice CLEAR Pore Normalizing Cleanser (6 fl. oz.),Paula's Choice,11486957,11486957,22.0,USD,InStock,NewCondition,4.61,31,Brands / Paula's Choice / Paula's Choice CLEAR Pore Normalizing Cleanser (6 fl. oz.)," Wash away makeup, oil and dirt from your skin with CLEAR Pore Normalizing Cleanser by Paula's Choice. Infused with salicylic acid and panthenol, this cleansing gel helps to reduce the appearance of blemishes by clearing away debris and bacteria. 
  Key Ingredients:  
 
   Salicylic Acid:  dissolves oil and debris that can clog pores and lead to breakouts 
 
  Key Benefits:  
 
  Dissolves pore-clogging impurities 
  Cleans without irritation 
  Gel texture calms and refreshes skin 
  Ideal for acne-prone and combination skin types 
  Fragrance-free 
 ","Active: Salicylic Acid 0.5%.
Inactive: Water (Aqua), Sodium Lauroyl Sarcosinate, Acrylates/Steareth-20 Methacrylate Copolymer, Glycerin, PEG-200 Hydrogenated Glyceryl Palmate, Sodium Laureth Sulfate, Arginine, Butylene Glycol, PEG-7 Glyceryl Cocoate, Panthenol, Disodium EDTA, Citric Acid, PEG-60 Hydrogenated Castor Oil, Sodium Citrate, Phenoxyethanol, Caprylyl Glycol, Chlorphenesin.
For the latest information, it is recommended to review the ingredient list printed on the packaging of the product prior to usage or consumption.","<div aria-labelledby=""Ingredients"" class=""content max-h-0 invisible translate-y-1/4 underline-hyperlink"" id=""product-description-4""> <div class=""attribute-content break-words""> <div class=""flex flex-col gap-2""><p><strong>Active:</strong> Salicylic Acid 0.5%.</p>
<p><strong>Inactive:</strong> Water (Aqua), Sodium Lauroyl Sarcosinate, Acrylates/Steareth-20 Methacrylate Copolymer, Glycerin, PEG-200 Hydrogenated Glyceryl Palmate, Sodium Laureth Sulfate, Arginine, Butylene Glycol, PEG-7 Glyceryl Cocoate, Panthenol, Disodium EDTA, Citric Acid, PEG-60 Hydrogenated Castor Oil, Sodium Citrate, Phenoxyethanol, Caprylyl Glycol, Chlorphenesin.</p>
<p><em><strong>For the latest information, it is recommended to review the ingredient list printed on the packaging of the product prior to usage or consumption.</strong></em></p></div> </div> </div>","Wet face and apply a small amount of cleanser to your face and eye area with vigorous, yet gentle, circular motions. Rinse well.","<div aria-labelledby=""How-to-Use"" class=""content max-h-0 invisible translate-y-1/4 underline-hyperlink"" id=""product-description-2""> <div class=""attribute-content break-words""> <div class=""flex flex-col gap-2""><p>Wet face and apply a small amount of cleanser to your face and eye area with vigorous, yet gentle, circular motions. Rinse well.</p></div> </div> </div>","Application Area: FaceCleansers and Exfoliators: Face WashIdeal for these Concerns: Large PoresIngredient: Castor Oil, Panthenol, Salicylic AcidPreferences: Certified Cruelty-Free, Fragrance-Free","<div aria-labelledby=""Skin-Type-&amp;-Concerns"" class=""content max-h-0 invisible translate-y-1/4 underline-hyperlink"" id=""product-description-3""> <div class=""attribute-content break-words""> <div class=""flex flex-col gap-2""><p><strong>Application Area:</strong> <a href=""/application-area/face.list"">Face</a><br/><strong>Cleansers and Exfoliators:</strong> <a href=""/skin-care/cleansers/face-wash.list"">Face Wash</a><br/><strong>Ideal for these Concerns:</strong> <a href=""/treatment/large-pores.list"">Large Pores</a><br/><strong>Ingredient:</strong> <a href=""/ingredient/castor-oil.list"">Castor Oil</a>, <a href=""/ingredient/panthenol.list"">Panthenol</a>, <a href=""/ingredient/salicylic-acid.list"">Salicylic Acid</a><br/><strong>Preferences:</strong> <a href=""/cruelty-free.list"">Certified Cruelty-Free</a>, <a href=""/fragrance/fragrance-free.list"">Fragrance-Free</a></p></div> </div> </div>",CLEAR,6 fl. oz,https://static.thcdn.com/productimg/original/11486957-9264871060554536.jpg,30948780-dd0b-5f9c-9598-139d4dd4d0fd,2024-02-11 11:16:12
https://www.dermstore.com/p/augustinus-bader-the-serum-15ml/15245512/,Augustinus Bader The Serum 15ml,Augustinus Bader,15245512,15245512,195.0,USD,InStock,NewCondition,,,Brands / Augustinus Bader / Augustinus Bader The Serum 15ml," Formulated with clean super-hydrators and nature's most effective problem-solvers, this breakthrough serum zeros in on your skin's most persistent challenges. From dehydration, stress, and the signs of aging and environmental damage to the appearance of imperfections and loss of elasticity, The Serum delivers an effortless, all-encompassing solution. Backed by 30 years of visionary science. Powered by TFC8®. 
  Key Ingredients:  
 Augustinus Bader skincare is formulated with sustainably-sourced, high potency botanicals and bio-engineered clean actives, where possible, to reduce environmental impact. 
 
  TFC8®: A complex of natural amino acids, high-grade vitamins and synthesized molecules naturally found in skin, which guides key nutrients and powerful natural ingredients to the skin cells, creating an optimal environment for the body's innate processes of repair and renewal. 
  Vitamin C: A potent, antioxidant-packed boost for the skin. Stimulates the production of collagen for firmer, more resilient skin, while brightening and defending against stress caused by environmental aggressors. 
  Polysaccharide Moisture Complex: A multi-tasking skincare technology for optimal moisture levels. Rehydrates from within while actively preventing water loss, for a complexion that is fresh, supple and soft. 
  Squalane: A clean, plant-derived humectant. This intensely hydrating oil effectively attracts and retains moisture for supple, radiant skin with greater bounceback. 
  Sodium Hyaluronate: A salt known to powerfully attract and retain moisture. Helps stimulate cellular cohesion, for youthful, healthy-looking skin that is firm and supple. Rehydrates at a deep level to plump up the skin and reduce the appearance of fine lines and wrinkles. 
  Pomegranate Seed Concentrate: A sustainably sourced, antioxidant-rich extract packed with micronutrients and punicic and linolenic fatty acids. Supports skin's self-renewal mechanisms to soothe and balance stressed, overly reactive skin while reducing visible signs of aging, including wrinkles. 
  Resveratrol: A natural polyphenol produced by some plants (and famously found in red wine) to defend against injury. Known to have antioxidant properties, offering powerful defense against external aggressors. 
  Edelweiss Extract: A rare star-shaped plant that grows wild in Alpine mountain ranges. Known to lift, smooth and tighten sagging skin and wrinkles while offering serious protection against oxidative stresses such as pollution and UV radiation. 
  Rice Bran Oil: A revered beauty secret for centuries, naturally derived and packed with antioxidant-rich ferulic acid. Known to help suppress the formation of fine lines and wrinkles, brown spots, and other visible signs of premature aging 
 
  Key Benefits:  
 
  Reduces and helps to prevent the appearance of fine lines, wrinkles, and hyperpigmentation for more youthful looking skin. 
  Improves tone and smooths texture for brighter, more even looking skin. Boosts skin's natural radiance. 
  Supports production of collagen and boosts elasticity for plumper, more resilient skin. 
  Helps lift, smooth and tighten sagging skin, for a firmer, revitalized complexion. 
  Nourishes and hydrates the skin, while preventing moisture loss (TEWL) for supple, refreshed skin with greater bounce-back 
  Balances and calms stressed, overly reactive skin. Helps to reduce redness. 
  Protects against environmental aggressors and oxidative stresses such as pollution and UV radiation. 
 ","Aqua/Water/Eau, Glycerin, 1,2-Hexanediol, Cellulose, Ethylhexyl Polyhydroxystearate, Resveratrol, Squalane, Sodium Acrylates Copolymer, Ascorbyl Tetraisopalmitate, Oryza Sativa (Rice) Bran Oil, Maltitol, Leontopodium Alpinum Callus Culture Extract, Xylitylglucoside, Lecithin, Anhydroxylitol, Citric Acid, Xylitol, Hydrolyzed Rice Protein, Maltodextrin, Sodium Hyaluronate, Sodium Hydroxide, O-Cymen-5-Ol, Punica Granatum Extract, Sodium Phytate, Glucose, Xanthan Gum, Camellia Sinensis Leaf Extract, Hydrogenated Lecithin, Tocopheryl Acetate, Alanyl Glutamine, Arginine, Oligopeptide-177, Potassium Sorbate, Sodium Chloride, Phenylalanine, Sisymbrium Irio Seed Oil.
For the latest information, it is recommended to review the ingredient list printed on the packaging of the product prior to usage or consumption.","<div aria-labelledby=""Ingredients"" class=""content max-h-0 invisible translate-y-1/4 underline-hyperlink"" id=""product-description-2""> <div class=""attribute-content break-words""> <div class=""flex flex-col gap-2""><p>Aqua/Water/Eau, Glycerin, 1,2-Hexanediol, Cellulose, Ethylhexyl Polyhydroxystearate, Resveratrol, Squalane, Sodium Acrylates Copolymer, Ascorbyl Tetraisopalmitate, Oryza Sativa (Rice) Bran Oil, Maltitol, Leontopodium Alpinum Callus Culture Extract, Xylitylglucoside, Lecithin, Anhydroxylitol, Citric Acid, Xylitol, Hydrolyzed Rice Protein, Maltodextrin, Sodium Hyaluronate, Sodium Hydroxide, O-Cymen-5-Ol, Punica Granatum Extract, Sodium Phytate, Glucose, Xanthan Gum, Camellia Sinensis Leaf Extract, Hydrogenated Lecithin, Tocopheryl Acetate, Alanyl Glutamine, Arginine, Oligopeptide-177, Potassium Sorbate, Sodium Chloride, Phenylalanine, Sisymbrium Irio Seed Oil.</p>
<p><em><strong>For the latest information, it is recommended to review the ingredient list printed on the packaging of the product prior to usage or consumption.</strong></em></p></div> </div> </div>","Use Daily. Recommended 2x a day - morning & evening
Apply on clean, dry skin. In upward, sweeping motions, smooth The Serum over the face, neck and décolleté until fully absorbed. Follow by applying your Augustinus Bader The Rich Cream or The Cream and/or The Face Oil.","<div aria-labelledby=""How-to-Use"" class=""content max-h-0 invisible translate-y-1/4 underline-hyperlink"" id=""product-description-1""> <div class=""attribute-content break-words""> <div class=""flex flex-col gap-2""><p>Use Daily. Recommended 2x a day - morning &amp; evening</p>
<p>Apply on clean, dry skin. In upward, sweeping motions, smooth The Serum over the face, neck and décolleté until fully absorbed. Follow by applying your Augustinus Bader The Rich Cream or The Cream and/or The Face Oil.</p></div> </div> </div>",,,Skincare,,"https://static.thcdn.com/productimg/original/15245512-1705136124645968.jpg, https://static.thcdn.com/productimg/original/15245512-2135136125048391.jpg, https://static.thcdn.com/productimg/original/15245512-2005136929811183.jpg, https://static.thcdn.com/productimg/original/15245512-1225136929689986.jpg, https://static.thcdn.com/productimg/original/15245512-1975136929736894.jpg, https://static.thcdn.com/productimg/original/15245512-1985136929779398.jpg, https://static.thcdn.com/productimg/original/15245512-4605136929617818.jpg, https://static.thcdn.com/productimg/original/15245512-8515136929656239.jpg, https://static.thcdn.com/productimg/original/15245512-6665136125075910.jpg",70e6c59f-b121-5e2d-aa3b-68343f4eb8d5,2024-02-11 11:16:12
https://www.dermstore.com/p/philip-b-medium-round-hair-brush-55mm/11146992/,Philip B. Medium Round Hairbrush,Philip B,11146992,11146992,130.0,USD,InStock,NewCondition,5,1,Brands / Philip B. / Philip B. Medium Round Hairbrush," Create a smoother, bouncier head of hair with The Medium Round Hairbrush from Philip B. Designed with nylon-reinforced, first-cut boar bristles that gently glide through hair without snagging or tangling, this brush helps detangle and smooth hair for easy styling or creates lift at the roots effortlessly. The brush is crafted from sustainable mahogany and features an ergonomic design for comfortable use. 
  Key Benefits:  
 
  Detangles and smooths hair 
  Natural bristles gently glide through hair 
  55 mm medium barrel size 
  Ergonomic design 
  Crafted from sustainable mahogany 
 ","Polished Mahogany Handle, 65% Boar Bristle, 35% Nylon.
For the latest information, it is recommended to review the ingredient list printed on the packaging of the product prior to usage or consumption.","<div aria-labelledby=""Ingredients"" class=""content max-h-0 invisible translate-y-1/4 underline-hyperlink"" id=""product-description-3""> <div class=""attribute-content break-words""> <div class=""flex flex-col gap-2""><p>Polished Mahogany Handle, 65% Boar Bristle, 35% Nylon.</p>
<p><em><strong>For the latest information, it is recommended to review the ingredient list printed on the packaging of the product prior to usage or consumption.</strong></em></p></div> </div> </div>",The medium barrel makes it easy to create the perfect curled-under bob or flip.,"<div aria-labelledby=""How-to-Use"" class=""content max-h-0 invisible translate-y-1/4 underline-hyperlink"" id=""product-description-1""> <div class=""attribute-content break-words""> <div class=""flex flex-col gap-2""><p>The medium barrel makes it easy to create the perfect curled-under bob or flip.</p></div> </div> </div>","Application Area: HairConcern: Frizzy HairHair Care: Styling ToolsHair Type: Coarse Hair, Color-Treated Hair, Curly Hair, Dry or Damaged Hair, Fine Hair, Normal Hair, Oily HairStyling Tools: Hair Brushes and Combs","<div aria-labelledby=""Skin-Type-&amp;-Concerns"" class=""content max-h-0 invisible translate-y-1/4 underline-hyperlink"" id=""product-description-2""> <div class=""attribute-content break-words""> <div class=""flex flex-col gap-2""><p><strong>Application Area: </strong><a href=""/hair-care.list"">Hair</a><br/><strong>Concern: </strong><a href=""/hair-care/frizzy-hair.list"">Frizzy Hair</a><br/><strong>Hair Care: </strong><a href=""/hair-care/tools.list"">Styling Tools</a><br/><strong>Hair Type: </strong><a href=""/hair-care/coarse-hair-treatments.list"">Coarse Hair</a>, <a href=""/hair-care/color-treated-hair.list"">Color-Treated Hair</a>, <a href=""/hair-care/curly-hair.list"">Curly Hair</a>, <a href=""/hair-care/dry-or-damaged-hair.list"">Dry or Damaged Hair</a>, <a href=""/hair-care/fine-hair.list"">Fine Hair</a>, <a href=""/hair-care/normal-hair.list"">Normal Hair</a>, <a href=""/hair-care/oily-hair.list"">Oily Hair</a><br/><strong>Styling Tools: </strong><a href=""/hair-care/tools/hair-brushes-combs.list"">Hair Brushes and Combs</a></p></div> </div> </div>",,,https://static.thcdn.com/productimg/original/11146992-8384895710783710.jpg,ab0378c6-d963-5148-98cb-e1646975cdc8,2024-02-11 11:16:15
https://www.dermstore.com/p/strivectin-advanced-retinol-daily-repair-face-moisturizer-broad-spectrum-spf30-50ml/13663086/,StriVectin Advanced Retinol Daily Repair Face Moisturizer Broad Spectrum SPF30 50ml,StriVectin,13663086,13663086,99.0,USD,InStock,NewCondition,,,Brands / StriVectin / StriVectin Advanced Retinol Daily Repair Face Moisturizer Broad Spectrum SPF30 50ml, Daily moisturizer targets multiple signs of aging &amp; defends skin with Broad Spectrum SPF 30 protection. ,"Active Ingredients: Avobenzone 2.70%, Homosalate 6.30%, Octisalate 4.05%, Octocrylene 9.00% Inactive Ingredients: Aqua/Water/Eau, Propanediol, Isononyl Isononanoate, Myristyl Nicotinate, Glycerin, Cetearyl Alcohol, Ethylhexyl Isononanoate, Coco-Glucoside, Potassium Cetyl Phosphate, Prunus Persica (Peach) Flower Extract, Nicotiana Benthanmiana Hexapeptide-40 Sh-Polypeptide-76, Retinol, Beta-Glucan, Zingiber Officinale (Ginger) Root Extract, Bisabolol, Beta-Sitosterol, Hibiscus Sabdariffa Fruit Extract, Oryza Sativa (Rice) Germ Extract, Glycine Soja (Soybean) Extract, Oryza Sativa (Rice) Extract, Dimethicone, Bacillus/Sea Salt Ferment Filtrate, Sodium Hyaluronate, Gluconolactone, Polyglyceryl-3 Diisostearate, Glycine Soja (Soybean) Oil, Ascorbyl Palmitate, Ascorbic Acid, Tocopheryl Acetate, Polysorbate 20, Erythritol, Glucose, Pentylene Glycol, Butylene Glycol, Methyl Methacrylate/Glycol Dimethacrylate Crosspolymer, Caprylyl Glycol, Sodium Acrylates Copolymer, Lecithin, 1,2-Hexanediol, Acrylates/C10-30 Alkyl Acrylate Crosspolymer, Tetrasodium Glutamate Diacetate, Caprylhydroxamic Acid, Polysilicone-11, Propyl Gallate, Parfum/Fragrance, Aminomethyl Propanol, Disodium Edta, Xanthan Gum, Phenethyl Alcohol, Citric Acid, Bht, Sodium Benzoate, Potassium Sorbate, Alpha-Isomethyl Ionone [Iln 48993]
For the latest information, it is recommended to review the ingredient list printed on the packaging of the product prior to usage or consumption.","<div aria-labelledby=""Ingredients"" class=""content max-h-0 invisible translate-y-1/4 underline-hyperlink"" id=""product-description-2""> <div class=""attribute-content break-words""> <div class=""flex flex-col gap-2""><p>Active Ingredients: Avobenzone 2.70%, Homosalate 6.30%, Octisalate 4.05%, Octocrylene 9.00% Inactive Ingredients: Aqua/Water/Eau, Propanediol, Isononyl Isononanoate, Myristyl Nicotinate, Glycerin, Cetearyl Alcohol, Ethylhexyl Isononanoate, Coco-Glucoside, Potassium Cetyl Phosphate, Prunus Persica (Peach) Flower Extract, Nicotiana Benthanmiana Hexapeptide-40 Sh-Polypeptide-76, Retinol, Beta-Glucan, Zingiber Officinale (Ginger) Root Extract, Bisabolol, Beta-Sitosterol, Hibiscus Sabdariffa Fruit Extract, Oryza Sativa (Rice) Germ Extract, Glycine Soja (Soybean) Extract, Oryza Sativa (Rice) Extract, Dimethicone, Bacillus/Sea Salt Ferment Filtrate, Sodium Hyaluronate, Gluconolactone, Polyglyceryl-3 Diisostearate, Glycine Soja (Soybean) Oil, Ascorbyl Palmitate, Ascorbic Acid, Tocopheryl Acetate, Polysorbate 20, Erythritol, Glucose, Pentylene Glycol, Butylene Glycol, Methyl Methacrylate/Glycol Dimethacrylate Crosspolymer, Caprylyl Glycol, Sodium Acrylates Copolymer, Lecithin, 1,2-Hexanediol, Acrylates/C10-30 Alkyl Acrylate Crosspolymer, Tetrasodium Glutamate Diacetate, Caprylhydroxamic Acid, Polysilicone-11, Propyl Gallate, Parfum/Fragrance, Aminomethyl Propanol, Disodium Edta, Xanthan Gum, Phenethyl Alcohol, Citric Acid, Bht, Sodium Benzoate, Potassium Sorbate, Alpha-Isomethyl Ionone [Iln 48993]</p>
<p><em><strong>For the latest information, it is recommended to review the ingredient list printed on the packaging of the product prior to usage or consumption.</strong></em></p></div> </div> </div>",Apply daily to clean face in the morning. Massage evenly and gently into skin.,"<div aria-labelledby=""How-to-Use"" class=""content max-h-0 invisible translate-y-1/4 underline-hyperlink"" id=""product-description-1""> <div class=""attribute-content break-words""> <div class=""flex flex-col gap-2""><p>Apply daily to clean face in the morning. Massage evenly and gently into skin.</p></div> </div> </div>",,,Advanced Retinol,50ml,"https://static.thcdn.com/productimg/original/13663086-1384959113890944.jpg, https://static.thcdn.com/productimg/original/13663086-1934964306360334.jpg",4a5d7e0d-4a14-53d1-ac22-28e87ad57d96,2024-02-11 11:16:16
https://www.dermstore.com/p/sisley-paris-phyto-blanc-le-concentre-pure-bright-activating-serum-20ml/14764453/,Sisley Paris Phyto-Blanc Le Concentre Pure Bright Activating Serum 20ml,Sisley Paris,14764453,14764453,460.0,USD,InStock,NewCondition,,,Brands / Sisley Paris / Sisley Paris Phyto-Blanc Le Concentre Pure Bright Activating Serum 20ml," A powerful clarity enhancing serum, Phyto Blanc Le Concentré Pure Bright Activating Serum helps provide an intense, overall brightening effect and visibly diminishing the look of dark spots. 
 This serum provides a global action on 3 levels. 
 1. AN INTENSE BRIGHTENING ACTION 
 Le Concentré provides an intense brightening effect on the face due to the Egyptian Myrobolan extract. 
 2. A TARGETED APPROACH TO VISIBLY DIMINISHING THE LOOK OF DARK SPOTS 
 With a PATENDED COMPLEX* OF 4 KEY INGREDIENTS, Le Concentré offers an overall action at each stage of the emergence of dark spots and provides a visible rapid and targeted approach on the appearance and the intensity of look of dark spots. 
 3. A PROTECTIVE ACTION 
 Vitamin E Acetate and alpha-Bisabolol of natural origin, contribute to protecting the skin from harmful external factors that can lead to the formation of dark spots. 
 Size and intensity of dark spots look diminished. Skin seems brighter, more transparent and crystalline, with the overall complexion looking more even. 
 *patent pending ","Aqua/Water/Eau, Helianthus Annuus (Sunflower) Seed Oil, Glycerin, Butylene Glycol, Niacinamide, Tocopheryl Acetate, Hexylresorcinol, Bisabolol, Sucrose Dilaurate, Balanites Roxburghii Seed Oil, Pisum Sativum (Pea) Extract, Thymus Serpyllum Extract, Lavandula Angustifolia (Lavender) Oil, Thymus Mastichina Flower Oil, Silica, Acrylates/C10-30 Alkyl Acrylate Crosspolymer, Xanthan Gum, Sodium Hydroxide, Disodium Edta, Polysorbate 20, Citric Acid, Caprylyl Glycol, P-Anisic Acid, Phenoxyethanol, Sorbic Acid, Linalool, Limonene, Geraniol. Il#1A Please Note That The Ingredient List In The Composition Of Sisley And Hair Rituel By Sisley-Paris May Change Or Vary Over Time. Please Refer To The Product Packaging You Receive Before Using For The Most Up To Date Ingredient List.
For the latest information, it is recommended to review the ingredient list printed on the packaging of the product prior to usage or consumption.","<div aria-labelledby=""Ingredients"" class=""content max-h-0 invisible translate-y-1/4 underline-hyperlink"" id=""product-description-2""> <div class=""attribute-content break-words""> <div class=""flex flex-col gap-2""><p>Aqua/Water/Eau, Helianthus Annuus (Sunflower) Seed Oil, Glycerin, Butylene Glycol, Niacinamide, Tocopheryl Acetate, Hexylresorcinol, Bisabolol, Sucrose Dilaurate, Balanites Roxburghii Seed Oil, Pisum Sativum (Pea) Extract, Thymus Serpyllum Extract, Lavandula Angustifolia (Lavender) Oil, Thymus Mastichina Flower Oil, Silica, Acrylates/C10-30 Alkyl Acrylate Crosspolymer, Xanthan Gum, Sodium Hydroxide, Disodium Edta, Polysorbate 20, Citric Acid, Caprylyl Glycol, P-Anisic Acid, Phenoxyethanol, Sorbic Acid, Linalool, Limonene, Geraniol. Il#1A Please Note That The Ingredient List In The Composition Of Sisley And Hair Rituel By Sisley-Paris May Change Or Vary Over Time. Please Refer To The Product Packaging You Receive Before Using For The Most Up To Date Ingredient List.</p>
<p><em><strong>For the latest information, it is recommended to review the ingredient list printed on the packaging of the product prior to usage or consumption.</strong></em></p>
<p></p></div> </div> </div>",Apply morning and evening before your daily skin care throughout the year. It can also be use as a seasonal treatment according to your needs. Apply two pumps to the face and neck.,"<div aria-labelledby=""How-to-Use"" class=""content max-h-0 invisible translate-y-1/4 underline-hyperlink"" id=""product-description-1""> <div class=""attribute-content break-words""> <div class=""flex flex-col gap-2""><p>Apply morning and evening before your daily skin care throughout the year. It can also be use as a seasonal treatment according to your needs. Apply two pumps to the face and neck.</p></div> </div> </div>",,,,,"https://static.thcdn.com/productimg/original/14764453-2035167580675037.jpg, https://static.thcdn.com/productimg/original/14764453-5165167580710503.jpg, https://static.thcdn.com/productimg/original/14764453-7145167580763105.jpg",9712e7a4-a173-5e47-8457-6c1bda4c5ea3,2024-02-11 11:16:17
https://www.dermstore.com/p/eminence-stone-crop-gel-wash/11370322/,Eminence Organic Skin Care Stone Crop Gel Wash 4.2 fl. oz,Eminence Organic Skin Care,11370322,11370322,48.0,USD,InStock,NewCondition,4.77,233,Brands / Eminence Organic Skin Care / Eminence Organic Skin Care Stone Crop Gel Wash 4.2 fl. oz," Eminence Organic Skin Care's Stone Crop Gel Wash hydrates and cleanses your skin in one multitasking step. This nourishing face wash includes the unique ingredient stone crop pulp that works to calm and remove dehydrated layers of cells from the surface of your skin. It promotes a smoother and softer skin texture. Gluten-free, Nut-free, Vegan 
  Key Benefits  
 
  The skin is perfectly cleansed without feeling dehydrated 
  The appearance of surface build-up and impurities are removed 
  The complexion appears clear, smooth and bright 
 
  Key Ingredients  
 Stone Crop: hydrating and nourishing for uneven skin tones 
 Chamomile: revitalizes, calms and balances the appearance of skin​ 
 Shea Butter: calming and restorative agent ","Organic Phytonutrient BlendTM [Aloe Barbadensis (Aloe) Leaf Juice*, Helianthus Annuus (Sunflower) Seed Oil*, Citrus Limon (Lemon) Peel Extract*, Arctostaphylos Uva-Ursi (Bearberry) Leaf Extract*, Jasminum Officinale (Jasmine) Flower Extract*, Lavandula Angustifolia (Lavender) Flower Extract*, Calendula Officinalis Flower Extract*, Sempervivum Tectorum (Stone Crop) Extract*, Oryza Sativa (Rice) Extract*, Camellia Sinensis (Green Tea) Leaf Extract*, Rosmarinus Officinalis (Rosemary) Leaf Extract*, Glycine Soja (Soybean) Germ Extract*, Chlorella Pyrenoidosa (Green Algae) Extract* and Vegetable Glycerin*], Cellulose Gum, Citric Acid, Coco-Betaine, Sodium Cocoyl Isethionate, Decyl Glucoside, Polyglyceryl-10 Caprylate/Caprate, Coco-Glucoside, Glyceryl Oleate, Xanthan Gum, Limnanthes Alba (Meadowfoam) Seed Oil, Ethylhexylglycerin, Chamomilla Recutita (Matricaria) (Chamomile) Flower Extract*, Butyrospermum Parkii (Shea) Butter*, Vegetable Heptyl Glucoside, Corn-Derived Propanediol, 1,2-Hexanediol, Caprylyl Glycol, Tropolone, Natural Fragrance, Biocomplex2TM [Euterpe Oleracea (Acai) Fruit Extract*, Citrus Limon (Lemon) Juice*, Malpighia Glabra (Barbados Cherry) Fruit Extract*, Emblica Officinalis (Indian Gooseberry) Fruit Extract*, Adansonia Digitata (Baobab) Fruit Extract*, Myrciaria Dubia (Camu Camu) Fruit Extract*, Daucus Carota Sativa (Carrot) Root Extract*, Cocos Nucifera (Coconut) Water*, Lycium Barbarum (Goji) Fruit Extract*, Helianthus Annuus (Sunflower) Seed Oil*, Plant-Derived Maltodextrin*, Vegetable Glycerin*, Thioctic Acid (Alpha Lipoic Acid) and Ubiquinone (Coenzyme Q10)].
*Certified organic ingredient
Eminence Organics is constantly innovating their product formulations to deliver the best results.
For the latest information, it is recommended to review the ingredient list printed on the packaging of the product prior to usage or consumption.","<div aria-labelledby=""Ingredients"" class=""content max-h-0 invisible translate-y-1/4 underline-hyperlink"" id=""product-description-4""> <div class=""attribute-content break-words""> <div class=""flex flex-col gap-2""><p>Organic Phytonutrient Blend<sup>TM</sup> [Aloe Barbadensis (Aloe) Leaf Juice*, Helianthus Annuus (Sunflower) Seed Oil*, Citrus Limon (Lemon) Peel Extract*, Arctostaphylos Uva-Ursi (Bearberry) Leaf Extract*, Jasminum Officinale (Jasmine) Flower Extract*, Lavandula Angustifolia (Lavender) Flower Extract*, Calendula Officinalis Flower Extract*, Sempervivum Tectorum (Stone Crop) Extract*, Oryza Sativa (Rice) Extract*, Camellia Sinensis (Green Tea) Leaf Extract*, Rosmarinus Officinalis (Rosemary) Leaf Extract*, Glycine Soja (Soybean) Germ Extract*, Chlorella Pyrenoidosa (Green Algae) Extract* and Vegetable Glycerin*], Cellulose Gum, Citric Acid, Coco-Betaine, Sodium Cocoyl Isethionate, Decyl Glucoside, Polyglyceryl-10 Caprylate/Caprate, Coco-Glucoside, Glyceryl Oleate, Xanthan Gum, Limnanthes Alba (Meadowfoam) Seed Oil, Ethylhexylglycerin, Chamomilla Recutita (Matricaria) (Chamomile) Flower Extract*, Butyrospermum Parkii (Shea) Butter*, Vegetable Heptyl Glucoside, Corn-Derived Propanediol, 1,2-Hexanediol, Caprylyl Glycol, Tropolone, Natural Fragrance, Biocomplex2<sup>TM</sup> [Euterpe Oleracea (Acai) Fruit Extract*, Citrus Limon (Lemon) Juice*, Malpighia Glabra (Barbados Cherry) Fruit Extract*, Emblica Officinalis (Indian Gooseberry) Fruit Extract*, Adansonia Digitata (Baobab) Fruit Extract*, Myrciaria Dubia (Camu Camu) Fruit Extract*, Daucus Carota Sativa (Carrot) Root Extract*, Cocos Nucifera (Coconut) Water*, Lycium Barbarum (Goji) Fruit Extract*, Helianthus Annuus (Sunflower) Seed Oil*, Plant-Derived Maltodextrin*, Vegetable Glycerin*, Thioctic Acid (Alpha Lipoic Acid) and Ubiquinone (Coenzyme Q10)].</p>
<p>*Certified organic ingredient</p>
<p>Eminence Organics is constantly innovating their product formulations to deliver the best results.</p>
<p><em><strong>For the latest information, it is recommended to review the ingredient list printed on the packaging of the product prior to usage or consumption.</strong></em></p></div> </div> </div>","Mix (dilute) a small amount of the product (pea size) with water in hands, apply and massage into skin with fingertips in a circular motion covering the face and neck for 1—3 minutes. Completely remove with a damp face cloth and then finish with an application of toner. As an eye makeup remover, gently use in a circular motion away from the eyes and rinse thoroughly with water.","<div aria-labelledby=""How-to-Use"" class=""content max-h-0 invisible translate-y-1/4 underline-hyperlink"" id=""product-description-2""> <div class=""attribute-content break-words""> <div class=""flex flex-col gap-2""><p>Mix (dilute) a small amount of the product (pea size) with water in hands, apply and massage into skin with fingertips in a circular motion covering the face and neck for 1—3 minutes. Completely remove with a damp face cloth and then finish with an application of toner. As an eye makeup remover, gently use in a circular motion away from the eyes and rinse thoroughly with water.</p></div> </div> </div>","Application Area: FaceCleansers and Exfoliators: Face WashIdeal for these Concerns: Free Radical Damage, Hyperpigmentation, Hypersensitive SkinFeatures: Adaptogenic Skin CareIngredient: Essential Oils, Shea ButterPreferences: Certified Cruelty-Free, Certified Organic, Gluten-Free, Natural, Paraben-Free, Phthalate-Free, Sulfate-Free, VeganSkin Care: Cleansers and ExfoliatorsSkin Type: Acne-Prone Skin, Combination Skin, Dry Skin, Mature Skin, Normal Skin, Oily Skin, Sensitive Skin","<div aria-labelledby=""Skin-Type-&amp;-Concerns"" class=""content max-h-0 invisible translate-y-1/4 underline-hyperlink"" id=""product-description-3""> <div class=""attribute-content break-words""> <div class=""flex flex-col gap-2""><p><strong>Application Area:</strong> <a href=""/application-area/face.list"">Face</a><br/><strong>Cleansers and Exfoliators:</strong> <a href=""/skin-care/cleansers/face-wash.list"">Face Wash</a><br/><strong>Ideal for these Concerns:</strong> <a href=""/treatment/free-radical-damage.list"">Free Radical Damage</a>, <a href=""/treatment/hyperpigmentation-treatments.list"">Hyperpigmentation</a>, <a href=""/treatment/hypersensitive-skin.list"">Hypersensitive Skin</a><br/><strong>Features:</strong> <a href=""/adaptogens.list"">Adaptogenic Skin Care</a><br/><strong>Ingredient:</strong> <a href=""/bath-body/body-care/essential-oils.list"">Essential Oils</a>, <a href=""/ingredient/shea-butter.list"">Shea Butter</a><br/><strong>Preferences:</strong> <a href=""/cruelty-free.list"">Certified Cruelty-Free</a>, <a href=""/organic-beauty/certified-organic.list"">Certified Organic</a>, <a href=""/organic-beauty/gluten-free.list"">Gluten-Free</a>, <a href=""/organic-beauty/natural.list"">Natural</a>, <a href=""/preferences/paraben-free.list"">Paraben-Free</a>, <a href=""/preferences/phthalate-free.list"">Phthalate-Free</a>, <a href=""/preferences/sulfate-free.list"">Sulfate-Free</a>, <a href=""/vegan.list"">Vegan</a><br/><strong>Skin Care:</strong> <a href=""/skin-care/cleansers.list"">Cleansers and Exfoliators</a><br/><strong>Skin Type:</strong> <a href=""/skin-care/acne-prone-skin.list"">Acne-Prone Skin</a>, <a href=""/skin-care/combination-skin.list"">Combination Skin</a>, <a href=""/skin-care/dry-skin.list"">Dry Skin</a>, <a href=""/skin-care/mature-skin.list"">Mature Skin</a>, <a href=""/skin-care/normal-skin.list"">Normal Skin</a>, <a href=""/skin-care/oily-skin.list"">Oily Skin</a>, <a href=""/skin-care/sensitive-skin.list"">Sensitive Skin</a></p></div> </div> </div>",Stone Crop,4 oz,"https://static.thcdn.com/productimg/original/11370322-1384871762071386.jpg, https://static.thcdn.com/productimg/original/11370322-1784871762020536.jpg, https://static.thcdn.com/productimg/original/11370322-2044864242240924.jpg",e904597d-f213-52fc-afe0-4d7da85bfb52,2024-02-11 11:16:18
https://www.dermstore.com/p/is-clinical-extreme-protect-spf-30/11287898/,iS Clinical Extreme Protect SPF 30 (3.5 oz.),iS Clinical,11287898,11287898,80.0,USD,InStock,NewCondition,4.63,27,Brands / iS Clinical / iS Clinical Extreme Protect SPF 30 (3.5 oz.)," iS by Innovative Skincare Extreme Protect SPF 30 hydrates, repairs and protects the skin during sun exposure. Gotu kola extract promotes elasticity to diminish the appearance of fine lines and wrinkles. Aloe and vitamin E soothe, nourish and smooth the skin. Olive leaf extract reduces redness and protects against sun damage. ","Active Ingredients: Octinoxate 5.50%, Zinc Oxide 4.12%
Inactive ingredients: Water, Polyacrylamide, Tocopherol, Ethylhexyl Palmitate, PPG-3 Myristyl Ether, Cetyl Alcohol, Glycol Stearate SE, VP/Hexadecene Copolymer, Olea Europaea (Olive) Leaf Extract, Aloe Barbadensis Leaf Juice, Asiaticoside, Asiatic Acid, Madecassic Acid, Potassium Cetyl Phosphate, Hydrogenated Palm Glycerides, Ethyl Linoleate, Oleyl Alcohol, Glyceryl Stearate, Octyldodecyl Neopentanoate, Caprylyl Glycol, Hexylene Glycol, PEG-100 Stearate, C13-14 Isoparaffin, Laureth-7, Phenoxyethanol.
For the latest information, it is recommended to review the ingredient list printed on the packaging of the product prior to usage or consumption.","<div aria-labelledby=""Ingredients"" class=""content max-h-0 invisible translate-y-1/4 underline-hyperlink"" id=""product-description-3""> <div class=""attribute-content break-words""> <div class=""flex flex-col gap-2""><p><strong>Active Ingredients:</strong> Octinoxate 5.50%, Zinc Oxide 4.12%</p>
<p><strong>Inactive ingredients:</strong> Water, Polyacrylamide, Tocopherol, Ethylhexyl Palmitate, PPG-3 Myristyl Ether, Cetyl Alcohol, Glycol Stearate SE, VP/Hexadecene Copolymer, Olea Europaea (Olive) Leaf Extract, Aloe Barbadensis Leaf Juice, Asiaticoside, Asiatic Acid, Madecassic Acid, Potassium Cetyl Phosphate, Hydrogenated Palm Glycerides, Ethyl Linoleate, Oleyl Alcohol, Glyceryl Stearate, Octyldodecyl Neopentanoate, Caprylyl Glycol, Hexylene Glycol, PEG-100 Stearate, C13-14 Isoparaffin, Laureth-7, Phenoxyethanol.</p>
<p><em><strong>For the latest information, it is recommended to review the ingredient list printed on the packaging of the product prior to usage or consumption.</strong></em></p></div> </div> </div>","Apply generously and evenly prior to sun exposure. Reapply as needed or after swimming, towel drying, perspiring heavily, or washing.","<div aria-labelledby=""How-to-Use"" class=""content max-h-0 invisible translate-y-1/4 underline-hyperlink"" id=""product-description-1""> <div class=""attribute-content break-words""> <div class=""flex flex-col gap-2""><p>Apply generously and evenly prior to sun exposure. Reapply as needed or after swimming, towel drying, perspiring heavily, or washing.</p></div> </div> </div>","Application Area: FaceIdeal for these Concerns: RednessFace Sun Care: Face SunscreenIngredient: Aloe Vera, Antioxidants, Vitamin E, Zinc OxidePreferences: Dermatologist Approved, Paraben-FreeSkin Care: Face Sun CareSkin Type: Mature SkinSPF: SPF 30+Wellness | External Factors: UV Ray Protectors and Treatments","<div aria-labelledby=""Skin-Type-&amp;-Concerns"" class=""content max-h-0 invisible translate-y-1/4 underline-hyperlink"" id=""product-description-2""> <div class=""attribute-content break-words""> <div class=""flex flex-col gap-2""><p><strong>Application Area:</strong> <a href=""/application-area/face.list"">Face</a><br/><strong>Ideal for these Concerns:</strong> <a href=""/treatment/redness.list"">Redness</a><br/><strong>Face Sun Care:</strong> <a href=""/skin-care/face-sun-care/face-sunscreen.list"">Face Sunscreen</a><br/><strong>Ingredient:</strong> <a href=""/ingredient/aloe-vera.list"">Aloe Vera</a>, <a href=""/ingredient/antioxidants.list"">Antioxidants</a>, <a href=""/ingredient/vitamin-e.list"">Vitamin E</a>, <a href=""/ingredient/zinc-oxide.list"">Zinc Oxide</a><br/><strong>Preferences:</strong> <a href=""/skin-care/treatments-serums/dermatologist-approved.list"">Dermatologist Approved</a>, <a href=""/preferences/paraben-free.list"">Paraben-Free</a><br/><strong>Skin Care:</strong> <a href=""/skin-care/face-sun-care.list"">Face Sun Care</a><br/><strong>Skin Type:</strong> <a href=""/skin-care/mature-skin.list"">Mature Skin</a><br/><strong>SPF:</strong> <a href=""/bath-body/body-sun-care/spf-30-plus.list"">SPF 30+</a><br/><strong>Wellness | External Factors:</strong> <a href=""/bath-body/body-sun-care/uv-ray-protectors-treatments.list"">UV Ray Protectors and Treatments</a></p></div> </div> </div>",,,"https://static.thcdn.com/productimg/original/11287898-6464871742933792.jpg, https://static.thcdn.com/productimg/original/11287898-8755165671113786.jpg, https://static.thcdn.com/productimg/original/11287898-2035165671162224.jpg, https://static.thcdn.com/productimg/original/11287898-2085165670116457.jpg",025279ad-d5df-5cec-9e9d-b1293b6053f4,2024-02-11 11:16:19
https://www.dermstore.com/p/dphue-blonding-brush-0.65-fl.-oz/12902951/,dpHUE Blonding Brush,dpHUE,12902951,12902951,28.0,USD,InStock,NewCondition,3.5,2,Brands / dpHUE / dpHUE Blonding Brush," Create sunkissed highlights at-home to frame your face, lighten your tips and blend at your root. The Blonding Brush from dpHUE is expertly formulated with Lemon Juice and Hydrogen Peroxide for gentle, gradual lightening, activated by the sun or a blow dryer. It's enhanced with conditioning agents to maintain the health of your hair and purple pigments to counteract warm tones in the lightening process. The soft-bristle brush with precision applicator enables you to brighten even the finest sections and strands of hair. ","Water/Aqua/Eau, Citrus Limon (Lemon) Juice, Hydrogen Peroxide, Propanediol, Glycerin, Bis-C16-20 Isoalkoxy TMHDI/PEG-90 Copolymer, Guar Hydroxypropyltrimonium Chloride, Phenoxyethanol, Ethylhexylglycerin, Acid Violet 43 (Ext. Violet 2).
For the latest information, it is recommended to review the ingredient list printed on the packaging of the product prior to usage or consumption.","<div aria-labelledby=""Ingredients"" class=""content max-h-0 invisible translate-y-1/4 underline-hyperlink"" id=""product-description-4""> <div class=""attribute-content break-words""> <div class=""flex flex-col gap-2""><p>Water/Aqua/Eau, Citrus Limon (Lemon) Juice, Hydrogen Peroxide, Propanediol, Glycerin, Bis-C16-20 Isoalkoxy TMHDI/PEG-90 Copolymer, Guar Hydroxypropyltrimonium Chloride, Phenoxyethanol, Ethylhexylglycerin, Acid Violet 43 (Ext. Violet 2).</p>
<p><em><strong>For the latest information, it is recommended to review the ingredient list printed on the packaging of the product prior to usage or consumption.</strong></em></p></div> </div> </div>","Works best on pre-lightened or natural blonde hair. Apply on damp or dry hair. Remove bottom safety cap. Hold applicator upright and click bo­ttom to bring product to brush. Hold strands between forefinger and thumb and pull away from face. Using brush tip, paint onto targeted areas. Repeat process as desired, using one click between applications. Product will activate when heated, by sun or hair dryer.","<div aria-labelledby=""How-to-Use"" class=""content max-h-0 invisible translate-y-1/4 underline-hyperlink"" id=""product-description-2""> <div class=""attribute-content break-words""> <div class=""flex flex-col gap-2""><p>Works best on pre-lightened or natural blonde hair. Apply on damp or dry hair. Remove bottom safety cap. Hold applicator upright and click bo­ttom to bring product to brush. Hold strands between forefinger and thumb and pull away from face. Using brush tip, paint onto targeted areas. Repeat process as desired, using one click between applications. Product will activate when heated, by sun or hair dryer.</p></div> </div> </div>","Application Area: HairHair Care: Hair ColorHair Type: Color-Treated Hair, Normal HairPreferences: Certified Cruelty-Free, Gluten-Free, Paraben-Free, Phthalate-Free, Sulfate-Free, Vegan","<div aria-labelledby=""Skin-Type-&amp;-Concerns"" class=""content max-h-0 invisible translate-y-1/4 underline-hyperlink"" id=""product-description-3""> <div class=""attribute-content break-words""> <div class=""flex flex-col gap-2""><p><strong>Application Area:</strong> <a href=""/application-area/hair.list"">Hair</a><br/><strong>Hair Care:</strong> <a href=""/hair-care/hair-color.list"">Hair Color</a><br/><strong>Hair Type:</strong> <a href=""/hair-care/color-treated-hair.list"">Color-Treated Hair</a>, <a href=""/hair-care/normal-hair.list"">Normal Hair</a><br/><strong>Preferences:</strong> <a href=""/cruelty-free.list"">Certified Cruelty-Free</a>, <a href=""/organic-beauty/gluten-free.list"">Gluten-Free</a>, <a href=""/preferences/paraben-free.list"">Paraben-Free</a>, <a href=""/preferences/phthalate-free.list"">Phthalate-Free</a>, <a href=""/preferences/sulfate-free.list"">Sulfate-Free</a>, <a href=""/vegan.list"">Vegan</a></p></div> </div> </div>",,,"https://static.thcdn.com/productimg/original/12902951-1294943563942668.jpg, https://static.thcdn.com/productimg/original/12902951-5014943564000607.jpg, https://static.thcdn.com/productimg/original/12902951-4884943564060466.jpg, https://static.thcdn.com/productimg/original/12902951-1954943564113254.jpg, https://static.thcdn.com/productimg/original/12902951-9294943564161644.jpg",5d8e156c-cd50-5c29-993c-efc4f4baed51,2024-02-11 11:16:19
https://www.dermstore.com/p/pca-skin-c-e-advanced-with-hexylresorcinol-and-silymarin/11837067/,PCA SKIN CE Advanced with Hexylresorcinol and Silymarin (1 fl. oz.),PCA SKIN,11837067,11837067,130.0,USD,InStock,NewCondition,4.8100000000000005,16,Brands / PCA SKIN / PCA SKIN CE Advanced with Hexylresorcinol and Silymarin (1 fl. oz.)," PCA Skin's CE Advanced with Hexylresorcinol and Silymarin works deep below the surface to thwart dryness and encourage a healthy glow. This lightweight skin care solution's deeply nourishing formula combines antioxidants and vitamin C, working to effectively reduce fine lines, discoloration and free radical damage. 
  Key Ingredients:  
 
   20% L-Ascorbic Acid:  pure vitamin C brightens the skin while protecting against free radical damage 
   5% Tocopherol:  pure vitamin E protects against free radical damage and improves skin water binding capabilities 
   1% Hexylresorcinol:  an age-fighting agent that brightens and promotes an even skin tone 
   1% Silymarin:  powerful antioxidant that has anti-inflammatory benefits and helps fight free radical damage 
 
  Key Benefits:  
 
  Protects skin from free radical damage 
  Minimizes fine lines and wrinkles 
  Therapeutic/highest levels of ingredients 
  Reduces hyperpigmentation 
 ","Cyclopentasiloxane, Ascorbic Acid, Ethylhexyl Hydroxystearate, Polysilicone-11, Tocopherol, Isosorbide Dicaprylate, Polymethylsilsesquioxane, Hexylresorcinol, Silybum Marianum Fruit Extract, Hordeum Distichon (Barley) Extract, Citrus Aurantium Dulcis (Orange) Oil, Silica, Phellodendron Amurense Bark Extract, Santalum Album (Sandalwood) Wood Extract.
For the latest information, it is recommended to review the ingredient list printed on the packaging of the product prior to usage or consumption.","<div aria-labelledby=""Ingredients"" class=""content max-h-0 invisible translate-y-1/4 underline-hyperlink"" id=""product-description-4""> <div class=""attribute-content break-words""> <div class=""flex flex-col gap-2""><p>Cyclopentasiloxane, Ascorbic Acid, Ethylhexyl Hydroxystearate, Polysilicone-11, Tocopherol, Isosorbide Dicaprylate, Polymethylsilsesquioxane, Hexylresorcinol, Silybum Marianum Fruit Extract, Hordeum Distichon (Barley) Extract, Citrus Aurantium Dulcis (Orange) Oil, Silica, Phellodendron Amurense Bark Extract, Santalum Album (Sandalwood) Wood Extract.</p>
<p><em><strong>For the latest information, it is recommended to review the ingredient list printed on the packaging of the product prior to usage or consumption.</strong></em></p></div> </div> </div>","After cleansing, toning and applying any PCA SKIN® treatment serums, apply to the face and neck in the morning. Patients might experience a slight tingling sensation upon application. Follow with the appropriate PCA SKIN broad-spectrum SPF product in the daytime and moisturizer in the evening.","<div aria-labelledby=""How-to-Use"" class=""content max-h-0 invisible translate-y-1/4 underline-hyperlink"" id=""product-description-2""> <div class=""attribute-content break-words""> <div class=""flex flex-col gap-2""><p>After cleansing, toning and applying any PCA SKIN® treatment serums, apply to the face and neck in the morning. Patients might experience a slight tingling sensation upon application. Follow with the appropriate PCA SKIN broad-spectrum SPF product in the daytime and moisturizer in the evening.</p></div> </div> </div>","Aging Skin: Fine Lines and WrinklesApplication Area: Decollete, Face, NeckIdeal for these Concerns: Dryness and Dehydration, Free Radical Damage, Hyperpigmentation, Sun DamageIngredient: Antioxidants, Herbal Extracts, Vitamin C, Vitamin EPreferences: Fragrance-Free, Paraben-Free, Phthalate-Free, Sulfate-FreeSkin Care: Skin Care TreatmentsSkin Care Treatments: Face SerumsSkin Type: Combination Skin, Dry Skin, Normal Skin, Oily Skin, Sensitive Skin","<div aria-labelledby=""Skin-Type-&amp;-Concerns"" class=""content max-h-0 invisible translate-y-1/4 underline-hyperlink"" id=""product-description-3""> <div class=""attribute-content break-words""> <div class=""flex flex-col gap-2""><p><strong>Aging Skin:</strong> <a href=""/skin-care/treatments-serums/wrinkle-cream.list"">Fine Lines and Wrinkles</a><br/><strong>Application Area:</strong> <a href=""/application-area/decollete.list"">Decollete</a>, <a href=""/application-area/face.list"">Face</a>, <a href=""/application-area/neck.list"">Neck</a><br/><strong>Ideal for these Concerns:</strong> <a href=""/skin-care/dryness-dehydration.list"">Dryness and Dehydration</a>, <a href=""/treatment/free-radical-damage.list"">Free Radical Damage</a>, <a href=""/treatment/hyperpigmentation-treatments.list"">Hyperpigmentation</a>, <a href=""/treatment/sun-damage.list"">Sun Damage</a><br/><strong>Ingredient:</strong> <a href=""/ingredient/antioxidants.list"">Antioxidants</a>, <a href=""/ingredient/herbal-extracts.list"">Herbal Extracts</a>, <a href=""/ingredient/vitamin-c.list"">Vitamin C</a>, <a href=""/ingredient/vitamin-e.list"">Vitamin E</a><br/><strong>Preferences:</strong> <a href=""/fragrance/fragrance-free.list"">Fragrance-Free</a>, <a href=""/preferences/paraben-free.list"">Paraben-Free</a>, <a href=""/preferences/phthalate-free.list"">Phthalate-Free</a>, <a href=""/preferences/sulfate-free.list"">Sulfate-Free</a><br/><strong>Skin Care:</strong> <a href=""/skin-care/treatments-serums.list"">Skin Care Treatments</a><br/><strong>Skin Care Treatments:</strong> <a href=""/skin-care/treatments-serums/face-serum.list"">Face Serums</a><br/><strong>Skin Type:</strong> <a href=""/skin-care/combination-skin.list"">Combination Skin</a>, <a href=""/skin-care/dry-skin.list"">Dry Skin</a>, <a href=""/skin-care/normal-skin.list"">Normal Skin</a>, <a href=""/skin-care/oily-skin.list"">Oily Skin</a>, <a href=""/skin-care/sensitive-skin.list"">Sensitive Skin</a></p></div> </div> </div>",,1 oz,https://static.thcdn.com/productimg/original/11837067-4905038190859444.jpg,563bec2d-7b18-56fa-af08-b4eb6bc700e7,2024-02-11 11:16:20
https://www.dermstore.com/p/rejuvi-q-flavonoid-complex-1-fl.-oz./12918861/,Rejuvi 'q' Flavonoid Complex (1 oz.),Rejuvi,12918861,12918861,65.0,USD,InStock,NewCondition,4.3,40,Brands / Rejuvi / Rejuvi 'q' Flavonoid Complex (1 oz.)," Rejuvi q Flavonoid Complex helps minimize the appearance of broken capillaries, spider veins, excessive redness and scaring using an effective formula that includes a high-potency blend of vitamins C, P and K and grape seed extract. It also helps the skin look significantly healthier, as it helps defend against future skin damage. ","Bioflavonoid, Arnica extract, Sweet Almond oil, Polysorbate 20, Vitamin K1, Grape seed extract, Methylparaben, Essential oil.
For the latest information, it is recommended to review the ingredient list printed on the packaging of the product prior to usage or consumption.","<div aria-labelledby=""Ingredients"" class=""content max-h-0 invisible translate-y-1/4 underline-hyperlink"" id=""product-description-3""> <div class=""attribute-content break-words""> <div class=""flex flex-col gap-2""><p>Bioflavonoid, Arnica extract, Sweet Almond oil, Polysorbate 20, Vitamin K1, Grape seed extract, Methylparaben, Essential oil.</p>
<p><em><strong>For the latest information, it is recommended to review the ingredient list printed on the packaging of the product prior to usage or consumption.</strong></em></p></div> </div> </div>","Apply daily, in the morning and evening. Mix with a few drops of Rejuvi 'x'-cell Vitamin C Complex and message into the skin.","<div aria-labelledby=""How-to-Use"" class=""content max-h-0 invisible translate-y-1/4 underline-hyperlink"" id=""product-description-1""> <div class=""attribute-content break-words""> <div class=""flex flex-col gap-2""><p>Apply daily, in the morning and evening. Mix with a few drops of Rejuvi 'x'-cell Vitamin C Complex and message into the skin.</p></div> </div> </div>","Application Area: FaceIdeal for these Concerns: Redness, Varicose Veins and Spider VeinsIngredient: Essential OilsPreferences: Certified Cruelty-FreeSkin Care: Skin Care TreatmentsSkin Type: Acne-Prone Skin, Combination Skin, Dry Skin, Mature Skin, Normal Skin, Oily Skin, Sensitive Skin","<div aria-labelledby=""Skin-Type-&amp;-Concerns"" class=""content max-h-0 invisible translate-y-1/4 underline-hyperlink"" id=""product-description-2""> <div class=""attribute-content break-words""> <div class=""flex flex-col gap-2""><p><strong>Application Area:</strong> <a href=""/application-area/face.list"">Face</a><br/><strong>Ideal for these Concerns:</strong> <a href=""/treatment/redness.list"">Redness</a>, <a href=""/treatment/varicose-veins-spider-veins.list"">Varicose Veins and Spider Veins</a><br/><strong>Ingredient:</strong> <a href=""/bath-body/body-care/essential-oils.list"">Essential Oils</a><br/><strong>Preferences:</strong> <a href=""/cruelty-free.list"">Certified Cruelty-Free</a><br/><strong>Skin Care:</strong> <a href=""/skin-care/treatments-serums.list"">Skin Care Treatments</a><br/><strong>Skin Type:</strong> <a href=""/skin-care/acne-prone-skin.list"">Acne-Prone Skin</a>, <a href=""/skin-care/combination-skin.list"">Combination Skin</a>, <a href=""/skin-care/dry-skin.list"">Dry Skin</a>, <a href=""/skin-care/mature-skin.list"">Mature Skin</a>, <a href=""/skin-care/normal-skin.list"">Normal Skin</a>, <a href=""/skin-care/oily-skin.list"">Oily Skin</a>, <a href=""/skin-care/sensitive-skin.list"">Sensitive Skin</a></p></div> </div> </div>",,,https://static.thcdn.com/productimg/original/12918861-3514871557942137.jpg,9508d84d-2253-5f6e-8395-0ef2397aaee8,2024-02-11 11:16:24
https://www.dermstore.com/p/rms-beauty-hydra-setting-powder-10g-various-shades/15366246/,RMS Beauty Hydra Setting Powder 10g (Various Shades),RMS Beauty,15366246,15366246,42.0,USD,InStock,NewCondition,,,Brands / RMS Beauty / RMS Beauty Hydra Setting Powder 10g (Various Shades)," A longwearing, talc-free, skincare-infused loose setting powder available in three sheer, soft-focus shades. 
  Key Ingredients:  
 HerbalHydrate: A complex of water-soluble, plant-derived actives including Cogon Grass Root, Club Moss, and Glycerin in 100% vegetable capsules that allow for moisturizing benefits in a powder, boosting hydration and helping to prevent skin dryness. 
 Gel2Powder Technology: This advanced gel-to-powder technology creates a lightweight, bouncy texture that glides on smooth and provides long-lasting, multi-dimensional wear. 
 Wildcrafted Buriti Oil: Native to Brazil, Buriti Oil is rich with vitamins that offer potent antioxidant protection. 
 Organic Jojoba Oil: Rich in antioxidants, Jojoba Oil mimics the natural oils found in our skin to allow for easy absorption of nourishing skin benefits, while creating a protective barrier from environmental stressors and free radicals. 
 Vegetable Squalane: A moisture-rich, plant-based emollient that hydrates skin and balances oil production while improving skin elasticity. ","Mica, Silica, Cetearyl Ethylhexanoate, Squalane (vegetable), 1,2-Hexanediol, Caprylyl Glycol, Ethylhexylglycerin, Glycerin, Lycopodium Clavatum Extract, Imperata Cylindrica Root Extract, *Simmondsia Chinensis (Jojoba) Seed Oil, **Mauritia Flexuosa (Buriti) Fruit Oil, Rosmarinus Officinalis (Rosemary) Leaf Extract, Helianthus Annuus (Sunflower) Seed Oil, Gellan Gum, Potassium Sorbate, Cellulose, Tocopherol (non-GMO), Water/Aqua/Eau, Iron Oxides (CI 77491, CI 77492, CI 77499), Yellow 5 Lake (CI 19140).
For the latest information, it is recommended to review the ingredient list printed on the packaging of the product prior to usage or consumption.","<div aria-labelledby=""Ingredients"" class=""content max-h-0 invisible translate-y-1/4 underline-hyperlink"" id=""product-description-2""> <div class=""attribute-content break-words""> <div class=""flex flex-col gap-2""><p>Mica, Silica, Cetearyl Ethylhexanoate, Squalane (vegetable), 1,2-Hexanediol, Caprylyl Glycol, Ethylhexylglycerin, Glycerin, Lycopodium Clavatum Extract, Imperata Cylindrica Root Extract, *Simmondsia Chinensis (Jojoba) Seed Oil, **Mauritia Flexuosa (Buriti) Fruit Oil, Rosmarinus Officinalis (Rosemary) Leaf Extract, Helianthus Annuus (Sunflower) Seed Oil, Gellan Gum, Potassium Sorbate, Cellulose, Tocopherol (non-GMO), Water/Aqua/Eau, Iron Oxides (CI 77491, CI 77492, CI 77499), Yellow 5 Lake (CI 19140).</p>
<p><em><strong>For the latest information, it is recommended to review the ingredient list printed on the packaging of the product prior to usage or consumption.</strong></em></p></div> </div> </div>","To minimize shine, use the included cotton puff to press powder into skin, concentrating on the T-zone area for a natural, satin finish. For an overall blurred effect, apply using the RMS Skin2Skin Everything Brush, patting the powder into the skin for precise application.","<div aria-labelledby=""How-to-Use"" class=""content max-h-0 invisible translate-y-1/4 underline-hyperlink"" id=""product-description-1""> <div class=""attribute-content break-words""> <div class=""flex flex-col gap-2""><p>To minimize shine, use the included cotton puff to press powder into skin, concentrating on the T-zone area for a natural, satin finish. For an overall blurred effect, apply using the RMS Skin2Skin Everything Brush, patting the powder into the skin for precise application.</p></div> </div> </div>",,,,,"https://static.thcdn.com/productimg/original/15366248-1355145514777530.jpg, https://static.thcdn.com/productimg/original/15366248-6595145514797567.jpg, https://static.thcdn.com/productimg/original/15366248-6705145514831431.jpg, https://static.thcdn.com/productimg/original/15366248-1795145514881102.jpg, https://static.thcdn.com/productimg/original/15366248-1455145514912875.jpg, https://static.thcdn.com/productimg/original/15366248-6815145514952982.jpg, https://static.thcdn.com/productimg/original/15366248-3195145514993161.jpg, https://static.thcdn.com/productimg/original/15366248-4185145515028306.jpg, https://static.thcdn.com/productimg/original/15366248-1895145515065725.jpg, https://static.thcdn.com/productimg/original/15366248-1075145515111484.jpg, https://static.thcdn.com/productimg/original/15366248-1815145515152854.jpg, https://static.thcdn.com/productimg/original/15366248-1405145515190006.jpg",697bcdc4-a2fd-5067-936c-fa9e7dfe5cbc,2024-02-11 11:16:30
https://www.dermstore.com/p/mason-pearson-tail-comb/11288630/,Mason Pearson Tail Comb (1 piece),Mason Pearson,11288630,11288630,34.0,USD,OutOfStock,NewCondition,5,4,Brands / Mason Pearson / Mason Pearson Tail Comb (1 piece)," The Mason Pearson Tail Comb is an exquisitely crafted version of the salon favorite. The tail comb allows for multiple uses, from combing to working product through the hair and styling. This handmade comb features tapered teeth with rounded tips, preventing snags in the hair. 
 The Tail Comb measures 8"" x 1"". ",,,,,"Application Area: Hair, ScalpHair Care: Styling ToolsStyling Tools: Hair Brushes and Combs","<div aria-labelledby=""Skin-Type-&amp;-Concerns"" class=""content max-h-0 invisible translate-y-1/4 underline-hyperlink"" id=""product-description-1""> <div class=""attribute-content break-words""> <div class=""flex flex-col gap-2""><p><strong>Application Area:</strong> <a href=""/application-area/hair.list"">Hair</a>, <a href=""/application-area/scalp.list"">Scalp</a><br/><strong>Hair Care:</strong> <a href=""/hair-care/tools.list"">Styling Tools</a><br/><strong>Styling Tools:</strong> <a href=""/hair-care/tools/hair-brushes-combs.list"">Hair Brushes and Combs</a></p></div> </div> </div>",,,https://static.thcdn.com/productimg/original/11288630-2114871276851632.jpg,50e7dd85-36a1-5979-80db-f44e521b61f7,2024-02-11 11:16:32
https://www.dermstore.com/p/perricone-md-hp-intensive-hydrating-mask-2-oz-fg/14020614/,Perricone MD High Potency Hyaluronic Intensive Hydrating Mask,Perricone MD,14020614,14020614,69.0,USD,InStock,NewCondition,,,Brands / Perricone MD / Perricone MD High Potency Hyaluronic Intensive Hydrating Mask,"  WHY WE LOVE IT  
 A rich, nourishing cream mask designed with 4 forms and 2 natural building blocks of hyaluronic acid to instantly replenish and condition dehydrated skin with essential moisture for firmer, smoother-looking skin. 
  WHAT IT DOES  
 
  Deliver instant, long-lasting hydration 
  Visibly tightens sagging skin over time 
  Provides extra moisturization 
 ","Water/Aqua/Eau, Sorbitan Isostearate, Hydrogenated Palm Kernel Glycerides, Caprylic/Capric Triglyceride, Dimethicone, Cetearyl Alcohol, Butyrospermum Parkii (Shea) Butter, Mangifera Indica (Mango) Seed Butter, Glycerin, Dimethyl Isosorbide, Isosorbide Dicaprylate, Niacinamide, Beheneth-10, Dipalmitoyl Hydroxyproline, Glyceryl Stearate, Hydroxyethyl Acrylate/Sodium Acryloyldimethyl Taurate Copolymer, Propanediol, Saccharide Isomerate, 1,2-Hexanediol, Caprylyl Glycol, Sorbityl Laurate, Hydrogenated Palm Glyceride, Dimethyl MEA, Xanthan Gum, Panax Ginseng Root Extract, Pentaerythrityl Tetra-Di-T-Butyl Hydroxyhydrocinnamate, Stearyl Glycyrrhetinate, Pentylene Glycol, Citric Acid, Sodium Phytate, Disodium Acetyl Glucosamine Phosphate, Sodium Glucuronate, Camellia Sinensis Leaf Extract, Tropolone, Sodium Acetylated Hyaluronate, Sodium Hyaluronate, Magnesium Sulfate, Sodium Hyaluronate Crosspolymer, Sodium Citrate, Hyaluronic Acid, Hydroxyacetophenone, Ethylhexylglycerin
For the latest information, it is recommended to review the ingredient list printed on the packaging of the product prior to usage or consumption.","<div aria-labelledby=""Ingredients"" class=""content max-h-0 invisible translate-y-1/4 underline-hyperlink"" id=""product-description-2""> <div class=""attribute-content break-words""> <div class=""flex flex-col gap-2""><p>Water/Aqua/Eau, Sorbitan Isostearate, Hydrogenated Palm Kernel Glycerides, Caprylic/Capric Triglyceride, Dimethicone, Cetearyl Alcohol, Butyrospermum Parkii (Shea) Butter, Mangifera Indica (Mango) Seed Butter, Glycerin, Dimethyl Isosorbide, Isosorbide Dicaprylate, Niacinamide, Beheneth-10, Dipalmitoyl Hydroxyproline, Glyceryl Stearate, Hydroxyethyl Acrylate/Sodium Acryloyldimethyl Taurate Copolymer, Propanediol, Saccharide Isomerate, 1,2-Hexanediol, Caprylyl Glycol, Sorbityl Laurate, Hydrogenated Palm Glyceride, Dimethyl MEA, Xanthan Gum, Panax Ginseng Root Extract, Pentaerythrityl Tetra-Di-T-Butyl Hydroxyhydrocinnamate, Stearyl Glycyrrhetinate, Pentylene Glycol, Citric Acid, Sodium Phytate, Disodium Acetyl Glucosamine Phosphate, Sodium Glucuronate, Camellia Sinensis Leaf Extract, Tropolone, Sodium Acetylated Hyaluronate, Sodium Hyaluronate, Magnesium Sulfate, Sodium Hyaluronate Crosspolymer, Sodium Citrate, Hyaluronic Acid, Hydroxyacetophenone, Ethylhexylglycerin</p>
<p><em><strong>For the latest information, it is recommended to review the ingredient list printed on the packaging of the product prior to usage or consumption.</strong></em></p></div> </div> </div>","Apply a liberal amount onto clean, damp skin. Massage until the formula is evenly distributed over the face and neck. Leave on for 10-15 minutes. Rinse with warm water. Use 2 - 3 times per week.","<div aria-labelledby=""How-to-Use"" class=""content max-h-0 invisible translate-y-1/4 underline-hyperlink"" id=""product-description-1""> <div class=""attribute-content break-words""> <div class=""flex flex-col gap-2""><p>Apply a liberal amount onto clean, damp skin. Massage until the formula is evenly distributed over the face and neck. Leave on for 10-15 minutes. Rinse with warm water. Use 2 - 3 times per week.</p></div> </div> </div>",,,High Potency,2 fl.oz,"https://static.thcdn.com/productimg/original/14020614-1135060465533758.jpg, https://static.thcdn.com/productimg/original/14020614-5105060465589483.jpg, https://static.thcdn.com/productimg/original/14020614-1065060465650617.jpg, https://static.thcdn.com/productimg/original/14020614-1335060465702049.jpg, https://static.thcdn.com/productimg/original/14020614-1905174810921049.jpg, https://static.thcdn.com/productimg/original/14020614-1535174825482359.jpg",1bbb5c5d-59c9-5785-aede-9bd6c28d203c,2024-02-11 11:16:34
https://www.dermstore.com/p/estee-lauder-perfectionist-pro-rapid-brightening-treatment-ferment3-vitamin-c-30ml/14979647/,Estée Lauder Perfectionist Pro Rapid Brightening Treatment Ferment³+ Vitamin C 30ml,Estée Lauder,14979647,14979647,95.0,USD,InStock,NewCondition,,,Brands / Estée Lauder / Estée Lauder Perfectionist Pro Rapid Brightening Treatment Ferment³+ Vitamin C 30ml," Triple-active power. Inspired by professional treatments, this Vitamin C powered serum rapidly ignites skin's radiance and targets multiple types of dark spots to reveal a more even-toned look. 
  1 WEEK  
 
  96% said skin felt smoother.(1) 
  93% said their complexion looked healthy.(1) 
  87% said skin looked brighter with renewed clarity.(1) 
 
 Visible improvement(2) in radiance, even tone, smoothness and texture. 
  2 WEEKS  
 
  Dark spots look reduced-both in intensity and contrast(3) 
  84% of women said their skin looked more even-toned.(4) 
 
  1 BOTTLE  
 
  With one 1.7oz./50ml bottle, see a significant reduction in the look of: 
  Dark spots, sun spots, age spots 
  Discoloration, uneven tone 
  Post-acne marks 
  Pores 
 
 Inspired by professional treatments, it rapidly brings radiance and luminosity to dull, lackluster skin. Targets the appearance of multiple types of spots and uneven skintone. Anti-oxidants help protect against environmental damage and the formation of new skin discolorations. Reveals the look of more even-toned, dewy, glowing skin. 
 Proven effective for all skintones. 
  3 POWER FERMENTS + VITAMIN C  
 With its exclusive complex of radiance-boosting actives, this Ferment³ plus Vitamin C serum helps CALM skin so it can help resist irritation-induced dark spots. Helps BREAK the cycle of dullness. Helps BLOCK the appearance of future dark spots with powerful anti-oxidants. And helps BOOST an undeniable clarity. 
  What is Ferment³?  A powerful triple-ferment combining a high concentration of our exclusive Yeast Ferment with a spot-targeting Molasses Ferment plus a proprietary Algae Ferment with powerful soothing activity. All three ferments work to help reduce the appearance of dark spots and enhance clarity and calm for glowing skin. Estée Lauder scientists are experts in fermentation, a process that concentrates and amplifies an ingredient. Our ferment complex is 98% naturally derived.(5) 
  What is Vitamin C?  It's a renowned radiance-boosting, anti-aging and skin-boosting active. In this Rapid Brightening Ferment³ + Vitamin C serum, it targets dark spots in the deepest layer of skin's surface to help reduce the look of skin discolorations. And with its anti-oxidant properties, it helps prevent the appearance of new spots and skin discolorations. 
  GOES ON LIGHTWEIGHT. FEELS FRESH. ULTRA HYDRATING.  
 The fast-absorbing formula of the Rapid Brightening Treatment helps smooth skin's texture and enhance the natural radiance of your glowing skin. With anti-irritants and a potent dose of Hyaluronic Acid, this Ferment³ + Vitamin C serum infuses skin with plumping, soothing, 48H moisture. Anti-oxidants help protect against environmental damage and the formation of new skin discolorations. Oil-free. Gentle on all skintypes. 
 Derm-inspired. Clinically tested. 
 (1) Consumer testing on 280 women after using product for 1 week. 
 (2) Clinical testing on 114 women after using product for 1 week. 
 (3) Clinical testing on 114 women after using product for 2 weeks. 
 (4) Consumer testing on 280 women after using product for 2 weeks. 
 (5) Per ISO Standard 16128. From plant sources, non-petroleum mineral sources, and/or water. ","Water\Aqua\Eau, Butylene Glycol, Glycerin, Glycereth-26, Isononyl Isononanoate, Dimethicone, Propanediol, Trametes Versicolor Extract, Ascorbyl Glucoside, Algae Extract, Acetyl Glucosamine, Hydroxyethyl Urea, Lens Esculenta (Lentil) Fruit Extract, Pyrus Malus (Apple) Fruit Extract, Avena Sativa (Oat) Kernel Extract, Bis-Peg-18 Methyl Ether Dimethyl Silane, Citrullus Lanatus (Watermelon) Fruit Extract, Triticum Vulgare (Wheat) Germ Extract, Resveratrol, Artemia Extract, Tocopheryl Acetate, Sucrose, Trehalose, Salicylic Acid, Peg-75, Yeast Extract\Faex\Extrait De Levure, Sodium Hydroxide, Oleth-3 Phosphate, Sorbitol, Caprylyl Glycol, Hordeum Distichon (Barley) Extract\Extrait D'Orge A Deux Rangs, Oleth-3, Sodium Polyaspartate, Carbomer, Myrtus Communis Leaf Extract, Caffeine, Oleth-5, Acrylates/C10-30 Alkyl Acrylate Crosspolymer, Dipotassium Glycyrrhizate, Propylene Glycol Caprylate, Squalane, Sodium Hyaluronate, Choleth-24, Ceteth-24, Xanthan Gum, Sodium Lactate, Oryzanol, Sodium Pca, Glyceryl Acrylate/Acrylic Acid Copolymer, Ethylhexylglycerin, Glucose, Fragrance (Parfum), Sodium Citrate, Citric Acid, Disodium Edta, Bht, Potassium Sorbate, Sodium Benzoate, Phenoxyethanol
For the latest information, it is recommended to review the ingredient list printed on the packaging of the product prior to usage or consumption.","<div aria-labelledby=""Ingredients"" class=""content max-h-0 invisible translate-y-1/4 underline-hyperlink"" id=""product-description-1""> <div class=""attribute-content break-words""> <div class=""flex flex-col gap-2""><p>Water\Aqua\Eau, Butylene Glycol, Glycerin, Glycereth-26, Isononyl Isononanoate, Dimethicone, Propanediol, Trametes Versicolor Extract, Ascorbyl Glucoside, Algae Extract, Acetyl Glucosamine, Hydroxyethyl Urea, Lens Esculenta (Lentil) Fruit Extract, Pyrus Malus (Apple) Fruit Extract, Avena Sativa (Oat) Kernel Extract, Bis-Peg-18 Methyl Ether Dimethyl Silane, Citrullus Lanatus (Watermelon) Fruit Extract, Triticum Vulgare (Wheat) Germ Extract, Resveratrol, Artemia Extract, Tocopheryl Acetate, Sucrose, Trehalose, Salicylic Acid, Peg-75, Yeast Extract\Faex\Extrait De Levure, Sodium Hydroxide, Oleth-3 Phosphate, Sorbitol, Caprylyl Glycol, Hordeum Distichon (Barley) Extract\Extrait D'Orge A Deux Rangs, Oleth-3, Sodium Polyaspartate, Carbomer, Myrtus Communis Leaf Extract, Caffeine, Oleth-5, Acrylates/C10-30 Alkyl Acrylate Crosspolymer, Dipotassium Glycyrrhizate, Propylene Glycol Caprylate, Squalane, Sodium Hyaluronate, Choleth-24, Ceteth-24, Xanthan Gum, Sodium Lactate, Oryzanol, Sodium Pca, Glyceryl Acrylate/Acrylic Acid Copolymer, Ethylhexylglycerin, Glucose, Fragrance (Parfum), Sodium Citrate, Citric Acid, Disodium Edta, Bht, Potassium Sorbate, Sodium Benzoate, Phenoxyethanol</p>
<p><em><strong>For the latest information, it is recommended to review the ingredient list printed on the packaging of the product prior to usage or consumption.</strong></em></p></div> </div> </div>",,,,,Perfectionist Pro,,"https://static.thcdn.com/productimg/original/14979647-2015114397413160.jpg, https://static.thcdn.com/productimg/original/14979647-5775114397428139.jpg",b8aa0260-3085-5ab7-87eb-60ed053c9102,2024-02-11 11:16:35
https://www.dermstore.com/p/evolvh-instavolume-mousse-1.7-fl.-oz/14303621/,EVOLVh InstaVolume Mousse 1.7 fl. oz (Worth $11.00),EVOLVh,14303621,14303621,11.0,USD,InStock,NewCondition,,,Brands / EVOLVh / EVOLVh InstaVolume Mousse 1.7 fl. oz (Worth $11.00)," What It Is Ideal for normal to oily hair types desiring volume, style memory &amp; hold, enhanced curl definition, thickening, bounce and shine. This 100% clean and alcohol-free silky versatile foam mousse disperses easily throughout hair. Tapioca Root provides hold and absorbs excess oil. Flax builds body and adds hold and shine. ","Water, Glycerine*, Manihot Esculenta (Tapioca) Root Starch*, Flax Linum Usitatissimum (Linseed) Seed Oil*, Oryza Sativa (Rice) Bran Extract*, Nigella Sativa (Black Cumin) Seed Oil*, Elaeis Guineensis (Palm) Kernel Oil*, Lecithin*, Cucurbita Pepo (Pumpkin) Seed Oil*, Rosa Canina Flower Extract+, Achillea Millefolium Extract+, Rosmarinus Officinalis (Rosemary) Leaf Extract*, Cymbopogon (Lemongrass) Schoenanthus Extract*, Symphytum Officinale Leaf Extract+, Rubus Idaeus (Raspberry) Seed Oil*, Vitis Vinifera (Red Grape) Seed Oil*, Vaccinium Macrocapron (Cranberry) Seed Oil*, Citrus Aurantium Dulcis (Orange) Peel Oil*, Citrus Grandis (Grapefruit) Peel Oil*, Lavandula Angustifolia (Lavender) Oil*, Citrus Aurantium Bergamia (Bergamot) Fruit Oil*, Pogostemon Cablin (Patchouli) Oil*, Cinnamomum Cassia Leaf Oil*, Pelargonium Graveolens (Geranium) Flower Oil*, Thymus Vulgaris (Thyme) Leaf Oil*, Citrus Limon (Lemon) Peel Oil*, Citric Acid, Tocopherol from Rosa Canina (Rose Hip)*, Helianthus Annuus (Sunflower) Seed Oil*, Juniperus Virginiana (Cedarwood) Oil, Citrus Aurantium Amara (Bitter Orange) Leaf Oil, Lavandula Hybrida Oil, Commiphora Guidotti, Citrus Aurantium (Neroli) Oil, Gluconolactone*, Dehydroacetic Acid*, Benzyl Alcohol* *ECOCERT Certified Ingredient +Organic Ingredient All Ingredients are Non-GMO
For the latest information, it is recommended to review the ingredient list printed on the packaging of the product prior to usage or consumption.","<div aria-labelledby=""Ingredients"" class=""content max-h-0 invisible translate-y-1/4 underline-hyperlink"" id=""product-description-2""> <div class=""attribute-content break-words""> <div class=""flex flex-col gap-2""><p>Water, Glycerine*, Manihot Esculenta (Tapioca) Root Starch*, Flax Linum Usitatissimum (Linseed) Seed Oil*, Oryza Sativa (Rice) Bran Extract*, Nigella Sativa (Black Cumin) Seed Oil*, Elaeis Guineensis (Palm) Kernel Oil*, Lecithin*, Cucurbita Pepo (Pumpkin) Seed Oil*, Rosa Canina Flower Extract+, Achillea Millefolium Extract+, Rosmarinus Officinalis (Rosemary) Leaf Extract*, Cymbopogon (Lemongrass) Schoenanthus Extract*, Symphytum Officinale Leaf Extract+, Rubus Idaeus (Raspberry) Seed Oil*, Vitis Vinifera (Red Grape) Seed Oil*, Vaccinium Macrocapron (Cranberry) Seed Oil*, Citrus Aurantium Dulcis (Orange) Peel Oil*, Citrus Grandis (Grapefruit) Peel Oil*, Lavandula Angustifolia (Lavender) Oil*, Citrus Aurantium Bergamia (Bergamot) Fruit Oil*, Pogostemon Cablin (Patchouli) Oil*, Cinnamomum Cassia Leaf Oil*, Pelargonium Graveolens (Geranium) Flower Oil*, Thymus Vulgaris (Thyme) Leaf Oil*, Citrus Limon (Lemon) Peel Oil*, Citric Acid, Tocopherol from Rosa Canina (Rose Hip)*, Helianthus Annuus (Sunflower) Seed Oil*, Juniperus Virginiana (Cedarwood) Oil, Citrus Aurantium Amara (Bitter Orange) Leaf Oil, Lavandula Hybrida Oil, Commiphora Guidotti, Citrus Aurantium (Neroli) Oil, Gluconolactone*, Dehydroacetic Acid*, Benzyl Alcohol* *ECOCERT Certified Ingredient +Organic Ingredient All Ingredients are Non-GMO</p>
<p><em><strong>For the latest information, it is recommended to review the ingredient list printed on the packaging of the product prior to usage or consumption.</strong></em></p></div> </div> </div>","Apply 1-2 pumps to wet hair, thoroughly massaging product into roots. Add additional foam as desire for ideal results. Experiment and play to achieve ideal results as great hair should be fun.","<div aria-labelledby=""How-to-Use"" class=""content max-h-0 invisible translate-y-1/4 underline-hyperlink"" id=""product-description-1""> <div class=""attribute-content break-words""> <div class=""flex flex-col gap-2""><p>Apply 1-2 pumps to wet hair, thoroughly massaging product into roots. Add additional foam as desire for ideal results. Experiment and play to achieve ideal results as great hair should be fun.</p></div> </div> </div>",,,,1.7 fl.oz,"https://static.thcdn.com/productimg/original/14303621-1575034861673257.jpg, https://static.thcdn.com/productimg/original/14303621-1325034861903960.jpg",21458c7c-5719-51d0-94b6-af773dd85114,2024-02-11 11:16:36
https://www.dermstore.com/p/yon-ka-paris-skincare-toner-for-normal-to-oily-skin-200ml/15395313/,Yon-Ka Paris Skincare Toner for Normal to Oily Skin 200ml,Yon-Ka Paris Skincare,15395313,15395313,55.0,USD,InStock,NewCondition,,,Brands / Yon-Ka Paris / Yon-Ka Paris Skincare Toner for Normal to Oily Skin 200ml," Naturally refresh, soothe and purify normal and oily skin. Composed of 99% ingredients of natural origin, this versatile mist mattifies the complexion and helps control excess surface oils. 
 This toner is formulated to hydrate skin, refine the look of pores, and balance skin's natural pH. Additionally, the treatment stimulates circulation, detoxifies, and balances sebum production. 
 Lotion Yon-Ka is vegan, gluten-free, cruelty-free, and comes in recyclable packaging. ","Aqua/Water/Eau, Lavandula Angustifolia (Lavender) Oil, Pelargonium Graveolens Leaf Oil, Rosmarinus Officinalis (Rosemary) Leaf Oil, Cupressus Sempervirens Oil, Thymus Vulgaris (Thyme) Flower/Leaf Oil, Peg-35 Castor Oil, Chlorhexidine Digluconate, Sodium Benzoate, Linalool, Citronellol, Geraniol, Limonene, Coumarin, Citral.
  Ingredients In Bold Are Of Natural Origin
  * Organic/Organic Ingredients
For the latest information, it is recommended to review the ingredient list printed on the packaging of the product prior to usage or consumption.","<div aria-labelledby=""Ingredients"" class=""content max-h-0 invisible translate-y-1/4 underline-hyperlink"" id=""product-description-2""> <div class=""attribute-content break-words""> <div class=""flex flex-col gap-2""><p>Aqua/Water/Eau, Lavandula Angustifolia (Lavender) Oil, Pelargonium Graveolens Leaf Oil, Rosmarinus Officinalis (Rosemary) Leaf Oil, Cupressus Sempervirens Oil, Thymus Vulgaris (Thyme) Flower/Leaf Oil, Peg-35 Castor Oil, Chlorhexidine Digluconate, Sodium Benzoate, Linalool, Citronellol, Geraniol, Limonene, Coumarin, Citral.<br/><br/>
  Ingredients In Bold Are Of Natural Origin<br/>
  * Organic/Organic Ingredients</p>
<p><em><strong>For the latest information, it is recommended to review the ingredient list printed on the packaging of the product prior to usage or consumption.</strong></em></p></div> </div> </div>","In the morning and evening, spray a generous amount of Lotion Yon-Ka onto the face and neck after cleansing. Massage or gently pat in any excess. Can be used at any time of the day for an immediate and refreshing boost, or to set make-up. Calms sunburn and insect bites when applied with a compress. Can also be kept in the fridge for a cooling sensation","<div aria-labelledby=""How-to-Use"" class=""content max-h-0 invisible translate-y-1/4 underline-hyperlink"" id=""product-description-1""> <div class=""attribute-content break-words""> <div class=""flex flex-col gap-2""><p>In the morning and evening, spray a generous amount of Lotion Yon-Ka onto the face and neck after cleansing. Massage or gently pat in any excess. Can be used at any time of the day for an immediate and refreshing boost, or to set make-up. Calms sunburn and insect bites when applied with a compress. Can also be kept in the fridge for a cooling sensation</p></div> </div> </div>",,,Essentials,200ml,https://static.thcdn.com/productimg/original/15395313-2245156102424399.jpg,e708ca40-6631-55ad-9cec-1f528860ab2c,2024-02-11 11:16:36
https://www.dermstore.com/p/christophe-robin-purifying-mask-with-thermal-mud-250ml/12696146/,Christophe Robin Purifying Mask with Thermal Mud 250ml,Christophe Robin,12696146,12696146,49.0,USD,InStock,NewCondition,,,Brands / Christophe Robin / Christophe Robin Purifying Mask with Thermal Mud 250ml," Ideal for stressed-out scalps and dry hair, the Christophe Robin Purifying Mask with Thermal Mud is a weekly pre-wash hair mask formulated to detoxify and refresh. The purifying treatment works to draw out the build-up of impurities, while enhancing hair’s moisture. 
 Fortified with mineral-rich thermal mud, the formula helps to balance the scalp in order to minimise the look of oily, greasy roots. Spirulina, a nutrient-rich algae, supports the scalp's natural barrier function, helping to shield it from pollution. 
 Designed to be used weekly before shampooing, the hair mask acts as the first step in promoting healthy-looking hair and a comfortably refreshed scalp. ","Aqua/Water/Eau, Cetearyl Alcohol, Distearoylethyl Dimonium Chloride, Kaolin, Glycerin, Prunus Amygdalus Dulcis (sweet Almond) Oil, Spirulina Platensis Extract, Cetyl Alcohol, Cetyl Esters, Glyceryl Stearate, Fragrance (parfum), Ricinus Communis (castor) Seed Oil, Maltodextrin, Tocopherol, Sodium Benzoate, Sea Water Extract, Disodium Edta, Silt, Chondrus Crispus (carrageenan) Extract, Helianthus Annuus (sunflower) Seed Oil, Potassium Sorbate, Benzyl Salicylate, Linalool, Gardenia Florida Fruit Extract, Lactobacillus Ferment, Limonene, Benzyl Alcohol, Lithothamnion Calcareum Extract, Citronellol, Hexyl Cinnamal, Eugenol, Dehydroacetic Acid, Citral, Citric Acid.","<div aria-labelledby=""Ingredients"" class=""content max-h-0 invisible translate-y-1/4 underline-hyperlink"" id=""product-description-2""> <div class=""attribute-content break-words""> <div class=""flex flex-col gap-2""><p>Aqua/Water/Eau, Cetearyl Alcohol, Distearoylethyl Dimonium Chloride, Kaolin, Glycerin, Prunus Amygdalus Dulcis (sweet Almond) Oil, Spirulina Platensis Extract, Cetyl Alcohol, Cetyl Esters, Glyceryl Stearate, Fragrance (parfum), Ricinus Communis (castor) Seed Oil, Maltodextrin, Tocopherol, Sodium Benzoate, Sea Water Extract, Disodium Edta, Silt, Chondrus Crispus (carrageenan) Extract, Helianthus Annuus (sunflower) Seed Oil, Potassium Sorbate, Benzyl Salicylate, Linalool, Gardenia Florida Fruit Extract, Lactobacillus Ferment, Limonene, Benzyl Alcohol, Lithothamnion Calcareum Extract, Citronellol, Hexyl Cinnamal, Eugenol, Dehydroacetic Acid, Citral, Citric Acid.</p></div> </div> </div>","On Damp Hair: Once a week, or as a quick-fix refresher treatment, dampen hair and massage product onto the scalp and roots. Leave on for 3 minutes before rinsing thoroughly.
On Dry Hair: For a more intensive detox, smooth generously through dry hair from root to tip, leave on for 15 minutes, and rinse thoroughly. Follow with the Purifying Shampoo with Thermal Mud for a deep cleanse, then the Purifying Conditioner Gelée with Sea Minerals to detangle if needed.","<div aria-labelledby=""How-to-Use"" class=""content max-h-0 invisible translate-y-1/4 underline-hyperlink"" id=""product-description-1""> <div class=""attribute-content break-words""> <div class=""flex flex-col gap-2""><p>On Damp Hair: Once a week, or as a quick-fix refresher treatment, dampen hair and massage product onto the scalp and roots. Leave on for 3 minutes before rinsing thoroughly.</p>
<p>On Dry Hair: For a more intensive detox, smooth generously through dry hair from root to tip, leave on for 15 minutes, and rinse thoroughly. Follow with the Purifying Shampoo with Thermal Mud for a deep cleanse, then the Purifying Conditioner Gelée with Sea Minerals to detangle if needed.</p></div> </div> </div>",,,Purifying,250ml,"https://static.thcdn.com/productimg/original/12696146-1964924446606411.jpg, https://static.thcdn.com/productimg/original/12696146-4964918201050549.jpg, https://static.thcdn.com/productimg/original/12696146-1814918189465863.jpg, https://static.thcdn.com/productimg/original/12696146-1634926489901704.jpg",847684e2-8e40-5fb2-ab98-7e98e798721a,2024-02-11 11:16:36
https://www.dermstore.com/p/grow-gorgeous-scalp-care-scalp-detox-scrub-200ml/12908501/,Grow Gorgeous Scalp Care Scalp Detox Scrub 200ml,Grow Gorgeous,12908501,12908501,30.0,USD,InStock,NewCondition,,,Brands / Grow Gorgeous / Grow Gorgeous Scalp Care Scalp Detox Scrub 200ml," Deep clean your scalp and achieve the perfect canvas for gorgeous hair with the Grow Gorgeous Scalp Detox Scrub. Just as flawless make-up starts with primed skin, a scalp exfoliator lays the foundation for flourishing strands. Skincare shouldn’t stop at your hairline, so level up your routine with this essential first step in your haircare routine.&nbsp; 
 The purifying pre-wash treatment instantly detoxifies and refreshes scalps with a tendency for grease and product build-up, going the extra mile to help get the very best out of your hair. The powerful scalp-clarifying formula balances excess sebum and gently buffs away follicle-clogging grime caused by urban pollution, plus other dulling impurities that can scupper hair’s potential.&nbsp; 
 &nbsp; ","Aqua/Water/Eau, Microcrystalline Cellulose, Polyglyceryl-4 Caprate, Fragrance (Parfum), Glycerin, Hydroxyethylcellulose, Caffeine, Acrylates/C10-30 Alkyl Acrylate Crosspolymer, Avena Sativa (Oat) Kernel Oil, Bambusa Arundinacea Stem Extract, Hydroxyacetophenone, Lactobacillus/Punica Granatum Fruit Ferment Extract, Sodium Benzoate, Menthol, Disodium Edta, Potassium Sorbate, Menthyl Lactate, Sodium Pca, Sodium Lactate, Allantoin, Salix Alba (Willow) Bark Extract, Citrus Paradisi (Grapefruit) Fruit Extract, Arginine, Aspartic Acid, Pca, Citric Acid, Limonene, Glycine, Linalool, Alanine, Leuconostoc/Radish Root Ferment Filtrate, Serine, Alpha-Isomethyl Ionone, Valine, Cinnamyl Alcohol, Isoleucine, Proline, Threonine, Histidine, Phenylalanine, Sodium Hydroxide.","<div aria-labelledby=""Ingredients"" class=""content max-h-0 invisible translate-y-1/4 underline-hyperlink"" id=""product-description-2""> <div class=""attribute-content break-words""> <div class=""flex flex-col gap-2""><p>Aqua/Water/Eau, Microcrystalline Cellulose, Polyglyceryl-4 Caprate, Fragrance (Parfum), Glycerin, Hydroxyethylcellulose, Caffeine, Acrylates/C10-30 Alkyl Acrylate Crosspolymer, Avena Sativa (Oat) Kernel Oil, Bambusa Arundinacea Stem Extract, Hydroxyacetophenone, Lactobacillus/Punica Granatum Fruit Ferment Extract, Sodium Benzoate, Menthol, Disodium Edta, Potassium Sorbate, Menthyl Lactate, Sodium Pca, Sodium Lactate, Allantoin, Salix Alba (Willow) Bark Extract, Citrus Paradisi (Grapefruit) Fruit Extract, Arginine, Aspartic Acid, Pca, Citric Acid, Limonene, Glycine, Linalool, Alanine, Leuconostoc/Radish Root Ferment Filtrate, Serine, Alpha-Isomethyl Ionone, Valine, Cinnamyl Alcohol, Isoleucine, Proline, Threonine, Histidine, Phenylalanine, Sodium Hydroxide.</p></div> </div> </div>","When to Use: 1-2 times per week.
Application: Wet hair, then scoop up a generous amount of scrub. Use your fingertips to massage the product into your scalp. Leave for a few minutes to enjoy the cooling sensation.
Routine: Rinse thoroughly with your Grow Gorgeous shampoo of choice.","<div aria-labelledby=""How-to-Use"" class=""content max-h-0 invisible translate-y-1/4 underline-hyperlink"" id=""product-description-1""> <div class=""attribute-content break-words""> <div class=""flex flex-col gap-2""><ul>
<li>When to Use: 1-2 times per week.</li>
<li>Application: Wet hair, then scoop up a generous amount of scrub. Use your fingertips to massage the product into your scalp. Leave for a few minutes to enjoy the cooling sensation.</li>
<li>Routine: Rinse thoroughly with your Grow Gorgeous shampoo of choice. </li>
</ul></div> </div> </div>",,,Scalp Care,200ml,"https://static.thcdn.com/productimg/original/12908501-1414951835278662.jpg, https://static.thcdn.com/productimg/original/12908501-1954951835321535.jpg, https://static.thcdn.com/productimg/original/12908501-3654951835372091.jpg, https://static.thcdn.com/productimg/original/12908501-1274951835413776.jpg",04976f87-8ab2-50d4-a836-b9f3c225d50c,2024-02-11 11:16:39
https://www.dermstore.com/p/rejuvi-t-bio-firming-gel-3.88-oz/13882823/,Rejuvi 't' Bio Firming Gel (3.88 oz.),Rejuvi,13882823,13882823,52.0,USD,InStock,NewCondition,,,Brands / Rejuvi / Rejuvi 't' Bio Firming Gel (3.88 oz.)," Give mature skin a lift with this light, pleasant-feeling gel. It incorporates wheat and lupine proteins with DMAE for a powerful tightening and firming effect, giving you a revitalized, fresh-faced appearance. Perfect for daily use, it makes a great base for make-up. It can also help improve the look of sagging skin around the neck, jaw line and lip area. ","Aloe vera gel, wheat protein, lupine protein, DMAE, triethanolamine, potassium sorbate, essential oil.
For the latest information, it is recommended to review the ingredient list printed on the packaging of the product prior to usage or consumption.","<div aria-labelledby=""Ingredients"" class=""content max-h-0 invisible translate-y-1/4 underline-hyperlink"" id=""product-description-2""> <div class=""attribute-content break-words""> <div class=""flex flex-col gap-2""><p>Aloe vera gel, wheat protein, lupine protein, DMAE, triethanolamine, potassium sorbate, essential oil.</p>
<p><em><strong>For the latest information, it is recommended to review the ingredient list printed on the packaging of the product prior to usage or consumption.</strong></em></p></div> </div> </div>","Apply a thin layer on cleansed skin. Let dry thoroughly, then apply makeup or other products.","<div aria-labelledby=""How-to-Use"" class=""content max-h-0 invisible translate-y-1/4 underline-hyperlink"" id=""product-description-1""> <div class=""attribute-content break-words""> <div class=""flex flex-col gap-2""><p>Apply a thin layer on cleansed skin. Let dry thoroughly, then apply makeup or other products.</p></div> </div> </div>",,,,,https://static.thcdn.com/productimg/original/13882823-1805063915437032.jpg,a9f5b66e-9fe6-52c9-a101-bcff529209c4,2024-02-11 11:16:41
https://www.dermstore.com/p/dermaflash-luxe-advanced-sonic-dermaplaning-and-peach-fuzz-removal-sea-foam/13975003/,DERMAFLASH Luxe+ Advanced Sonic Dermaplaning and Peach Fuzz Removal - Sea Foam,DERMAFLASH,13975003,13975003,199.0,USD,InStock,NewCondition,,,Brands / DERMAFLASH / DERMAFLASH Luxe+ Advanced Sonic Dermaplaning and Peach Fuzz Removal - Sea Foam," Advanced sonic dermaplaning for professional results at home 
 The most powerful sonic dermaplaning device you can buy, LUXE+ reveals radiant skin in a Flash. Award-Winning Sonic Technology offers superior exfoliation of dead skin cells and maximum removal of dull build-up + peach fuzz. You'll see smooth, glowing skin instantly-plus younger-looking skin over time. Skincare penetrates better, makeup glides on like silk. 
 
  Professional dermaplaning results at home 
  For all ages, skin types and tones-even sensitive 
  CLINICALLY PROVEN hair will NOT grow back thicker or faster 
  2 speeds to customize your treatment 
  Recommended by dermatologists + estheticians 
 
  Key Ingredients:  
 
  Salicylic Acid + Papaya Enzymes exfoliate and brighten 
  Willow Bark helps soothe skin 
  Niacinamide helps protect skin's barrier 
  Witch Hazel removes excess oil from skin's surface 
  Formulated Without oil, silicone, alcohol, phenoxyethanol, dyes and fragrance 
 
 PREFLASH® packaging is made from 41% post-consumer recycled plastic. ",,,"Prepare skin with PREFLASH to remove surface oil and temporarily make skin tighter, for effortless removal of peach fuzz + dead skin. ​
Hold your LUXE Edge at a 45° angle to your face. With your opposite hand, hold skin taut and Flash using short, feathery strokes.​
Apply your favorite serum or moisturizer. Skincare actives will absorb better and makeup will glide on like silk.","<div aria-labelledby=""How-to-Use"" class=""content max-h-0 invisible translate-y-1/4 underline-hyperlink"" id=""product-description-2""> <div class=""attribute-content break-words""> <div class=""flex flex-col gap-2""><ol>
<li>Prepare skin with PREFLASH to remove surface oil and temporarily make skin tighter, for effortless removal of peach fuzz + dead skin. ​</li>
<li>Hold your LUXE Edge at a 45° angle to your face. With your opposite hand, hold skin taut and Flash using short, feathery strokes.​</li>
<li>Apply your favorite serum or moisturizer. Skincare actives will absorb better and makeup will glide on like silk.</li>
</ol></div> </div> </div>",,,,,"https://static.thcdn.com/productimg/original/13975003-1375127657595194.jpg, https://static.thcdn.com/productimg/original/13975003-6145129452523487.jpg, https://static.thcdn.com/productimg/original/13975003-1165129452597869.jpg",ce99326f-34f5-5b34-ba27-3fbcc1420ee1,2024-02-11 11:16:44
https://www.dermstore.com/p/herbivore-phoenix-rose-hip-and-sea-buckthorn-deep-renewal-facial-oil-50ml/12535727/,Herbivore Botanicals Phoenix Facial Oil (1.7 oz.),Herbivore Botanicals,12535727,12535727,88.0,USD,InStock,NewCondition,4.66,58,Brands / Herbivore Botanicals / Herbivore Botanicals Phoenix Facial Oil (1.7 oz.)," Herbivore Botanicals' Phoenix Facial Oil dramatically rehydrates and rejuvenates your skin at the cellular level with this blend of luxury botanical oils and skin cell renewing CoQ10. This oil leaves skin soft and silky with a renewed appearance and texture, increases skin's natural glow and radiance and delivers antioxidants and photonutrients to fight against premature aging from the elements. 
  Key Ingredients:  
 
   Rosehip Oil:  naturally rich in essential fatty acids Omega 3, 6, and 9 to regenerate skin cells and repair damaged tissue 
   Sea Buckthorn Oil:  delivers a natural form of vitamin A that penetrates deeply into the skin to restore and revitalize from within 
   Chia Seed Co2:  features an excellent natural source of alpha lipoic acid to visibly smooths fine lines and decreases inflammation 
   Meadowfoam Oil:  forms a natural protective barrier to keep moisture and vitamins in the skin 
   Neroli Oil:  helps soften wrinkles, reduce visible veins and capillaries, and stimulates new growth in skin cells 
 
  Key Benefits:  
 
  Renews and hydrates skin while fighting visible signs of aging 
  Natural, vegan and cruelty-free formula 
  Contains no fillers 
 ","Simmondsia Chinensis (Jojoba) Seed Oil, Rosa Canina (Rosehip) Seed Oil, Limnanthes Alba (Meadowfoam) Seed Oil, Salvia Hispanica (Chia) Seed Oil, CoQ10, Hippophae Rhamnoides L (Sea Buckthorn) Oil, Tocopherol (Vitamin E), Rosa Damanscena (Moroccan Rose) Absolute, Citrus Aurantium (Neroli) Essential Oil.
For the latest information, it is recommended to review the ingredient list printed on the packaging of the product prior to usage or consumption.","<div aria-labelledby=""Ingredients"" class=""content max-h-0 invisible translate-y-1/4 underline-hyperlink"" id=""product-description-3""> <div class=""attribute-content break-words""> <div class=""flex flex-col gap-2""><p>Simmondsia Chinensis (Jojoba) Seed Oil, Rosa Canina (Rosehip) Seed Oil, Limnanthes Alba (Meadowfoam) Seed Oil, Salvia Hispanica (Chia) Seed Oil, CoQ10, Hippophae Rhamnoides L (Sea Buckthorn) Oil, Tocopherol (Vitamin E), Rosa Damanscena (Moroccan Rose) Absolute, Citrus Aurantium (Neroli) Essential Oil.</p>
<p><em><strong>For the latest information, it is recommended to review the ingredient list printed on the packaging of the product prior to usage or consumption.</strong></em></p></div> </div> </div>",Apply five to ten drops to cleansed and toned skin morning and night. Massage in and allow to absorb for one to three minutes before applying makeup. Store at room temperature and out of direct sunlight.,"<div aria-labelledby=""How-to-Use"" class=""content max-h-0 invisible translate-y-1/4 underline-hyperlink"" id=""product-description-1""> <div class=""attribute-content break-words""> <div class=""flex flex-col gap-2""><p>Apply five to ten drops to cleansed and toned skin morning and night. Massage in and allow to absorb for one to three minutes before applying makeup. Store at room temperature and out of direct sunlight.</p></div> </div> </div>","Aging Skin: Fine Lines and WrinklesApplication Area: Face, NeckIdeal for these Concerns: Dryness and DehydrationFragrance Note: FloralIngredient: Antioxidants, Coenzyme Q10, Essential Oils, Jojoba, Vitamin AMoisturizers: Face OilsPreferences: Certified Cruelty-Free, Gluten-Free, Natural, Paraben-Free, Phthalate-Free, Sulfate-Free, VeganSkin Care: MoisturizersSkin Type: Dry Skin, Mature Skin, Sensitive Skin","<div aria-labelledby=""Skin-Type-&amp;-Concerns"" class=""content max-h-0 invisible translate-y-1/4 underline-hyperlink"" id=""product-description-2""> <div class=""attribute-content break-words""> <div class=""flex flex-col gap-2""><p><strong>Aging Skin:</strong> <a href=""/skin-care/treatments-serums/wrinkle-cream.list"">Fine Lines and Wrinkles</a><br/><strong>Application Area:</strong> <a href=""/application-area/face.list"">Face</a>, <a href=""/application-area/neck.list"">Neck</a><br/><strong>Ideal for these Concerns:</strong> <a href=""/skin-care/dryness-dehydration.list"">Dryness and Dehydration</a><br/><strong>Fragrance Note:</strong> <a href=""/fragrance/floral.list"">Floral</a><br/><strong>Ingredient:</strong> <a href=""/ingredient/antioxidants.list"">Antioxidants</a>, <a href=""/ingredient/coenzyme-q10.list"">Coenzyme Q10</a>, <a href=""/bath-body/body-care/essential-oils.list"">Essential Oils</a>, <a href=""/ingredient/jojoba.list"">Jojoba</a>, <a href=""/ingredient/vitamin-a.list"">Vitamin A</a><br/><strong>Moisturizers:</strong> <a href=""/skin-care/moisturizers/face-oils.list"">Face Oils</a><br/><strong>Preferences:</strong> <a href=""/cruelty-free.list"">Certified Cruelty-Free</a>, <a href=""/organic-beauty/gluten-free.list"">Gluten-Free</a>, <a href=""/organic-beauty/natural.list"">Natural</a>, <a href=""/preferences/paraben-free.list"">Paraben-Free</a>, <a href=""/preferences/phthalate-free.list"">Phthalate-Free</a>, <a href=""/preferences/sulfate-free.list"">Sulfate-Free</a>, <a href=""/vegan.list"">Vegan</a><br/><strong>Skin Care:</strong> <a href=""/skin-care/moisturizers.list"">Moisturizers</a><br/><strong>Skin Type:</strong> <a href=""/skin-care/dry-skin.list"">Dry Skin</a>, <a href=""/skin-care/mature-skin.list"">Mature Skin</a>, <a href=""/skin-care/sensitive-skin.list"">Sensitive Skin</a></p></div> </div> </div>",,50ml,"https://static.thcdn.com/productimg/original/12535727-1294896397667775.jpg, https://static.thcdn.com/productimg/1600/1600/12535727-8024773048163572.jpg, https://static.thcdn.com/productimg/original/12535727-2114869714601224.jpg, https://static.thcdn.com/productimg/1600/1600/12535727-1264773048226269.jpg",1584250c-66f5-502e-ae67-e5612ea57eaa,2024-02-11 11:16:45
https://www.dermstore.com/p/sachajuan-curl-shampoo-250ml/11582931/,Sachajuan Curl Shampoo 8.4 oz,Sachajuan,11582931,11582931,33.0,USD,InStock,NewCondition,5,1,Brands / Sachajuan / Sachajuan Curl Shampoo 8.4 oz," Bring your hair to a more enviable state with Sachajuan's Curl Shampoo. Enriched with ocean silk technology and wheat protein, this shampoo for curly hair fortifies strands, increases shine and nourishes the curl cuticle for healthier, more voluminous locks. 
  Key Ingredients:  
 
   Ocean Silk Technology and Wheat Protein:  nourish the curl cuticle to build strength and shine 
 
  Key Benefits:  
 
  Builds strength and shine 
  Creates soft, bouncy curls 
 ","Aqua (Water), Sodium Laureth Sulfate, Sodium Laureth-11, Carboxylate Cocamidopropyl Betaine, Peg-7 Glyceryl Cocoate, Peg-4 Rapeseedamide, Sodium Chloride, Hydrolyzed Rhodophycea Extract, Parfum, Coco-Glucoside Glyceryl, Oleate Sodium, Benzoate Polyquaternium-10, Trisodium Sulfosuccinate, Peg-150 Pentaerythrityl, Tetrastearate, Hydrolyzed Wheat Protein, Citric Acid, Peg-6 Caprylic/Capric, Glycerides, Pg-Hydroxyethylcellulose, Cocodimonium Chloride, Linalool, Disodium Edta, Limonene, Benzyl Salicylate, Hexyl Cinnamal, Phenoxyethanol, Alpha-Isomethyl, Ionone, Butylphenyl, Methylpropional, Citronellol.
For the latest information, it is recommended to review the ingredient list printed on the packaging of the product prior to usage or consumption.","<div aria-labelledby=""Ingredients"" class=""content max-h-0 invisible translate-y-1/4 underline-hyperlink"" id=""product-description-4""> <div class=""attribute-content break-words""> <div class=""flex flex-col gap-2""><p>Aqua (Water), Sodium Laureth Sulfate, Sodium Laureth-11, Carboxylate Cocamidopropyl Betaine, Peg-7 Glyceryl Cocoate, Peg-4 Rapeseedamide, Sodium Chloride, Hydrolyzed Rhodophycea Extract, Parfum, Coco-Glucoside Glyceryl, Oleate Sodium, Benzoate Polyquaternium-10, Trisodium Sulfosuccinate, Peg-150 Pentaerythrityl, Tetrastearate, Hydrolyzed Wheat Protein, Citric Acid, Peg-6 Caprylic/Capric, Glycerides, Pg-Hydroxyethylcellulose, Cocodimonium Chloride, Linalool, Disodium Edta, Limonene, Benzyl Salicylate, Hexyl Cinnamal, Phenoxyethanol, Alpha-Isomethyl, Ionone, Butylphenyl, Methylpropional, Citronellol.</p>
<p><em><strong>For the latest information, it is recommended to review the ingredient list printed on the packaging of the product prior to usage or consumption.</strong></em></p></div> </div> </div>",Massage gently into wet hair. Rinse thoroughly. Follow with Sachajuan Curl Conditioner.,"<div aria-labelledby=""How-to-Use"" class=""content max-h-0 invisible translate-y-1/4 underline-hyperlink"" id=""product-description-2""> <div class=""attribute-content break-words""> <div class=""flex flex-col gap-2""><p>Massage gently into wet hair. Rinse thoroughly. Follow with Sachajuan Curl Conditioner.</p></div> </div> </div>","Application Area: HairIdeal for these Concerns: Free Radical DamageHair Care: ShampooHair Type: Curly HairIngredient: Antioxidants, Vitamin CPreferences: Paraben-FreeShampoo: Volume Shampoo","<div aria-labelledby=""Skin-Type-&amp;-Concerns"" class=""content max-h-0 invisible translate-y-1/4 underline-hyperlink"" id=""product-description-3""> <div class=""attribute-content break-words""> <div class=""flex flex-col gap-2""><p><strong>Application Area:</strong> <a href=""/application-area/hair.list"">Hair</a><br/><strong>Ideal for these Concerns:</strong> <a href=""/treatment/free-radical-damage.list"">Free Radical Damage</a><br/><strong>Hair Care:</strong> <a href=""/hair-care/shampoo.list"">Shampoo</a><br/><strong>Hair Type:</strong> <a href=""/hair-care/curly-hair.list"">Curly Hair</a><br/><strong>Ingredient:</strong> <a href=""/ingredient/antioxidants.list"">Antioxidants</a>, <a href=""/ingredient/vitamin-c.list"">Vitamin C</a><br/><strong>Preferences:</strong> <a href=""/preferences/paraben-free.list"">Paraben-Free</a><br/><strong>Shampoo:</strong> <a href=""/hair-care/shampoo/volume-shampoo.list"">Volume Shampoo</a></p></div> </div> </div>",,250ml,https://static.thcdn.com/productimg/original/11582931-1045065931848686.jpg,2c44be8d-6c80-5797-8134-d2eef1a05670,2024-02-11 11:16:47
https://www.dermstore.com/p/revitalash-precision-tweezers/11689517/,RevitaLash Precision Tweezers (1 piece),RevitaLash,11689517,11689517,25.0,USD,InStock,NewCondition,5,4,Brands / RevitaLash Cosmetics  / RevitaLash Precision Tweezers (1 piece)," Easily shape and define your brows with RevitaLash Cosmetics Precision Tweezers. Crafted from professional-grade stainless steel, this grooming tool is rust-resistant and has an easy grip design. 
  Key Benefits:  
 
  Professional-grade stainless steel 
  Easy grip design 
  Rust resistant 
  Suitable for sterilization 
  Made in Italy 
 ","Not Applicable.
For the latest information, it is recommended to review the ingredient list printed on the packaging of the product prior to usage or consumption.","<div aria-labelledby=""Ingredients"" class=""content max-h-0 invisible translate-y-1/4 underline-hyperlink"" id=""product-description-3""> <div class=""attribute-content break-words""> <div class=""flex flex-col gap-2""><p>Not Applicable.</p>
<p><em><strong>For the latest information, it is recommended to review the ingredient list printed on the packaging of the product prior to usage or consumption.</strong></em></p></div> </div> </div>","STEP 1: Hold the skin taut to help remove hair with less discomfort. STEP 2: Tweeze stray hairs around the brow arch, removing only the obvious course/dark hair especially between the eyes. STEP 3: Follow with companion product, Hi-Def Tinted Brow Gel, to style arches and fill in sparse areas.","<div aria-labelledby=""How-to-Use"" class=""content max-h-0 invisible translate-y-1/4 underline-hyperlink"" id=""product-description-1""> <div class=""attribute-content break-words""> <div class=""flex flex-col gap-2""><p>STEP 1: Hold the skin taut to help remove hair with less discomfort. STEP 2: Tweeze stray hairs around the brow arch, removing only the obvious course/dark hair especially between the eyes. STEP 3: Follow with companion product, Hi-Def Tinted Brow Gel, to style arches and fill in sparse areas.</p></div> </div> </div>","Application Area: Eyebrows, FaceMakeup: Cosmetic ToolsPreferences: Certified Cruelty-Free","<div aria-labelledby=""Skin-Type-&amp;-Concerns"" class=""content max-h-0 invisible translate-y-1/4 underline-hyperlink"" id=""product-description-2""> <div class=""attribute-content break-words""> <div class=""flex flex-col gap-2""><p><strong>Application Area:</strong> <a href=""/application-area/eyebrows.list"">Eyebrows</a>, <a href=""/application-area/face.list"">Face</a><br/><strong>Makeup:</strong> <a href=""/makeup/cosmetic-tools.list"">Cosmetic Tools</a><br/><strong>Preferences:</strong> <a href=""/cruelty-free.list"">Certified Cruelty-Free</a></p></div> </div> </div>",,,"https://static.thcdn.com/productimg/original/11689517-2955146779812427.jpg, https://static.thcdn.com/productimg/original/11689517-1215146779830406.jpg, https://static.thcdn.com/productimg/original/11689517-7634935507184767.jpg, https://static.thcdn.com/productimg/original/11689517-7835145246870870.jpg",7ce655a0-90fe-5063-b7b2-50af10110588,2024-02-11 11:16:52
https://www.dermstore.com/p/exclusive-tripollar-prep-gel-duo/13441436/,Exclusive TriPollar Prep Gel Duo,TriPollar,13441436,13441436,98.0,USD,OutOfStock,NewCondition,,,Brands / Tripollar / Exclusive TriPollar Prep Gel Duo, Tripollar Stop Gel Protects the epidermis layer during use. Stimulates production of collagen Ensures delivery of the required energy into the deep layers of the skin. ,"Glycerin, Cera Alba, Carbomer, Gluconolactone, Parfum (Fragrance), Sodium Chloride (Sea Salt), SodiumBenzoate. Acrylic Acid, Calcium Gluconate, Limonene, Hydroxyisohexyl 3-Cyclohexene Carboxaldehyde, Butylphenyl Methylpropional, Benzyl Salicylate, Citronellol, Geraniol, Hydroxycitronellal.
For the latest information, it is recommended to review the ingredient list printed on the packaging of the product prior to usage or consumption.","<div aria-labelledby=""Ingredients"" class=""content max-h-0 invisible translate-y-1/4 underline-hyperlink"" id=""product-description-2""> <div class=""attribute-content break-words""> <div class=""flex flex-col gap-2""><p>Glycerin, Cera Alba, Carbomer, Gluconolactone, Parfum (Fragrance), Sodium Chloride (Sea Salt), SodiumBenzoate. Acrylic Acid, Calcium Gluconate, Limonene, Hydroxyisohexyl 3-Cyclohexene Carboxaldehyde, Butylphenyl Methylpropional, Benzyl Salicylate, Citronellol, Geraniol, Hydroxycitronellal.</p>
<p><em><strong>For the latest information, it is recommended to review the ingredient list printed on the packaging of the product prior to usage or consumption.</strong></em></p></div> </div> </div>","The STOP Preparation Gel is uniquely formulated to prepare your skin for the transference of the STOP heating power. The gel helps to transfer the Radio Frequency technology through the skin of the treatment area ensuring that the benefits of the STOP are utilized. Applying a thin layer of the gel to clean, dry skin will supercharge your device and can be used for between 12-15 treatments.","<div aria-labelledby=""How-to-Use"" class=""content max-h-0 invisible translate-y-1/4 underline-hyperlink"" id=""product-description-1""> <div class=""attribute-content break-words""> <div class=""flex flex-col gap-2""><p>The STOP Preparation Gel is uniquely formulated to prepare your skin for the transference of the STOP heating power. The gel helps to transfer the Radio Frequency technology through the skin of the treatment area ensuring that the benefits of the STOP are utilized. Applying a thin layer of the gel to clean, dry skin will supercharge your device and can be used for between 12-15 treatments.</p></div> </div> </div>",,,,50ml,"https://static.thcdn.com/productimg/original/13441436-1464907542434678.jpg, https://static.thcdn.com/productimg/original/13441436-4554907542396017.jpg",2857c124-e625-5c32-8dc9-63bf12120c50,2024-02-11 11:16:53
https://www.dermstore.com/p/hydrated-canvas-firming-duo/15466502/,Glo Skin Beauty Hydrated Canvas Firming Duo (Worth $124),Glo Skin Beauty,15466502,15466502,75.0,USD,InStock,NewCondition,,,Brands / Glo Skin Beauty / Glo Skin Beauty Hydrated Canvas Firming Duo (Worth $124)," Save 40% with this hyaluronic acid-powered hydration hero duo, perfect for dry, dehydrated skin looking for a drink of water. 
 Quench and rejuvenate your skin with our Hydrated Canvas Firming Duo, including full sizes of our HA-Revive Hyaluronic Mist and Hydrator. Designed for dry and fatigued skin, this power duo harnesses the benefits of hyaluronic acid and plant stem cells to deeply hydrate, improve elasticity, and enhance skin's natural glow. Experience a smoother, more supple complexion with long-lasting moisture and renewed radiance. 
 Suitable for all skin types. 
  Kit Includes:  
 
  HA-Revive Hyaluronic Mist 
  HA-Revive Hyaluronic Hydrator 
 ","HA-Revive Hyaluronic Mist: Aqua/Water/Eau, Polysorbate 20, Glycerin, Caprylyl Glycol, Phenoxyethanol, Cocos Nucifera (Coconut) Liquid Endosperm, Sodium Gluconate, Enteromorpha Compressa Extract, Menthyl Lactate, Methyl Gluceth-20, Ethylhexylglycerin, Lavandula Angustifolia (Lavender) Oil, Sodium Hyaluronate, Cyperus Papyrus Leaf Cell Extract, Cocos Nucifera (Coconut) Fruit Juice, Citrus Aurantium Dulcis (Orange) Peel Oil, Sodium Benzoate, Triethanolamine, Potassium Sorbate, Cucumis Sativus (Cucumber) Fruit Extract, Hamamelis Virginiana (Witch Hazel) Water, Citric Acid, Alcohol, Limonene, Linalool
HA-Revive Hyaluronic Hydrator: Aqua/Water/Eau, Glycerin, Caprylic/Capric Triglyceride, Cocos Nucifera (Coconut) Liquid Endosperm, Cetyl Alcohol, PEG-20 Methyl Glucose Sesquistearate, Caprylyl Glycol, Dimethicone, Squalane, Methyl Glucose Sesquistearate, Phenoxyethanol, Carbomer, Elaeis Guineensis (Palm) Oil, Gossypium Herbaceum (Cotton) Seed Oil, Dimethyl Isosorbide, Tocopheryl Acetate, Bidens Pilosa Extract, Linum Usitatissimum (Linseed) Seed Oil, Triethanolamine, Sodium Gluconate, Ethylhexylglycerin, Cocos Nucifera (Coconut) Fruit Juice, Mica, Sesamum Indicum (Sesame) Seed Extract, Opuntia Ficus-Indica Leaf Cell Extract, Hydrolyzed Viola Tricolor Extract, Lavandula Angustifolia (Lavender) Oil, Sodium Hyaluronate, Citrus Aurantium Dulcis (Orange) Peel Oil, Tocopherol, Hamamelis Virginiana (Witch Hazel) Water, Citric Acid, Alcohol, CI 77891 (Titanium Dioxide)
For the latest information, it is recommended to review the ingredient list printed on the packaging of the product prior to usage or consumption.","<div aria-labelledby=""Ingredients"" class=""content max-h-0 invisible translate-y-1/4 underline-hyperlink"" id=""product-description-2""> <div class=""attribute-content break-words""> <div class=""flex flex-col gap-2""><p><strong>HA-Revive Hyaluronic Mist:</strong> Aqua/Water/Eau, Polysorbate 20, Glycerin, Caprylyl Glycol, Phenoxyethanol, Cocos Nucifera (Coconut) Liquid Endosperm, Sodium Gluconate, Enteromorpha Compressa Extract, Menthyl Lactate, Methyl Gluceth-20, Ethylhexylglycerin, Lavandula Angustifolia (Lavender) Oil, Sodium Hyaluronate, Cyperus Papyrus Leaf Cell Extract, Cocos Nucifera (Coconut) Fruit Juice, Citrus Aurantium Dulcis (Orange) Peel Oil, Sodium Benzoate, Triethanolamine, Potassium Sorbate, Cucumis Sativus (Cucumber) Fruit Extract, Hamamelis Virginiana (Witch Hazel) Water, Citric Acid, Alcohol, Limonene, Linalool</p>
<p><strong>HA-Revive Hyaluronic Hydrator:</strong> Aqua/Water/Eau, Glycerin, Caprylic/Capric Triglyceride, Cocos Nucifera (Coconut) Liquid Endosperm, Cetyl Alcohol, PEG-20 Methyl Glucose Sesquistearate, Caprylyl Glycol, Dimethicone, Squalane, Methyl Glucose Sesquistearate, Phenoxyethanol, Carbomer, Elaeis Guineensis (Palm) Oil, Gossypium Herbaceum (Cotton) Seed Oil, Dimethyl Isosorbide, Tocopheryl Acetate, Bidens Pilosa Extract, Linum Usitatissimum (Linseed) Seed Oil, Triethanolamine, Sodium Gluconate, Ethylhexylglycerin, Cocos Nucifera (Coconut) Fruit Juice, Mica, Sesamum Indicum (Sesame) Seed Extract, Opuntia Ficus-Indica Leaf Cell Extract, Hydrolyzed Viola Tricolor Extract, Lavandula Angustifolia (Lavender) Oil, Sodium Hyaluronate, Citrus Aurantium Dulcis (Orange) Peel Oil, Tocopherol, Hamamelis Virginiana (Witch Hazel) Water, Citric Acid, Alcohol, CI 77891 (Titanium Dioxide)</p>
<p><em><strong>For the latest information, it is recommended to review the ingredient list printed on the packaging of the product prior to usage or consumption.</strong></em></p></div> </div> </div>","The perfect synergistic set. Lightly mist HA-Revive Hyaluronic Mist after cleansing and follow with your serum, eye cream, then apply HA-Revive Hyaluronic Hydrator, and SPF for day. Use HA-Revive Hyaluronic Hydrator up to twice daily.
If your skin is feeling dry throughout the day, spritz HA-Revive Hyaluronic Mist as needed for a quenching boost.","<div aria-labelledby=""How-to-Use"" class=""content max-h-0 invisible translate-y-1/4 underline-hyperlink"" id=""product-description-1""> <div class=""attribute-content break-words""> <div class=""flex flex-col gap-2""><ol>
<li>The perfect synergistic set. Lightly mist HA-Revive Hyaluronic Mist after cleansing and follow with your serum, eye cream, then apply HA-Revive Hyaluronic Hydrator, and SPF for day. Use HA-Revive Hyaluronic Hydrator up to twice daily.</li>
<li>If your skin is feeling dry throughout the day, spritz HA-Revive Hyaluronic Mist as needed for a quenching boost.</li>
</ol></div> </div> </div>",,,,178ml,"https://static.thcdn.com/productimg/original/15466502-2025176053509373.jpg, https://static.thcdn.com/productimg/original/15466502-1455176053591534.jpg",11cdd589-3802-54a2-95dd-2cbd61389af5,2024-02-11 11:16:53
https://www.dermstore.com/p/philip-kingsley-no-scent-no-colour-gentle-conditioner-200ml/10302720/,Philip Kingsley No Scent No Colour Gentle Conditioner (6.67 fl. oz.),Philip Kingsley,10302720,10302720,100.0,USD,OutOfStock,NewCondition,4.33,9,Brands / Philip Kingsley / Philip Kingsley No Scent No Colour Gentle Conditioner (6.67 fl. oz.)," Philip Kingsley's No Scent No Colour Gentle Conditioner (formerly known as ""No Scent No Colour Conditioner"") is a gentle formula that is ideal for sensitive, easily irritated scalps. Free of color, parabens and scent, this lightweight product leaves hair feeling softer and smoother thanks to a mix of hydrolyzed elastin and amino silicone. 
  Key Ingredients:  
 
   Hydrolyzed Elastin:  a humectant that adds strength, body and elasticity to hair 
   Amino Silicone:  smooths, detangles and controls frizz and flyaway 
 
  Key Benefits:  
 
  Ideal for sensitive, delicate and easily irritated scalps 
  Nourishing conditioner for sensitive scalps 
  Leaves hair shiny, manageable, sleek and tangle-free 
  Improves hair's tensile strength and moisture retention, reducing breakage 
  Fragrance-free, dye-free and paraben-free 
 
  Tip:  This conditioner is even gentle enough for those undergoing chemo/radiation therapy, inspired by when Philip's wife was battling breast cancer. Also suitable for Brazilian keratin-treated hair. ","Aqua/Water/Eau, Cetearyl Alcohol, Amodimethicone, Phenoxyethanol Cetrimonium Chloride, Cyclotetrasiloxane, Trideceth-12, Ethylhexylglycerin, Hydrolyzed Elastin, Cyclopentasiloxane, Sodium Benzoate.
For the latest information, it is recommended to review the ingredient list printed on the packaging of the product prior to usage or consumption.","<div aria-labelledby=""Ingredients"" class=""content max-h-0 invisible translate-y-1/4 underline-hyperlink"" id=""product-description-3""> <div class=""attribute-content break-words""> <div class=""flex flex-col gap-2""><p>Aqua/Water/Eau, Cetearyl Alcohol, Amodimethicone, Phenoxyethanol Cetrimonium Chloride, Cyclotetrasiloxane, Trideceth-12, Ethylhexylglycerin, Hydrolyzed Elastin, Cyclopentasiloxane, Sodium Benzoate.</p>
<p><em><strong>For the latest information, it is recommended to review the ingredient list printed on the packaging of the product prior to usage or consumption.</strong></em></p></div> </div> </div>","After shampooing, gently work into the hair, particularly mid-lengths and ends. Rinse well and follow with the appropriate Philip Kingsley scalp toner.","<div aria-labelledby=""How-to-Use"" class=""content max-h-0 invisible translate-y-1/4 underline-hyperlink"" id=""product-description-1""> <div class=""attribute-content break-words""> <div class=""flex flex-col gap-2""><p>After shampooing, gently work into the hair, particularly mid-lengths and ends. Rinse well and follow with the appropriate Philip Kingsley scalp toner.</p></div> </div> </div>","Application Area: HairIdeal for these Concerns: Frizzy Hair, Hypersensitive SkinConditioner: Smoothing ConditionerHair Care: ConditionerHair Type: Coarse Hair, Color-Treated Hair, Curly Hair, Dry or Damaged Hair, Fine Hair, Normal Hair, Oily HairIngredient: DimethiconePreferences: Fragrance-Free, Paraben-Free, Sulfate-Free","<div aria-labelledby=""Skin-Type-&amp;-Concerns"" class=""content max-h-0 invisible translate-y-1/4 underline-hyperlink"" id=""product-description-2""> <div class=""attribute-content break-words""> <div class=""flex flex-col gap-2""><p><strong>Application Area:</strong> <a href=""/application-area/hair.list"">Hair</a><br/><strong>Ideal for these Concerns:</strong> <a href=""/hair-care/frizzy-hair.list"">Frizzy Hair</a>, <a href=""/treatment/hypersensitive-skin.list"">Hypersensitive Skin</a><br/><strong>Conditioner:</strong> <a href=""/hair-care/conditioner/smoothing-conditioner.list"">Smoothing Conditioner</a><br/><strong>Hair Care:</strong> <a href=""/hair-care/conditioner.list"">Conditioner</a><br/><strong>Hair Type:</strong> <a href=""/hair-care/coarse-hair-treatments.list"">Coarse Hair</a>, <a href=""/hair-care/color-treated-hair.list"">Color-Treated Hair</a>, <a href=""/hair-care/curly-hair.list"">Curly Hair</a>, <a href=""/hair-care/dry-or-damaged-hair.list"">Dry or Damaged Hair</a>, <a href=""/hair-care/fine-hair.list"">Fine Hair</a>, <a href=""/hair-care/normal-hair.list"">Normal Hair</a>, <a href=""/hair-care/oily-hair.list"">Oily Hair</a><br/><strong>Ingredient:</strong> <a href=""/ingredient/dimethicone.list"">Dimethicone</a><br/><strong>Preferences:</strong> <a href=""/fragrance/fragrance-free.list"">Fragrance-Free</a>, <a href=""/preferences/paraben-free.list"">Paraben-Free</a>, <a href=""/preferences/sulfate-free.list"">Sulfate-Free</a></p></div> </div> </div>",No Scent No Colour,250ml,"https://static.thcdn.com/productimg/original/10302720-8184967693262297.jpg, https://static.thcdn.com/productimg/original/10302720-1115136128484429.jpg, https://static.thcdn.com/productimg/original/10302720-1464967693302641.jpg, https://static.thcdn.com/productimg/original/10302720-2085136701969844.jpg, https://static.thcdn.com/productimg/original/10302720-1325136702002535.jpg, https://static.thcdn.com/productimg/original/10302720-1515136128509008.jpg, https://static.thcdn.com/productimg/original/10302720-1985136128542020.jpg",8f3842ed-3db8-55cb-b94a-6ca9ad6bb4aa,2024-02-11 11:16:53
https://www.dermstore.com/p/miriam-quevedo-extreme-shampoo-for-color-treated-hair-250ml-recycled/12902295/,miriam quevedo Extreme Caviar Shampoo For Color Treated Hair (250 ml.),Miriam Quevedo,12902295,12902295,45.0,USD,OutOfStock,NewCondition,5,3,Brands / miriam quevedo / miriam quevedo Extreme Caviar Shampoo For Color Treated Hair (250 ml.)," Gently cleanse your hair without stripping its color with miriam quevedo's Extreme Caviar Shampoo For Color Treated Hair. Free of sulfates and parabens, this formula supplies your scalp and strands with nutrient-rich ingredients, such as caviar, B vitamins and botanical extracts. 
  Key Ingredients:  
 
   Caviar:  one of the most exclusive anti-aging cosmetic ingredients given its abundant composition of essential amino acids, structuring peptides, proteins, essential fatty acids and trace elements. 
   Keratin Protection and Rebuilding System:  repairs, replenishes and protects keratin, the key structural component found in hair by creating a weightless film that overlays the hair fiber. 
   Marine Collagen Peptide:  provides softening and conditioning effects while creating a protective film from root to tip and repairing damaged hair. 
   Multi-Vitamin B Complex:  a cocktail of five B vitamins (Thiamine – B1, Riboflavin -B2, Nicotinamide - B3, Panthenol- B5 and Pyridoxine - B6), defends against oxidative stress, protects and repairs hair’s natural keratin and promotes healthy hair growth. 
   Complex of 12 Botanical Extracts:  a potent combination of natural botanicals to treat various concerns including hair loss, oily hair, seborrhea and dandruff. 
 
  Key Benefits:  
 
  Minimizes color loss by successive washes 
  Gentle, not harsh on hair or scalp 
  Provides a polishing effect by preventing cuticle desquamation 
  Restructures broken keratin links, protects against hair collagen degradation and repairs hair’s hydrolipid barrier 
  Antioxidant, anti-free radical and protective properties 
 ","Aqua (Water), Sodium Lauroyl Methyl Isethionate, Cocamidopropyl Betaine, Glycol Distearate,Parfum (Fragrance),Peg-120 Methyl Glucose Trioleate, Caviar Extract,Salvia Officinalis (Sage) Leaf Extract,Oryza Sativa (Rice) Extract, Chamomilla Recutita (Matricaria) Flower Extract, Citrus Limon (Lemon) Peel Extract, Hedera Helix (Ivy) Leaf Extract, Lamium Album Extract, Nasturtium Officinale Extract, Calendula Officinalis Flower Extract, Rosmarinus Officinalis (Rosemary) Leaf Extract, Hydrolyzed Keratin, Tropaeolum Majus Flower Extract,Thiamine, Hcl,Oryza Sativa (Rice) Seed Protein, Hydrolyzed Collagen, Panthenol, Pinus Sylvestris Bud Extract, Pyridoxine Hcl, Riboflavin, Arctium Majus Root Extract, Arnica Montana Flower Extract, Faex (Yeast) Extract, Niacinamide, Polyquaternium-10, Phytic Acid, Malic Acid, Tartaric Acid, Glycolic Acid, Sodium Hydroxide, Polyquaternium-7, Propylene Glycol, Alcohol Denat., Lactic Acid, Glycerin, Calcium Gluconate, Gluconolactone, Sodium Chloride, Propanediol, Caprylyl Glycol, Citric Acid, 1,2-Hexanediol, Sodium Benzoate, Potassium Sorbate, Hydroxyacetophenone, Phenoxyethanol, Butylene Glycol, Hexyl Cinnamal,Benzyl Salicylate, Limonene, Citronellol, Butylphenyl Methylpropional, Cinnamyl Alcohol, Eugenol, Linalool.
For the latest information, it is recommended to review the ingredient list printed on the packaging of the product prior to usage or consumption.","<div aria-labelledby=""Ingredients"" class=""content max-h-0 invisible translate-y-1/4 underline-hyperlink"" id=""product-description-3""> <div class=""attribute-content break-words""> <div class=""flex flex-col gap-2""><p>Aqua (Water), Sodium Lauroyl Methyl Isethionate, Cocamidopropyl Betaine, Glycol Distearate,Parfum (Fragrance),Peg-120 Methyl Glucose Trioleate, Caviar Extract,Salvia Officinalis (Sage) Leaf Extract,Oryza Sativa (Rice) Extract, Chamomilla Recutita (Matricaria) Flower Extract, Citrus Limon (Lemon) Peel Extract, Hedera Helix (Ivy) Leaf Extract, Lamium Album Extract, Nasturtium Officinale Extract, Calendula Officinalis Flower Extract, Rosmarinus Officinalis (Rosemary) Leaf Extract, Hydrolyzed Keratin, Tropaeolum Majus Flower Extract,Thiamine, Hcl,Oryza Sativa (Rice) Seed Protein, Hydrolyzed Collagen, Panthenol, Pinus Sylvestris Bud Extract, Pyridoxine Hcl, Riboflavin, Arctium Majus Root Extract, Arnica Montana Flower Extract, Faex (Yeast) Extract, Niacinamide, Polyquaternium-10, Phytic Acid, Malic Acid, Tartaric Acid, Glycolic Acid, Sodium Hydroxide, Polyquaternium-7, Propylene Glycol, Alcohol Denat., Lactic Acid, Glycerin, Calcium Gluconate, Gluconolactone, Sodium Chloride, Propanediol, Caprylyl Glycol, Citric Acid, 1,2-Hexanediol, Sodium Benzoate, Potassium Sorbate, Hydroxyacetophenone, Phenoxyethanol, Butylene Glycol, Hexyl Cinnamal,Benzyl Salicylate, Limonene, Citronellol, Butylphenyl Methylpropional, Cinnamyl Alcohol, Eugenol, Linalool.</p>
<p><em><strong>For the latest information, it is recommended to review the ingredient list printed on the packaging of the product prior to usage or consumption.</strong></em></p></div> </div> </div>","Apply to wet hair and scalp. Massage in gently to create lather. Leave on for two to five minutes. Rinse thoroughly. In case of contact with eyes, rinse immediately.","<div aria-labelledby=""How-to-Use"" class=""content max-h-0 invisible translate-y-1/4 underline-hyperlink"" id=""product-description-1""> <div class=""attribute-content break-words""> <div class=""flex flex-col gap-2""><p>Apply to wet hair and scalp. Massage in gently to create lather. Leave on for two to five minutes. Rinse thoroughly. In case of contact with eyes, rinse immediately.</p></div> </div> </div>","Application Area: HairIdeal for these Concerns: Damaged Hair, Dryness and Dehydration, Free Radical Damage, Sun DamageHair Care: ShampooHair Type: Coarse Hair, Color-Treated Hair, Curly Hair, Dry or Damaged Hair, Fine Hair, Normal Hair, Oily HairIngredient: Algae Extract, Glycolic Acid, Herbal Extracts, Lactic Acid, Malic Acid, Niacinamide, PanthenolPreferences: Paraben-Free, Sulfate-FreeShampoo: Color ShampooSkin Type: Acne-Prone Skin, Combination Skin, Dry Skin, Mature Skin, Normal Skin, Oily Skin, Sensitive Skin","<div aria-labelledby=""Skin-Type-&amp;-Concerns"" class=""content max-h-0 invisible translate-y-1/4 underline-hyperlink"" id=""product-description-2""> <div class=""attribute-content break-words""> <div class=""flex flex-col gap-2""><p><strong>Application Area:</strong> <a href=""/application-area/hair.list"">Hair</a><br/><strong>Ideal for these Concerns:</strong> <a href=""/treatment/damaged-hair.list"">Damaged Hair</a>, <a href=""/skin-care/dryness-dehydration.list"">Dryness and Dehydration</a>, <a href=""/treatment/free-radical-damage.list"">Free Radical Damage</a>, <a href=""/treatment/sun-damage.list"">Sun Damage</a><br/><strong>Hair Care:</strong> <a href=""/hair-care/shampoo.list"">Shampoo</a><br/><strong>Hair Type:</strong> <a href=""/hair-care/coarse-hair-treatments.list"">Coarse Hair</a>, <a href=""/hair-care/color-treated-hair.list"">Color-Treated Hair</a>, <a href=""/hair-care/curly-hair.list"">Curly Hair</a>, <a href=""/hair-care/dry-or-damaged-hair.list"">Dry or Damaged Hair</a>, <a href=""/hair-care/fine-hair.list"">Fine Hair</a>, <a href=""/hair-care/normal-hair.list"">Normal Hair</a>, <a href=""/hair-care/oily-hair.list"">Oily Hair</a><br/><strong>Ingredient:</strong> <a href=""/ingredient/algae-extract.list"">Algae Extract</a>, <a href=""/ingredient/glycolic-acid.list"">Glycolic Acid</a>, <a href=""/ingredient/herbal-extracts.list"">Herbal Extracts</a>, <a href=""/ingredient/lactic-acid.list"">Lactic Acid</a>, <a href=""/ingredient/malic-acid.list"">Malic Acid</a>, <a href=""/ingredient/niacinamide.list"">Niacinamide</a>, <a href=""/ingredient/panthenol.list"">Panthenol</a><br/><strong>Preferences:</strong> <a href=""/preferences/paraben-free.list"">Paraben-Free</a>, <a href=""/preferences/sulfate-free.list"">Sulfate-Free</a><br/><strong>Shampoo:</strong> <a href=""/hair-care/shampoo/color-shampoo.list"">Color Shampoo</a><br/><strong>Skin Type:</strong> <a href=""/skin-care/acne-prone-skin.list"">Acne-Prone Skin</a>, <a href=""/skin-care/combination-skin.list"">Combination Skin</a>, <a href=""/skin-care/dry-skin.list"">Dry Skin</a>, <a href=""/skin-care/mature-skin.list"">Mature Skin</a>, <a href=""/skin-care/normal-skin.list"">Normal Skin</a>, <a href=""/skin-care/oily-skin.list"">Oily Skin</a>, <a href=""/skin-care/sensitive-skin.list"">Sensitive Skin</a></p></div> </div> </div>",Extreme Caviar,250ml,https://static.thcdn.com/productimg/original/12902295-1164904191941933.jpg,cda97459-0ba6-5e59-aa47-45eaf1138dfb,2024-02-11 11:16:54
https://www.dermstore.com/p/mdsolarsciences-tinted-solar-stick-spf-40-0.6-oz/12902776/,MDSolarSciences Tinted Solar Stick SPF 40 (0.6 oz.),MDSolarSciences,12902776,12902776,24.0,USD,InStock,NewCondition,4.33,3,Brands / MDSolarSciences / MDSolarSciences Tinted Solar Stick SPF 40 (0.6 oz.)," This portable tinted mineral sunscreen stick quickly applies sheer SPF 40 coverage and blends in with all skin tones. Shop this water-resistant SPF stick today! 
 Small in size, big on benefits. This grab-and-go tinted mineral sunscreen stick with SPF 40 is lightweight, silky-smooth, and blends into every skin tone effortlessly (with no white cast), to deliver a beautiful hint of tint to cheeks, nose, forehead, ears or shoulders -pretty/perfect protection for anywhere the sun would kiss. Enriched with vitamins C &amp; E to help protect and nourish, shea butter to add extra softness, and our proprietary ProVention-R® technology to protect, prevent and restore-you'll never want to leave home without it. 
 Perfectly portable, it fits easily into any travel bag, pocket or purse. 
  What is ProVention-R® technology?  
 At the heart of all our formulas is our proprietary ProVention-R® technology- a combination of powerhouse ingredients that work to protect, against harmful UV rays and environmental aggressors, prevent future damage and restore skin health. 
  Why we love it:  
 
  Oil-free mineral feel-great formula 
  Universally flattering sheer hint of tint 
  Perfectly portable convenient packaging 
  Safe for the whole family (including kids 6 months+) 
  SPF 40 protection 
  Vitamins C &amp; E help protect and nourish 
  Shea butter add extra softness 
  Water resistant up to 80 minutes 
  No white cast 
  Lightweight formula glides on silky-smooth 
  Fortified with ProVention-R® technology 
  Safe for sensitive skin, including rosacea, acne-prone, melasma and eczema-prone 
 ","Active: Titanium Dioxide 8.25% Zinc Dioxide 6%.
Inactive: Polyethylene, Dimethicone, Butyloctyl Salicylate, Petrolatum, Butyrospermum Parkii (Shea) Butter, C12-15 Alkyl Benzoate, Caprylic/Capric Triglyceride, Methyl Dihydroabietate, Acrylates/Ethylhexyl Acrylate/Dimethicone Methacrylate Copolymer, Aluminum Hydroxide, Behenyl Olivate, Benzylidene Dimethoxydimethylindanone, Glyceryl Isostearate, Octyldodecanol, Polyhydroxystearic Acid, Sorbitan Oleate, Sorbitan Sesquioleate, Stearic Acid, Tetrahexyldecyl Ascorbate, Tocopherol, Citric Acid. May contain: Iron Oxides (C.I. 77491, Iron Oxides (C.I. 77494, Iron Oxides (C.I. 77499).
For the latest information, it is recommended to review the ingredient list printed on the packaging of the product prior to usage or consumption.","<div aria-labelledby=""Ingredients"" class=""content max-h-0 invisible translate-y-1/4 underline-hyperlink"" id=""product-description-3""> <div class=""attribute-content break-words""> <div class=""flex flex-col gap-2""><p><strong>Active:</strong> Titanium Dioxide 8.25% Zinc Dioxide 6%.</p>
<p><strong>Inactive:</strong> Polyethylene, Dimethicone, Butyloctyl Salicylate, Petrolatum, Butyrospermum Parkii (Shea) Butter, C12-15 Alkyl Benzoate, Caprylic/Capric Triglyceride, Methyl Dihydroabietate, Acrylates/Ethylhexyl Acrylate/Dimethicone Methacrylate Copolymer, Aluminum Hydroxide, Behenyl Olivate, Benzylidene Dimethoxydimethylindanone, Glyceryl Isostearate, Octyldodecanol, Polyhydroxystearic Acid, Sorbitan Oleate, Sorbitan Sesquioleate, Stearic Acid, Tetrahexyldecyl Ascorbate, Tocopherol, Citric Acid. May contain: Iron Oxides (C.I. 77491, Iron Oxides (C.I. 77494, Iron Oxides (C.I. 77499).</p>
<p><em><strong>For the latest information, it is recommended to review the ingredient list printed on the packaging of the product prior to usage or consumption.</strong></em></p></div> </div> </div>","Apply to difficult to reach areas such as ears, eyelids, etc. Apply 15 minutes before sun exposure and reapply after 80 minutes of swimming or sweating, immediately after towel drying, for at least every two hours.","<div aria-labelledby=""How-to-Use"" class=""content max-h-0 invisible translate-y-1/4 underline-hyperlink"" id=""product-description-1""> <div class=""attribute-content break-words""> <div class=""flex flex-col gap-2""><p>Apply to difficult to reach areas such as ears, eyelids, etc. Apply 15 minutes before sun exposure and reapply after 80 minutes of swimming or sweating, immediately after towel drying, for at least every two hours.</p></div> </div> </div>","Aging Skin: Fine Lines and WrinklesApplication Area: Cheeks, Face, Lips, Neck, ScalpIdeal for these Concerns: SunburnFinish: MatteIngredient: Dimethicone, Titanium Dioxide, Zinc OxidePreferences: Oil-FreeSkin Type: Dry Skin, Mature Skin, Normal Skin, Oily Skin, Sensitive SkinSPF: SPF 30+","<div aria-labelledby=""Skin-Type-&amp;-Concerns"" class=""content max-h-0 invisible translate-y-1/4 underline-hyperlink"" id=""product-description-2""> <div class=""attribute-content break-words""> <div class=""flex flex-col gap-2""><p><strong>Aging Skin:</strong> <a href=""/skin-care/treatments-serums/wrinkle-cream.list"">Fine Lines and Wrinkles</a><br/><strong>Application Area:</strong> <a href=""/application-area/cheeks.list"">Cheeks</a>, <a href=""/application-area/face.list"">Face</a>, <a href=""/application-area/lips.list"">Lips</a>, <a href=""/application-area/neck.list"">Neck</a>, <a href=""/application-area/scalp.list"">Scalp</a><br/><strong>Ideal for these Concerns:</strong> <a href=""/treatment/sunburn.list"">Sunburn</a><br/><strong>Finish:</strong> <a href=""/makeup/matte.list"">Matte</a><br/><strong>Ingredient:</strong> <a href=""/ingredient/dimethicone.list"">Dimethicone</a>, <a href=""/ingredient/titanium-dioxide.list"">Titanium Dioxide</a>, <a href=""/ingredient/zinc-oxide.list"">Zinc Oxide</a><br/><strong>Preferences:</strong> <a href=""/preferences/oil-free.list"">Oil-Free</a><br/><strong>Skin Type:</strong> <a href=""/skin-care/dry-skin.list"">Dry Skin</a>, <a href=""/skin-care/mature-skin.list"">Mature Skin</a>, <a href=""/skin-care/normal-skin.list"">Normal Skin</a>, <a href=""/skin-care/oily-skin.list"">Oily Skin</a>, <a href=""/skin-care/sensitive-skin.list"">Sensitive Skin</a><br/><strong>SPF:</strong> <a href=""/bath-body/body-sun-care/spf-30-plus.list"">SPF 30+</a></p></div> </div> </div>",,0.6oz,"https://static.thcdn.com/productimg/original/12902776-5215138274094515.jpg, https://static.thcdn.com/productimg/original/12902776-8665149397406237.jpg, https://static.thcdn.com/productimg/original/12902776-3545138274112716.jpg, https://static.thcdn.com/productimg/original/12902776-1905138274070503.jpg, https://static.thcdn.com/productimg/original/12902776-3425140040320566.jpg",f3acabd7-10d1-55a7-9b5c-863fe323e2a8,2024-02-11 11:16:58
https://www.dermstore.com/p/colorescience-sunforgettable-total-protection-brush-on-shield-glow-spf50-0.96ml/13697748/,Colorescience Sunforgettable Total Protection Brush On Shield Glow SPF50 0.96ml,Colorescience,13697748,13697748,69.0,USD,InStock,NewCondition,,,Brands / Colorescience / Colorescience Sunforgettable Total Protection Brush On Shield Glow SPF50 0.96ml," SPF and Environmental protection with a healthy, lit-from-within glow in one convenient, on-the go application— alone or over makeup. 100% mineral protection (free of chemical active ingredients) that is suitable for all skin types as well as vulnerable post-procedure skin ","Active Ingredients: Titanium Dioxide 22.5%, Zinc Oxide 22.5%
Inactive Ingredients: Mica, Dimethicone/Vinyl Dimethicone Crosspolymer, Dimethiconol/Propylsilsesquioxane/Silicate Crosspolymer, Lycopodium Clavatum Extract, Sodium Hyaluronate, Imperata Cylindrica Root Extract, Glycerin, Water, Caesalpinia Spinosa Fruit Pod Extract, Vitis Vinifera (Grape) Seed Extract, Camellia Sinensis Leaf Extract, Quercus Robur (Oak) Wood Extract, Helianthus Annuus (Sunflower) Sprout Extract, Maltodextrin, Methicone, Triethoxycaprylylsilane, Laureth-4, Sodium Benzoate, Potassium Sorbate, Chromium Oxide Greens (Ci 77288), Iron Oxides (Ci77491, Ci 77492, Ci 77499).
For the latest information, it is recommended to review the ingredient list printed on the packaging of the product prior to usage or consumption.","<div aria-labelledby=""Ingredients"" class=""content max-h-0 invisible translate-y-1/4 underline-hyperlink"" id=""product-description-2""> <div class=""attribute-content break-words""> <div class=""flex flex-col gap-2""><p>Active Ingredients: Titanium Dioxide 22.5%, Zinc Oxide 22.5%</p>
<p>Inactive Ingredients: Mica, Dimethicone/Vinyl Dimethicone Crosspolymer, Dimethiconol/Propylsilsesquioxane/Silicate Crosspolymer, Lycopodium Clavatum Extract, Sodium Hyaluronate, Imperata Cylindrica Root Extract, Glycerin, Water, Caesalpinia Spinosa Fruit Pod Extract, Vitis Vinifera (Grape) Seed Extract, Camellia Sinensis Leaf Extract, Quercus Robur (Oak) Wood Extract, Helianthus Annuus (Sunflower) Sprout Extract, Maltodextrin, Methicone, Triethoxycaprylylsilane, Laureth-4, Sodium Benzoate, Potassium Sorbate, Chromium Oxide Greens (Ci 77288), Iron Oxides (Ci77491, Ci 77492, Ci 77499).</p>
<p><em><strong>For the latest information, it is recommended to review the ingredient list printed on the packaging of the product prior to usage or consumption.</strong></em></p></div> </div> </div>","Apply generously and evenly using small circular motions prior to sun and environmental exposure. Wear alone all over for a subtle glow and full protection. Or, use as a highlighter, by applying to the high points of the face (to ensure full sun protection, be sure to use an additional Total Protection product all over the face first.)","<div aria-labelledby=""How-to-Use"" class=""content max-h-0 invisible translate-y-1/4 underline-hyperlink"" id=""product-description-1""> <div class=""attribute-content break-words""> <div class=""flex flex-col gap-2""><p>Apply generously and evenly using small circular motions prior to sun and environmental exposure. Wear alone all over for a subtle glow and full protection. Or, use as a highlighter, by applying to the high points of the face (to ensure full sun protection, be sure to use an additional Total Protection product all over the face first.)</p></div> </div> </div>",,,,1ml,https://static.thcdn.com/productimg/original/13697748-1184944338209779.jpg,1d72f1df-155e-5621-bcad-7c6de3f72c8c,2024-02-11 11:17:01
https://www.dermstore.com/p/ghd-platinum-styler-1-flat-iron-black/12744946/,"ghd Platinum+ Styler - 1"" Flat Iron (Black)",ghd,12744946,12744946,289.0,USD,InStock,NewCondition,5,1,"Brands / ghd / ghd Platinum+ Styler - 1"" Flat Iron (Black)"," A smart styler with predictive technology for stronger hair &amp; 2x more color protection.* This flat iron is a 3x winner of Allure Best of Beauty award! 
 Ultra-zone predictive technology monitors heat 250x per second across the plates and recognizes the thickness of your hair and speed at which you are styling to adjust the power accordingly. It ensures the optimum styling temperature of 365°F to deliver ultimate results, personalized to you. 
  Key Benefits:  
 
  Pre-set to the optimum styling temperature of 365°F for no extreme-heat styling damage. 
  70% stronger hair* 
  75% more shine** 
  2x more color protection* 
  Proven to deliver sleeker, smoother &amp; healthier looking hair.* 
  Precision milled plates with ultra gloss coating for instant frizz-free styling 
  Unique wishbone hinge and rounded barrel enables versatile, snag-free styling to create flat iron waves, curls and sleek styles 
  3 Year Warranty 
  Comes with a heat resistant, protective plate guard 
  Universal voltage 
  Single-pass styling 
  Heats up in 20 seconds 
  Automatic sleep mode after 30 minutes of non-use 
  Professional length 9 ft. cord 
 
   DISCLAIMER:   
  *reduced breakage and 2x less color fade vs a styler working at 440º F. 
  **proven to increase shine vs. naturally dried hair. ",,,"Use on dry hair.
Section hair into 1"" sections.
Ensure that the styler is as close to the root as possible before closing the plates.
Gently move toward the tip of the section in one simple gliding motion.
Repeat the process with each section of hair, gliding once from roots to ends.","<div aria-labelledby=""How-to-Use"" class=""content max-h-0 invisible translate-y-1/4 underline-hyperlink"" id=""product-description-1""> <div class=""attribute-content break-words""> <div class=""flex flex-col gap-2""><ul>
<li>Use on dry hair.</li>
<li>Section hair into 1"" sections.</li>
<li>Ensure that the styler is as close to the root as possible before closing the plates.</li>
<li>Gently move toward the tip of the section in one simple gliding motion.</li>
<li>Repeat the process with each section of hair, gliding once from roots to ends.</li>
</ul></div> </div> </div>","Application Area: HairHair Care: Styling ToolsHair Type: Coarse Hair, Color-Treated Hair, Curly Hair, Dry or Damaged Hair, Fine Hair, Normal Hair, Oily HairStyling Tools: Flat Iron","<div aria-labelledby=""Skin-Type-&amp;-Concerns"" class=""content max-h-0 invisible translate-y-1/4 underline-hyperlink"" id=""product-description-2""> <div class=""attribute-content break-words""> <div class=""flex flex-col gap-2""><p><strong>Application Area:</strong> <a href=""/application-area/hair.list"">Hair</a><br/><strong>Hair Care:</strong> <a href=""/hair-care/tools.list"">Styling Tools</a><br/><strong>Hair Type:</strong> <a href=""/hair-care/coarse-hair-treatments.list"">Coarse Hair</a>, <a href=""/hair-care/color-treated-hair.list"">Color-Treated Hair</a>, <a href=""/hair-care/curly-hair.list"">Curly Hair</a>, <a href=""/hair-care/dry-or-damaged-hair.list"">Dry or Damaged Hair</a>, <a href=""/hair-care/fine-hair.list"">Fine Hair</a>, <a href=""/hair-care/normal-hair.list"">Normal Hair</a>, <a href=""/hair-care/oily-hair.list"">Oily Hair</a><br/><strong>Styling Tools:</strong> <a href=""/hair-care/tools/flat-iron.list"">Flat Iron</a></p></div> </div> </div>",Hair Straighteners,,"https://static.thcdn.com/productimg/1600/1600/12744946-1584823054189607.jpg, https://static.thcdn.com/productimg/original/12744946-1794899274087824.jpg, https://static.thcdn.com/productimg/1600/1600/12744946-1654823054260386.jpg, https://static.thcdn.com/productimg/1600/1600/12744946-2094823054298669.jpg, https://static.thcdn.com/productimg/1600/1600/12744946-1274823054337738.jpg, https://static.thcdn.com/productimg/1600/1600/12744946-1064823054377476.jpg, https://static.thcdn.com/productimg/1600/1600/12744946-1244823054427573.jpg",98556fe7-659c-5d12-beaa-8be3c3d3231a,2024-02-11 11:17:02
https://www.dermstore.com/p/dhc-lx-me-brightening-lotion-180ml/15327207/,DHC Lx-ME Brightening Lotion 180ml,DHC,15327207,15327207,19.0,USD,InStock,NewCondition,,,Brands / DHC / DHC Lx-ME Brightening Lotion 180ml," Lightweight liquid lotion designed to replenish moisture, help maintain the skin's natural moisture barrier and visibly brighten your complexion. Includes plant-derived ingredients for long-lasting moisture plus brightening superstars Tranexamic acid and Niacinamide (vitamin B) to reduce the appearance of dark spots and support a radiant-looking skin tone. 
 Ideal for all skin types. ","Water/Aqua/Eau, Butylene Glycol, Glycerin, Dipropylene Glycol, Tranexamic Acid, Bis-Ethoxydiglycol Cyclohexane 1,4-Dicarboxylate, Pca, Pentylene Glycol,  Betaine, Peg-50 Hydrogenated Castor Oil Isostearate, Alpha-Glucan Oligosaccharide, Ethylhexylglycerin, Methyl Gluceth-20, Sodium Phosphate, Hydroxypropyl Methylcellulose, Disodium Phosphate, Sodium Metabisulfite, Sodium Metaphosphate, Niacinamide, Triethylhexanoin, Fragrance/Parfum, Glycyrrhiza Glabra (Licorice) Root Extract, Sodium Hyaluronate, Xanthan Gum, Phenoxyethanol
For the latest information, it is recommended to review the ingredient list printed on the packaging of the product prior to usage or consumption.","<div aria-labelledby=""Ingredients"" class=""content max-h-0 invisible translate-y-1/4 underline-hyperlink"" id=""product-description-2""> <div class=""attribute-content break-words""> <div class=""flex flex-col gap-2""><p>Water/Aqua/Eau, Butylene Glycol, Glycerin, Dipropylene Glycol, Tranexamic Acid, Bis-Ethoxydiglycol Cyclohexane 1,4-Dicarboxylate, Pca, Pentylene Glycol,  Betaine, Peg-50 Hydrogenated Castor Oil Isostearate, Alpha-Glucan Oligosaccharide, Ethylhexylglycerin, Methyl Gluceth-20, Sodium Phosphate, Hydroxypropyl Methylcellulose, Disodium Phosphate, Sodium Metabisulfite, Sodium Metaphosphate, Niacinamide, Triethylhexanoin, Fragrance/Parfum, Glycyrrhiza Glabra (Licorice) Root Extract, Sodium Hyaluronate, Xanthan Gum, Phenoxyethanol</p>
<p><em><strong>For the latest information, it is recommended to review the ingredient list printed on the packaging of the product prior to usage or consumption.</strong></em></p></div> </div> </div>",Dispense a generous amount onto DHC's Silky Cotton pad or the palm of your hand and spread evenly over face.,"<div aria-labelledby=""How-to-Use"" class=""content max-h-0 invisible translate-y-1/4 underline-hyperlink"" id=""product-description-1""> <div class=""attribute-content break-words""> <div class=""flex flex-col gap-2""><p>Dispense a generous amount onto DHC's Silky Cotton pad or the palm of your hand and spread evenly over face.</p></div> </div> </div>",,,,,"https://static.thcdn.com/productimg/original/15327207-1365141371217874.jpg, https://static.thcdn.com/productimg/original/15327207-4085141371251267.jpg, https://static.thcdn.com/productimg/original/15327207-3475141371287735.jpg, https://static.thcdn.com/productimg/original/15327207-4395143413103515.jpg, https://static.thcdn.com/productimg/original/15327207-9805143413129315.jpg",452582e8-8aa4-528c-bee1-11285a858a97,2024-02-11 11:17:04
https://www.dermstore.com/p/oribe-valley-of-flowers-nourishing-hand-creme-100ml/15430080/,Oribe Valley of Flowers Nourishing Hand Crème 100ml,Oribe,15430080,15430080,52.0,USD,InStock,NewCondition,,,Brands / Oribe / Oribe Valley of Flowers Nourishing Hand Crème 100ml," Our fantastically rich crème revitalizes hands and lightly scents with our Valley of Flowers fragrance. A luxurious blend of oils and shea butter hydrates and repairs dry, cracked skin, making it perfect for everyday use or as an overnight treatment. ","Aqua/Water/Eau, Caprylic/Capric Triglyceride, Glycerin, Cetearyl Alcohol, Glyceryl Stearate, Propanediol, Hydrogenated Vegetable Oil, Myristyl Myristate, C15-19 Alkane, Cetearyl Olivate, Neopentyl Glycol Diheptanoate, Steareth-2, Butyrospermum Parkii (Shea) Butter, Tapioca Starch, Behenyl Alcohol, Cetyl Alcohol, Phenoxyethanol, Sorbitan Olivate, Stearyl Alcohol, Tribehenin, Borago Officinalis Seed Oil, Limnanthes Alba (Meadowfoam) Seed Oil, Prunus Amygdalus Dulcis (Sweet Almond) Oil, Hydroxyethyl Acrylate/Sodium Acryloyldimethyl Taurate Copolymer, Parfum/Fragrance, Ammonium Acryloyldimethyltaurate/VP Copolymer, Xanthan Gum, Sodium Phytate, Oryza Sativa (Rice) Bran Extract, Caprylyl Glycol, Panthenol, Pentaerythrityl Tetra-di-t-butyl Hydroxyhydrocinnamate, Sorbitan Isostearate, Helianthus Annuus (Sunflower) Extract, Polymethylsilsesquioxane, Aloe Barbadensis Leaf Juice, Rosmarinus Officinalis (Rosemary) Leaf Extract, Tocopherol, Tocopheryl Acetate, Sodium Hyaluronate, Citric Acid, Aminomethyl Propanol, Hexyl Cinnamal, Limonene, Linalool, Alpha-Isomethyl Ionone, Citronellol, Hydroxycitronellal, Citral. 
For the latest information, it is recommended to review the ingredient list printed on the packaging of the product prior to usage or consumption.","<div aria-labelledby=""Ingredients"" class=""content max-h-0 invisible translate-y-1/4 underline-hyperlink"" id=""product-description-2""> <div class=""attribute-content break-words""> <div class=""flex flex-col gap-2""><p>Aqua/Water/Eau, Caprylic/Capric Triglyceride, Glycerin, Cetearyl Alcohol, Glyceryl Stearate, Propanediol, Hydrogenated Vegetable Oil, Myristyl Myristate, C15-19 Alkane, Cetearyl Olivate, Neopentyl Glycol Diheptanoate, Steareth-2, Butyrospermum Parkii (Shea) Butter, Tapioca Starch, Behenyl Alcohol, Cetyl Alcohol, Phenoxyethanol, Sorbitan Olivate, Stearyl Alcohol, Tribehenin, Borago Officinalis Seed Oil, Limnanthes Alba (Meadowfoam) Seed Oil, Prunus Amygdalus Dulcis (Sweet Almond) Oil, Hydroxyethyl Acrylate/Sodium Acryloyldimethyl Taurate Copolymer, Parfum/Fragrance, Ammonium Acryloyldimethyltaurate/VP Copolymer, Xanthan Gum, Sodium Phytate, Oryza Sativa (Rice) Bran Extract, Caprylyl Glycol, Panthenol, Pentaerythrityl Tetra-di-t-butyl Hydroxyhydrocinnamate, Sorbitan Isostearate, Helianthus Annuus (Sunflower) Extract, Polymethylsilsesquioxane, Aloe Barbadensis Leaf Juice, Rosmarinus Officinalis (Rosemary) Leaf Extract, Tocopherol, Tocopheryl Acetate, Sodium Hyaluronate, Citric Acid, Aminomethyl Propanol, Hexyl Cinnamal, Limonene, Linalool, Alpha-Isomethyl Ionone, Citronellol, Hydroxycitronellal, Citral. </p>
<p><em><strong>For the latest information, it is recommended to review the ingredient list printed on the packaging of the product prior to usage or consumption.</strong></em></p></div> </div> </div>","Massage into hands to deeply moisturize, soften and protect. May be used as an overnight treatment. For an elevated experience pair with Valley of Flowers Revitalizing Hand Wash.","<div aria-labelledby=""How-to-Use"" class=""content max-h-0 invisible translate-y-1/4 underline-hyperlink"" id=""product-description-1""> <div class=""attribute-content break-words""> <div class=""flex flex-col gap-2""><p>Massage into hands to deeply moisturize, soften and protect. May be used as an overnight treatment. For an elevated experience pair with Valley of Flowers Revitalizing Hand Wash.</p></div> </div> </div>",,,,100ml,"https://static.thcdn.com/productimg/original/15430080-3795165962035942.jpg, https://static.thcdn.com/productimg/original/15430080-2015165962049862.jpg, https://static.thcdn.com/productimg/original/15430080-1085168553001665.jpg, https://static.thcdn.com/productimg/original/15430080-2885168553028845.jpg, https://static.thcdn.com/productimg/original/15430080-1025165962066506.jpg, https://static.thcdn.com/productimg/original/15430080-4675165962084794.jpg, https://static.thcdn.com/productimg/original/15430080-5335165962105389.jpg, https://static.thcdn.com/productimg/original/15430080-1195168553051069.jpg, https://static.thcdn.com/productimg/original/15430080-1025165962130673.jpg, https://static.thcdn.com/productimg/original/15430080-1465165962149558.jpg, https://static.thcdn.com/productimg/original/15430080-1825165962171377.jpg, https://static.thcdn.com/productimg/original/15430080-7825165962196139.jpg",affd04c2-1abd-5b71-9c4b-8def65766166,2024-02-11 11:17:05
https://www.dermstore.com/p/dermalogica-stress-positive-eye-lift-25ml/11434924/,Dermalogica Stress Positive Eye Lift (0.85 oz.),Dermalogica,11434924,11434924,76.0,USD,OutOfStock,NewCondition,3.67,24,Brands / Dermalogica / Dermalogica Stress Positive Eye Lift (0.85 oz.)," Give your eyes extra moisture for a revitalized look with the Stress Positive Eye Lift from Dermalogica. Ideal for reducing dark circles and puffiness, this eye treatment features wild indigo seeds and hyaluronic acid to improve the condition of your skin. 
  Key Ingredients:  
 
   Wild Indigo Seed:  contains actives that illumninate the eye area and help reduce the appearance of dark circles 
   Jojoba:  provides protection to your skin from environmental stressors and water loss 
   Fermented Yeast and a Unique Hyaluronic Acid Blend:  firm skin to help generate a lifting effect 
   Sea Water Extract and Arctic Algae:  counter the look of puffiness and heavy under-eye bags 
   Bioactive Diglucosyl Gallic Acid:  works with your skin’s natural microbiome (microorganisms) to brighten and energize the eye area. 
 ","Water/Aqua/Eau, Dimethicone, Pentylene Glycol, Sorbitol, Simmondsia Chinensis (Jojoba) Seed Oil, Butylene Glycol, Glycerin, PEG-40 Hydrogenated Castor Oil, Saccharomyces Ferment Lysate Filtrate, Tephrosia Purpurea Seed Extract, Hydrolyzed Sodium Hyaluronate, Niacinamide, Diglucosyl Gallic Acid, Citrus Reticulata (Tangerine) Leaf Oil, Ammonium Acryloyldimethyltaurate/VP Copolymer, Maris Aqua, Propanediol, Sodium Hyaluronate, Vetiveria Zizanoides Root Oil, Lavandula Angustifolia (Lavender) Oil, Rosa Damascena Flower Oil, Salvia Sclarea (Clary) Oil, Hydrolyzed Algin, Aniba Rosaeodora (Rosewood) Wood Oil, Cananga Odorata Flower Oil, Glyceryl Stearate SE, Methyl Lactate, PEG-100 Stearate, Acrylates/C10-30 Alkyl Acrylate Crosspolymer, Tocopherol, Sucrose, Caprylic/Capric Triglyceride, Ethylhexylglycerin, Sodium Hydroxide, Tetrasodium Glutamate Diacetate, Aminomethyl Propanol, Xanthan Gum, Linalool, Geraniol, Phenoxyethanol.
For the latest information, it is recommended to review the ingredient list printed on the packaging of the product prior to usage or consumption.","<div aria-labelledby=""Ingredients"" class=""content max-h-0 invisible translate-y-1/4 underline-hyperlink"" id=""product-description-3""> <div class=""attribute-content break-words""> <div class=""flex flex-col gap-2""><p>Water/Aqua/Eau, Dimethicone, Pentylene Glycol, Sorbitol, Simmondsia Chinensis (Jojoba) Seed Oil, Butylene Glycol, Glycerin, PEG-40 Hydrogenated Castor Oil, Saccharomyces Ferment Lysate Filtrate, Tephrosia Purpurea Seed Extract, Hydrolyzed Sodium Hyaluronate, Niacinamide, Diglucosyl Gallic Acid, Citrus Reticulata (Tangerine) Leaf Oil, Ammonium Acryloyldimethyltaurate/VP Copolymer, Maris Aqua, Propanediol, Sodium Hyaluronate, Vetiveria Zizanoides Root Oil, Lavandula Angustifolia (Lavender) Oil, Rosa Damascena Flower Oil, Salvia Sclarea (Clary) Oil, Hydrolyzed Algin, Aniba Rosaeodora (Rosewood) Wood Oil, Cananga Odorata Flower Oil, Glyceryl Stearate SE, Methyl Lactate, PEG-100 Stearate, Acrylates/C10-30 Alkyl Acrylate Crosspolymer, Tocopherol, Sucrose, Caprylic/Capric Triglyceride, Ethylhexylglycerin, Sodium Hydroxide, Tetrasodium Glutamate Diacetate, Aminomethyl Propanol, Xanthan Gum, Linalool, Geraniol, Phenoxyethanol.</p>
<p><em><strong>For the latest information, it is recommended to review the ingredient list printed on the packaging of the product prior to usage or consumption.</strong></em></p></div> </div> </div>","Apply generously around cleansed eye area using cooling massage applicator. Leave on for 3-5 minutes. Massage any excess product into skin, or tissue off. Use as needed for a quick boost or daily to address signs of chronic eye fatigue.","<div aria-labelledby=""How-to-Use"" class=""content max-h-0 invisible translate-y-1/4 underline-hyperlink"" id=""product-description-1""> <div class=""attribute-content break-words""> <div class=""flex flex-col gap-2""><p>Apply generously around cleansed eye area using cooling massage applicator. Leave on for 3-5 minutes. Massage any excess product into skin, or tissue off. Use as needed for a quick boost or daily to address signs of chronic eye fatigue.</p></div> </div> </div>","Application Area: EyesIdeal for these Concerns: Dark Circles, PuffinessEye Care: Eye Treatments and SerumsIngredient: Algae Extract, Castor Oil, Essential Oils, Hyaluronic Acid, Jojoba, NiacinamidePreferences: Certified Cruelty-Free, Clean, Dermatologist Approved, Gluten-Free, Paraben-Free, Phthalate-Free, Sulfate-Free, VeganSkin Care: Eye CareWellness | Internal Factors: Stress Solutions and Treatments","<div aria-labelledby=""Skin-Type-&amp;-Concerns"" class=""content max-h-0 invisible translate-y-1/4 underline-hyperlink"" id=""product-description-2""> <div class=""attribute-content break-words""> <div class=""flex flex-col gap-2""><p><strong>Application Area:</strong> <a href=""/application-area/eyes.list"">Eyes</a><br/><strong>Ideal for these Concerns:</strong> <a href=""/skin-care/treatments-serums/dark-circles.list"">Dark Circles</a>, <a href=""/treatment/puffiness.list"">Puffiness</a><br/><strong>Eye Care:</strong> <a href=""/skin-care/eye-care/eye-treatments-serums.list"">Eye Treatments and Serums</a><br/><strong>Ingredient:</strong> <a href=""/ingredient/algae-extract.list"">Algae Extract</a>, <a href=""/ingredient/castor-oil.list"">Castor Oil</a>, <a href=""/bath-body/body-care/essential-oils.list"">Essential Oils</a>, <a href=""/ingredient/hyaluronic-acid.list"">Hyaluronic Acid</a>, <a href=""/ingredient/jojoba.list"">Jojoba</a>, <a href=""/ingredient/niacinamide.list"">Niacinamide</a><br/><strong>Preferences:</strong> <a href=""/cruelty-free.list"">Certified Cruelty-Free</a>, <a href=""/organic-beauty/clean.list"">Clean</a>, <a href=""/skin-care/treatments-serums/dermatologist-approved.list"">Dermatologist Approved</a>, <a href=""/organic-beauty/gluten-free.list"">Gluten-Free</a>, <a href=""/preferences/paraben-free.list"">Paraben-Free</a>, <a href=""/preferences/phthalate-free.list"">Phthalate-Free</a>, <a href=""/preferences/sulfate-free.list"">Sulfate-Free</a>, <a href=""/vegan.list"">Vegan</a><br/><strong>Skin Care:</strong> <a href=""/skin-care/eye-care.list"">Eye Care</a><br/><strong>Wellness | Internal Factors:</strong> <a href=""/treatment/stress-solutions-treatments.list"">Stress Solutions and Treatments</a></p></div> </div> </div>",,,"https://static.thcdn.com/productimg/original/11434924-4295131028772987.jpg, https://static.thcdn.com/productimg/original/11434924-6575131221340116.jpg, https://static.thcdn.com/productimg/original/11434924-2065131028790474.jpg, https://static.thcdn.com/productimg/original/11434924-1555106159848310.jpg",015c1904-9044-582d-a4c3-bf2fa70423b0,2024-02-11 11:17:09
https://www.dermstore.com/p/indie-lee-retinol-alternative-cream-refill-45ml/13754693/,Indie Lee Retinol Alternative Cream Refill 45ml,Indie Lee,13754693,13754693,62.0,USD,InStock,NewCondition,,,Brands / Indie Lee / Indie Lee Retinol Alternative Cream Refill 45ml," Say hello to Retinol-like benefits without the drawbacks. This high-performance cream is formulated with Natural Retinol Alternative Rambutan for improved appearance of elasticity, firmness, fine lines and wrinkles. Paracress extract reduces the visible signs of aging while Squalane and Orange Milk Tree extract plump skin and boost moisture retention. ","Water (Aqua), Caprylic/Capric Triglyceride, Propanediol, Carthamus Tinctorius (Safflower) Seed Oil, Cetearyl Alcohol, Butyrospermum Parkii (Shea) Butter, C15-19 Alkane, Squalane (Olive), Glycerin, Euphorbia Cerifera (Candelilla) Wax, Cetearyl Olivate, Mangifera Indica (Mango) Seed Butter, Cetearyl Glucoside, Cetyl Alcohol, Sorbitan Olivate, Aloe Barbadensis Leaf Juice Powder, Acmella Oleracea (Paracress) Flower/Leaf/Stem Extract, Harungana Madagascariensis (Orange Milk Tree) Extract, Nephelium Lappaceum (Rambutan) Leaf Extract, Simmondsia Chinensis (Jojoba) Seed Oil*, Hydrolyzed Hyaluronic Acid, Xylitylglucoside, Anhydroxylitol, Tocopherol, Xylitol, Xanthan Gum, Maltodextrin, Gluconolactone, Sodium Levulinate, Sodium Benzoate, Potassium Sorbate, Sodium Anisate, Citric Acid
For the latest information, it is recommended to review the ingredient list printed on the packaging of the product prior to usage or consumption.","<div aria-labelledby=""Ingredients"" class=""content max-h-0 invisible translate-y-1/4 underline-hyperlink"" id=""product-description-2""> <div class=""attribute-content break-words""> <div class=""flex flex-col gap-2""><p>Water (Aqua), Caprylic/Capric Triglyceride, Propanediol, Carthamus Tinctorius (Safflower) Seed Oil, Cetearyl Alcohol, Butyrospermum Parkii (Shea) Butter, C15-19 Alkane, Squalane (Olive), Glycerin, Euphorbia Cerifera (Candelilla) Wax, Cetearyl Olivate, Mangifera Indica (Mango) Seed Butter, Cetearyl Glucoside, Cetyl Alcohol, Sorbitan Olivate, Aloe Barbadensis Leaf Juice Powder, Acmella Oleracea (Paracress) Flower/Leaf/Stem Extract, Harungana Madagascariensis (Orange Milk Tree) Extract, Nephelium Lappaceum (Rambutan) Leaf Extract, Simmondsia Chinensis (Jojoba) Seed Oil*, Hydrolyzed Hyaluronic Acid, Xylitylglucoside, Anhydroxylitol, Tocopherol, Xylitol, Xanthan Gum, Maltodextrin, Gluconolactone, Sodium Levulinate, Sodium Benzoate, Potassium Sorbate, Sodium Anisate, Citric Acid</p>
<p><em><strong>For the latest information, it is recommended to review the ingredient list printed on the packaging of the product prior to usage or consumption.</strong></em></p></div> </div> </div>","Gently apply to the eye contour morning and evening. For external use only. CAUTION: Avoid contact with the eyes. If irritation develops, discontinue use and consult your doctor.","<div aria-labelledby=""How-to-Use"" class=""content max-h-0 invisible translate-y-1/4 underline-hyperlink"" id=""product-description-1""> <div class=""attribute-content break-words""> <div class=""flex flex-col gap-2""><p>Gently apply to the eye contour morning and evening. For external use only. CAUTION: Avoid contact with the eyes. If irritation develops, discontinue use and consult your doctor.</p></div> </div> </div>",,,,10ml,"https://static.thcdn.com/productimg/original/13754693-2074991580446586.jpg, https://static.thcdn.com/productimg/original/13754693-8754991580502380.jpg, https://static.thcdn.com/productimg/original/13754693-1364991582963658.jpg, https://static.thcdn.com/productimg/original/13754693-1884991580595218.jpg",e3488d0b-456b-5ff4-80b2-fb8f80028d64,2024-02-11 11:17:09
https://www.dermstore.com/p/virtue-refresh-dry-shampoo-travel-size-51g/12526874/,VIRTUE Refresh Dry Shampoo (1.8 oz.),VIRTUE,12526874,12526874,18.0,USD,OutOfStock,NewCondition,,,Brands / VIRTUE  / VIRTUE Refresh Dry Shampoo (1.8 oz.)," VIRTUE® Refresh Dry Shampoo is a weightless spray that absorbs buildup and revives style with each use. This invisible, clean aerosol spray dispenses as a dry mist that works to soak up excess oils while adding health-boosting Alpha Keratin 60ku®, leaving hair and scalp refreshed and clean to the touch. This invisible, super-light formula truly cleanses the hair while it enhances scalp health. Created without any heavy styling ingredients that can add more build-up, it’s a reinvigorating pick-me-up for hair in need of a refresh. 
  Key Ingredients:   
 
   Alpha Keratin 60ku® : binds directly to areas of damage and fills them in, repairing and revealing hair that’s shinier, stronger and healthier 
   Tapioca Starch : a natural, non-GMO starch with exceptional oil absorption properties; brushes cleanly from hair 
   Kaolin : a highly refined, pure clay that helps remove impurities from hair 
   Baobab Seed Oil : from the African Tree of Life (known for its ability to store water), this rich, silky oil is an intense emollient for dry, damaged hair 
   Cynara Scolymus (Artichoke) Leaf Extract : a natural extract known to preserve cuticle cohesion and help protect hair from environmental aggressors 
 
  Key Benefits:   
 
  Cleanses hair and refreshes the scalp 
  Revives style without buildup 
  Removes impurities and soaks up excess oils 
  Free of sulfates, parabens, phthalates, synthetic colors, and dyes; gluten and cruelty-free 
 
  Clinical Studies*:   
 
  94% of women said their hair instantly smelled cleaner 
  92% of women felt their hair smelled fresher and looked less oily all day long 
  92% of women said that they were able to refresh and maintain their look throughout the day and that product allowed for easy, buildable styling 
  90% of women said product goes on invisibly 
 
 *Consumer perception study of 53 women. Participants responded to questions after the first use, 8 hours and 4-6 uses over a 1 week period. ","Active: Alpha Keratin 60ku®.
Inactive: Hydrofluorocarbon 152A, Alcohol Denat., Starch, Alpha Keratin, Kaolin, Isopropyl Myristate, Ethylhexylglycerin, Parfum (Fragrance), Aqua (Water, Eau), Polymethylsilsesquioxane, Silica, Phenoxyethanol, Limonene, Linalool, Hexyl Cinnamal, Citral.
For the latest information, it is recommended to review the ingredient list printed on the packaging of the product prior to usage or consumption.","<div aria-labelledby=""Ingredients"" class=""content max-h-0 invisible translate-y-1/4 underline-hyperlink"" id=""product-description-4""> <div class=""attribute-content break-words""> <div class=""flex flex-col gap-2""><p><strong>Active: </strong>Alpha Keratin 60ku®.</p>
<p><strong>Inactive: </strong>Hydrofluorocarbon 152A, Alcohol Denat., Starch, Alpha Keratin, Kaolin, Isopropyl Myristate, Ethylhexylglycerin, Parfum (Fragrance), Aqua (Water, Eau), Polymethylsilsesquioxane, Silica, Phenoxyethanol, Limonene, Linalool, Hexyl Cinnamal, Citral.</p>
<p><em><strong>For the latest information, it is recommended to review the ingredient list printed on the packaging of the product prior to usage or consumption.</strong></em></p></div> </div> </div>","Shake well before using. Hold can 6–8 inches away from hair and spray evenly throughout roots. Let product absorb oil for 10 seconds. Massage loosely with fingertips or brush through lightly if desired. For best results, shampoo and condition hair with Virtue® care products. On clean, blow-dried, and styled hair, use the Dry Shampoo at the root immediately after styling to stop oil buildup before it starts. Can also be used on second-day hair in the morning or throughout the day to cut through any oil that has accumulated. For special-occasion hair, before setting or combing out, spray the product lightly throughout to give a bit of grip for hair that is too soft to immediately hold style—this will also add staying power to an up-do. Finish with Shaping Spray for weightless hold to lock in style.","<div aria-labelledby=""How-to-Use"" class=""content max-h-0 invisible translate-y-1/4 underline-hyperlink"" id=""product-description-2""> <div class=""attribute-content break-words""> <div class=""flex flex-col gap-2""><p>Shake well before using. Hold can 6–8 inches away from hair and spray evenly throughout roots. Let product absorb oil for 10 seconds. Massage loosely with fingertips or brush through lightly if desired. For best results, shampoo and condition hair with Virtue® care products. On clean, blow-dried, and styled hair, use the Dry Shampoo at the root immediately after styling to stop oil buildup before it starts. Can also be used on second-day hair in the morning or throughout the day to cut through any oil that has accumulated. For special-occasion hair, before setting or combing out, spray the product lightly throughout to give a bit of grip for hair that is too soft to immediately hold style—this will also add staying power to an up-do. Finish with Shaping Spray for weightless hold to lock in style.</p></div> </div> </div>","Application Area: HairIdeal for these Concerns: OilinessFragrance Note: CitrusHair Care: ShampooHair Type: Coarse Hair, Curly Hair, Dry or Damaged Hair, Fine Hair, Normal Hair, Oily HairIngredient: Antioxidants, KeratinPreferences: Certified Cruelty-Free, Gluten-Free, Paraben-Free, Phthalate-Free, Sulfate-FreeShampoo: Dry Shampoo","<div aria-labelledby=""Skin-Type-&amp;-Concerns"" class=""content max-h-0 invisible translate-y-1/4 underline-hyperlink"" id=""product-description-3""> <div class=""attribute-content break-words""> <div class=""flex flex-col gap-2""><p><strong>Application Area:</strong> <a href=""/application-area/hair.list"">Hair</a><br/><strong>Ideal for these Concerns:</strong> <a href=""/skin-care/oiliness.list"">Oiliness</a><br/><strong>Fragrance Note:</strong> <a href=""/fragrance/citrus.list"">Citrus</a><br/><strong>Hair Care:</strong> <a href=""/hair-care/shampoo.list"">Shampoo</a><br/><strong>Hair Type:</strong> <a href=""/hair-care/coarse-hair-treatments.list"">Coarse Hair</a>, <a href=""/hair-care/curly-hair.list"">Curly Hair</a>, <a href=""/hair-care/dry-or-damaged-hair.list"">Dry or Damaged Hair</a>, <a href=""/hair-care/fine-hair.list"">Fine Hair</a>, <a href=""/hair-care/normal-hair.list"">Normal Hair</a>, <a href=""/hair-care/oily-hair.list"">Oily Hair</a><br/><strong>Ingredient:</strong> <a href=""/ingredient/antioxidants.list"">Antioxidants</a>, <a href=""/hair-care/keratin.list"">Keratin</a><br/><strong>Preferences:</strong> <a href=""/cruelty-free.list"">Certified Cruelty-Free</a>, <a href=""/organic-beauty/gluten-free.list"">Gluten-Free</a>, <a href=""/preferences/paraben-free.list"">Paraben-Free</a>, <a href=""/preferences/phthalate-free.list"">Phthalate-Free</a>, <a href=""/preferences/sulfate-free.list"">Sulfate-Free</a><br/><strong>Shampoo:</strong> <a href=""/hair-care/shampoo/dry-shampoo.list"">Dry Shampoo</a></p></div> </div> </div>",,51g,https://static.thcdn.com/productimg/original/12526874-2474866384166251.jpg,183384b1-2f60-525a-926c-aee48c5adfc8,2024-02-11 11:17:09
https://www.dermstore.com/p/eltamd-uv-sport-uv-clear-untinted-duo/15510189/,EltaMD UV Sport + UV Clear Untinted Duo,EltaMD,15510189,15510189,86.0,USD,InStock,NewCondition,,,Brands / EltaMD / EltaMD UV Sport + UV Clear Untinted Duo," EltaMD UV Clear Broad-Spectrum SPF 46 provides protection to your complexion to shield your skin from harmful UVA and UVB rays. Fragrance-free, this face sunscreen's smooth formula includes sodium hyaluronate to moisturize while lactic acid refines the skin to clear pores and reduce shine. 
 EltaMD UV Sport Broad-Spectrum SPF 50 (formerly UV Sport SPF 50) provides long-lasting protection during sun exposure and physical activities that cause perspiration. Zinc oxide keeps UVA and UVB sun rays from causing damage and accelerate early signs of aging. The lightweight formula dries to clear finish and is water-resistant up to 80 minutes. Ideal for use on entire body and for all skin types. 
  Bundle Includes:  
 
  EltaMD UV Clear Broad-Spectrum SPF46 
  EltaMD UV Sport Broad-Spectrum SPF50 (8 oz) 
 ","UV Clear: Purified Water, Cyclomethicone, Niacinamide, Octyldodecyl Neopentanoate, Hydroxyethyl Acrylate/Sodium Acryloyldimethyl Taurate Copolymer, Polyisobutene, PEG-7 Trimethylolpropane Coconut Ether, Sodium Hyaluronate, Tocopheryl Acetate, Lactic Acid, Oleth-3 Phosphate, Phenoxyethanol, Butylene Glycol, Iodopropynyl Butylcarbamate, Triethoxycaprylylsilane.
UV Sport: Purified Water, Octyldodecyl Neopentanoate, Isopropyl Palmitate, Cetyl PEG/PPG-10/1 Dimethicone, Polyglyceryl-4 Isostearate, Hexyl Laurate, Cetyl Dimethicone, Tocopheryl Acetate, Bees Wax, Hydrogenated Castor Oil, Sodium Chloride, Disodium EDTA, Butylene Glycol, Iodopropynyl Butylcarbamate, Triethoxycaprylylsilane.","<div aria-labelledby=""Ingredients"" class=""content max-h-0 invisible translate-y-1/4 underline-hyperlink"" id=""product-description-2""> <div class=""attribute-content break-words""> <div class=""flex flex-col gap-2""><p><strong>UV Clear: </strong>Purified Water, Cyclomethicone, Niacinamide, Octyldodecyl Neopentanoate, Hydroxyethyl Acrylate/Sodium Acryloyldimethyl Taurate Copolymer, Polyisobutene, PEG-7 Trimethylolpropane Coconut Ether, Sodium Hyaluronate, Tocopheryl Acetate, Lactic Acid, Oleth-3 Phosphate, Phenoxyethanol, Butylene Glycol, Iodopropynyl Butylcarbamate, Triethoxycaprylylsilane.</p>
<p><strong>UV Sport: </strong>Purified Water, Octyldodecyl Neopentanoate, Isopropyl Palmitate, Cetyl PEG/PPG-10/1 Dimethicone, Polyglyceryl-4 Isostearate, Hexyl Laurate, Cetyl Dimethicone, Tocopheryl Acetate, Bees Wax, Hydrogenated Castor Oil, Sodium Chloride, Disodium EDTA, Butylene Glycol, Iodopropynyl Butylcarbamate, Triethoxycaprylylsilane.</p></div> </div> </div>","UV Clear: Apply liberally to face and neck 15 minutes before sun exposure. Use a water-resistant sunscreen if swimming or sweating. Reapply at least every two hours.
UV Sport: Apply liberally and evenly to all exposed skin areas, 30 minutes before exposure to the sun. Reapply every 2-3 hours to maintain protection.","<div aria-labelledby=""How-to-Use"" class=""content max-h-0 invisible translate-y-1/4 underline-hyperlink"" id=""product-description-1""> <div class=""attribute-content break-words""> <div class=""flex flex-col gap-2""><p><strong>UV Clear: </strong>Apply liberally to face and neck 15 minutes before sun exposure. Use a water-resistant sunscreen if swimming or sweating. Reapply at least every two hours.</p>
<p><strong>UV Sport: </strong>Apply liberally and evenly to all exposed skin areas, 30 minutes before exposure to the sun. Reapply every 2-3 hours to maintain protection.</p></div> </div> </div>",,,,,"https://static.thcdn.com/productimg/original/15510189-1395170864575999.jpg, https://static.thcdn.com/productimg/original/15510189-2045170864651089.jpg, https://static.thcdn.com/productimg/original/15510189-4745170864714797.jpg",4285f21e-756c-56c4-84b5-97ae914c417d,2024-02-11 11:17:10
https://www.dermstore.com/p/nudestix-tinted-blur-sculpting-stick-6.2g-various-shades/13910105/,NUDESTIX Tinted Blur Sculpting Stick 6.2g (Various Shades),NUDESTIX,13910105,13910105,32.0,USD,InStock,NewCondition,,,Brands / NUDESTIX / NUDESTIX Tinted Blur Sculpting Stick 6.2g (Various Shades)," Promote a defined complexion with NUDESTIX’s Tinted Blur Sculpt Stick, a cream-to-powder formula that adds natural-looking dimension. The matte contour stick utilises lightweight brightening pigments that blend seamlessly with your natural skin tone, promoting a lifted, sculpted effect. 
 Boasting a buttery texture, the formula glides smoothly across the skin, enhancing the shape of the face with a soft-focus finish. The stick is housed in the signature NUDESTIX black tin, equipped with a mirror ideal&nbsp;for on-the-go use. 
 Vegan. ","Neutral Light: Coco-Caprylate/Caprate, Isoamyl Laurate, Synthetic Wax, Polymethyl Methacrylate, Silica, Polyethylene, Caprylic/Capric Triglyceride, Isononyl Isononanoate, Triethylhexanoin, Ethylhexyl Palmitate, Sorbitan Isostearate, Stearalkonium Hectorite, Mica, Camellia Sinensis Leaf Extract, Phenoxyethanol, Glyceryl Caprylate, Tocopherol, Isopropyl Titanium Triisostearate, Aluminum Hydroxide [+/- Titanium Dioxide (Ci 77891), Iron Oxides (Ci 77491, Ci 77492, Ci 77499)].
Neutral-Medium: Coco-Caprylate/Caprate, Isoamyl Laurate, Synthetic Wax, Polymethyl Methacrylate, Silica, Polyethylene, Caprylic/Capric Triglyceride, Isononyl Isononanoate, Triethylhexanoin, Sorbitan Isostearate, Ethylhexyl Palmitate, Stearalkonium Hectorite, Mica, Camellia Sinensis Leaf Extract, Phenoxyethanol, Glyceryl Caprylate, Tocopherol, Isopropyl Titanium Triisostearate, Aluminum Hydroxide  [+/- Titanium Dioxide (Ci 77891), Iron Oxides (Ci 77491, Ci 77492, Ci 77499)].
Neutral Deep: Coco-Caprylate/Caprate, Isoamyl Laurate, Synthetic Wax, Polymethyl Methacrylate, Silica, Polyethylene, Caprylic/Capric Triglyceride, Isononyl Isononanoate, Triethylhexanoin, Ethylhexyl Palmitate, Mica, Sorbitan Isostearate, Stearalkonium Hectorite, Camellia Sinensis Leaf Extract, Phenoxyethanol, Glyceryl Caprylate, Tocopherol, Isopropyl Titanium Triisostearate, Aluminum Hydroxide [+/- Titanium Dioxide (Ci 77891), Iron Oxides (Ci 77491, Ci 77492, Ci 77499)].","<div aria-labelledby=""Ingredients"" class=""content max-h-0 invisible translate-y-1/4 underline-hyperlink"" id=""product-description-2""> <div class=""attribute-content break-words""> <div class=""flex flex-col gap-2""><p>Neutral Light: Coco-Caprylate/Caprate, Isoamyl Laurate, Synthetic Wax, Polymethyl Methacrylate, Silica, Polyethylene, Caprylic/Capric Triglyceride, Isononyl Isononanoate, Triethylhexanoin, Ethylhexyl Palmitate, Sorbitan Isostearate, Stearalkonium Hectorite, Mica, Camellia Sinensis Leaf Extract, Phenoxyethanol, Glyceryl Caprylate, Tocopherol, Isopropyl Titanium Triisostearate, Aluminum Hydroxide [+/- Titanium Dioxide (Ci 77891), Iron Oxides (Ci 77491, Ci 77492, Ci 77499)].</p>
<p>Neutral-Medium: Coco-Caprylate/Caprate, Isoamyl Laurate, Synthetic Wax, Polymethyl Methacrylate, Silica, Polyethylene, Caprylic/Capric Triglyceride, Isononyl Isononanoate, Triethylhexanoin, Sorbitan Isostearate, Ethylhexyl Palmitate, Stearalkonium Hectorite, Mica, Camellia Sinensis Leaf Extract, Phenoxyethanol, Glyceryl Caprylate, Tocopherol, Isopropyl Titanium Triisostearate, Aluminum Hydroxide  [+/- Titanium Dioxide (Ci 77891), Iron Oxides (Ci 77491, Ci 77492, Ci 77499)].</p>
<p>Neutral Deep: Coco-Caprylate/Caprate, Isoamyl Laurate, Synthetic Wax, Polymethyl Methacrylate, Silica, Polyethylene, Caprylic/Capric Triglyceride, Isononyl Isononanoate, Triethylhexanoin, Ethylhexyl Palmitate, Mica, Sorbitan Isostearate, Stearalkonium Hectorite, Camellia Sinensis Leaf Extract, Phenoxyethanol, Glyceryl Caprylate, Tocopherol, Isopropyl Titanium Triisostearate, Aluminum Hydroxide [+/- Titanium Dioxide (Ci 77891), Iron Oxides (Ci 77491, Ci 77492, Ci 77499)].</p></div> </div> </div>","Step 1: Apply TINTED COVER FOUNDATION or TINTED BLUR FOUNDATION STICK to even out skin tone.
Step 2: SCULPT – Choose your TINTED BLUR SCULPT STICK.
Tips: Want defined cheekbones? Stripe Tinted Blur Stick along hollows of cheeks. Buff & blend. Want a lift? Stripe Tinted Blur Stick onto cheekbones on a diagonal. Buff & Blend upwards towards temples. Want a less defined forehead? Swipe along forehead into hairline. Buff & blend towards temples. Want a chiseled jawline? Swipe along length of jaw and chin. Buff & blend downward.
Complete the Look - MIX YOUR STIX: Add NUDIES MATTE ALL-OVER FACE BLUSH COLOR, NUDIES BLOOM ALL-OVER FACE DEWY COLOR or NUDIES MATTE LUX ALL-OVER FACE BLUSH COLOR to cheeks as well as a hint across the bridge of nose for a healthy pop of colour. Apply NUDIES GLOW ALL-OVER FACE HIGHLIGHT COLOR on highpoints of the face, inner eye corners and cupid’s bow for a lit-from-within glow.
When applying, slightly roll up only (1/4 inch) to avoid stress on stick. Store product at room temperature (less than 22°C) and avoid direct heat to avoid softening.","<div aria-labelledby=""How-to-Use"" class=""content max-h-0 invisible translate-y-1/4 underline-hyperlink"" id=""product-description-1""> <div class=""attribute-content break-words""> <div class=""flex flex-col gap-2""><p>Step 1: Apply TINTED COVER FOUNDATION or TINTED BLUR FOUNDATION STICK to even out skin tone.</p>
<p>Step 2: SCULPT – Choose your TINTED BLUR SCULPT STICK.</p>
<p>Tips: Want defined cheekbones? Stripe Tinted Blur Stick along hollows of cheeks. Buff &amp; blend. Want a lift? Stripe Tinted Blur Stick onto cheekbones on a diagonal. Buff &amp; Blend upwards towards temples. Want a less defined forehead? Swipe along forehead into hairline. Buff &amp; blend towards temples. Want a chiseled jawline? Swipe along length of jaw and chin. Buff &amp; blend downward.</p>
<p>Complete the Look - MIX YOUR STIX: Add NUDIES MATTE ALL-OVER FACE BLUSH COLOR, NUDIES BLOOM ALL-OVER FACE DEWY COLOR or NUDIES MATTE LUX ALL-OVER FACE BLUSH COLOR to cheeks as well as a hint across the bridge of nose for a healthy pop of colour. Apply NUDIES GLOW ALL-OVER FACE HIGHLIGHT COLOR on highpoints of the face, inner eye corners and cupid’s bow for a lit-from-within glow.</p>
<p>When applying, slightly roll up only (1/4 inch) to avoid stress on stick. Store product at room temperature (less than 22°C) and avoid direct heat to avoid softening.</p></div> </div> </div>",,,,6.2g,https://static.thcdn.com/productimg/original/13910107-2054989197090472.jpg,816acdd5-e9e6-54ed-8c46-e8de1d0aef85,2024-02-11 11:17:11
https://www.dermstore.com/p/philip-b-peppermint-avocado-conditioner-178ml/15244557/,Philip B Peppermint Avocado Conditioner 178ml,Philip B,15244557,15244557,42.0,USD,InStock,NewCondition,,,Brands / Philip B. / Philip B Peppermint Avocado Conditioner 178ml," The ultimate uplifting conditioner. Generous doses of peppermint oil and menthol, mixed with plant extracts, promote fuller-looking hair while leaving your scalp feeling cool and tingly-clean. Contains Safflower Oleosomes for time-released botanical conditioning and a rich amino acid complex that moisturizes your scalp and dry strands. ","Water (Aqua), Cetyl Alcohol, Glycerin, Fragrance (Parfum), Dimethicone, Carthamus Tinctorius (Safflower) Oleosomes, Behentrimonium Methosulfate, Dicetyldimonium Chloride, Stearyl Alcohol, Olea Europaea (Olive) Fruit Oil, Amodimethicone, Menthol, Phenoxyethanol, Stearalkonium Chloride, Hydroxyethylcellulose, Panthenol, Butylene Glycol, Sodium Benzoate, Crambe Abyssinica Seed Oil, Sodium PCA, Sodium Lactate, Ethylhexylglycerin, Persea Gratissima (Avocado) Fruit Extract, Arginine, Alcohol Denat., Glycolic Acid, Aspartic Acid, PCA, Dimethyl Stearamine, Chamomilla Recutita (Matricaria) Flower Extract, Limonene, Glycine, Alanine, Serine, Valine, Isoleucine, Proline, Threonine, Histidine, Phenylalanine.
For the latest information, it is recommended to review the ingredient list printed on the packaging of the product prior to usage or consumption.","<div aria-labelledby=""Ingredients"" class=""content max-h-0 invisible translate-y-1/4 underline-hyperlink"" id=""product-description-2""> <div class=""attribute-content break-words""> <div class=""flex flex-col gap-2""><p>Water (Aqua), Cetyl Alcohol, Glycerin, Fragrance (Parfum), Dimethicone, Carthamus Tinctorius (Safflower) Oleosomes, Behentrimonium Methosulfate, Dicetyldimonium Chloride, Stearyl Alcohol, Olea Europaea (Olive) Fruit Oil, Amodimethicone, Menthol, Phenoxyethanol, Stearalkonium Chloride, Hydroxyethylcellulose, Panthenol, Butylene Glycol, Sodium Benzoate, Crambe Abyssinica Seed Oil, Sodium PCA, Sodium Lactate, Ethylhexylglycerin, Persea Gratissima (Avocado) Fruit Extract, Arginine, Alcohol Denat., Glycolic Acid, Aspartic Acid, PCA, Dimethyl Stearamine, Chamomilla Recutita (Matricaria) Flower Extract, Limonene, Glycine, Alanine, Serine, Valine, Isoleucine, Proline, Threonine, Histidine, Phenylalanine.</p>
<p><em><strong>For the latest information, it is recommended to review the ingredient list printed on the packaging of the product prior to usage or consumption.</strong></em></p></div> </div> </div>","Gently massage into clean, wet hair from scalp to ends. Comb through. Leave on for 3-5 minutes or longer if desired. Rinse.","<div aria-labelledby=""How-to-Use"" class=""content max-h-0 invisible translate-y-1/4 underline-hyperlink"" id=""product-description-1""> <div class=""attribute-content break-words""> <div class=""flex flex-col gap-2""><p>Gently massage into clean, wet hair from scalp to ends. Comb through. Leave on for 3-5 minutes or longer if desired. Rinse.</p></div> </div> </div>",,,Conditioner,,"https://static.thcdn.com/productimg/original/15244557-6525129197395582.jpg, https://static.thcdn.com/productimg/original/15244557-5555165225007639.jpg, https://static.thcdn.com/productimg/original/15244557-1405165224978707.jpg, https://static.thcdn.com/productimg/original/15244557-1755165225040120.jpg, https://static.thcdn.com/productimg/original/15244557-3745165224956612.jpg, https://static.thcdn.com/productimg/original/15244557-8135165224930629.jpg",9199d9d5-e9c2-5d6f-8156-ffe4b5a0f4b7,2024-02-11 11:17:13
https://www.dermstore.com/p/this-works-deep-sleep-bath-soak-200g/10524481/,this works Deep Sleep Bath Soak (7 oz.),this works,10524481,10524481,37.0,USD,InStock,NewCondition,4.5,6,Brands / This Works / this works Deep Sleep Bath Soak (7 oz.)," This Works Deep Sleep Bath Soak features an award-winning fragrance that relaxes and calms your body and senses to help you achieve a good night's sleep so you wake up feeling refreshed. The natural bath soak provides the ideal tranquil setting at the end of a stressful day. 
  Key Benefits:  
 
  Sleep-inducing essential oils help you to relax and fall asleep faster 
  Lavender and wild chamomile essential oils help you to achieve a good night's sleep 
  Therapeutic bath salts hydrate skin 
  Suitable to use during pregnancy 
 ","Maris Sal (Sea Salt), Parfum (Fragrance), Lavandula Angustifolia (Lavender) Oil, Pogostemon Cablin (Patchouli) Oil, Cinnamomum Camphora (Ho Wood) Oil, Vetivera Zizanoides (Vetivert) Oil, Ormenis Multicaulis (Wild Chamomile) Flower Extract, Linalool, Geraniol, Limonene.
For the latest information, it is recommended to review the ingredient list printed on the packaging of the product prior to usage or consumption.","<div aria-labelledby=""Ingredients"" class=""content max-h-0 invisible translate-y-1/4 underline-hyperlink"" id=""product-description-3""> <div class=""attribute-content break-words""> <div class=""flex flex-col gap-2""><p>Maris Sal (Sea Salt), Parfum (Fragrance), Lavandula Angustifolia (Lavender) Oil, Pogostemon Cablin (Patchouli) Oil, Cinnamomum Camphora (Ho Wood) Oil, Vetivera Zizanoides (Vetivert) Oil, Ormenis Multicaulis (Wild Chamomile) Flower Extract, Linalool, Geraniol, Limonene.</p>
<p><em><strong>For the latest information, it is recommended to review the ingredient list printed on the packaging of the product prior to usage or consumption.</strong></em></p></div> </div> </div>","Pour a spoonful of bath salts under hot, running water as you run your bath and enjoy the soothing fragrance and the hydrating effect.","<div aria-labelledby=""How-to-Use"" class=""content max-h-0 invisible translate-y-1/4 underline-hyperlink"" id=""product-description-1""> <div class=""attribute-content break-words""> <div class=""flex flex-col gap-2""><p>Pour a spoonful of bath salts under hot, running water as you run your bath and enjoy the soothing fragrance and the hydrating effect.</p></div> </div> </div>","Bath and Body: Bath and ShowerBath and Shower: Bath TreatmentIngredient: Essential OilsPreferences: Certified Cruelty-Free, NaturalWellness | Internal Factors: Sleep Deprivation Defenders and Treatments","<div aria-labelledby=""Skin-Type-&amp;-Concerns"" class=""content max-h-0 invisible translate-y-1/4 underline-hyperlink"" id=""product-description-2""> <div class=""attribute-content break-words""> <div class=""flex flex-col gap-2""><p><strong>Bath and Body:</strong> <a href=""/bath-body/bath-shower.list"">Bath and Shower</a><br/><strong>Bath and Shower:</strong> <a href=""/bath-body/bath-shower/bath-treatment.list"">Bath Treatment</a><br/><strong>Ingredient:</strong> <a href=""/bath-body/body-care/essential-oils.list"">Essential Oils</a><br/><strong>Preferences:</strong> <a href=""/cruelty-free.list"">Certified Cruelty-Free</a>, <a href=""/organic-beauty/natural.list"">Natural</a><br/><strong>Wellness | Internal Factors:</strong> <a href=""/treatment/sleep-deprivation-defenders-treatments.list"">Sleep Deprivation Defenders and Treatments</a></p></div> </div> </div>",Deep Sleep,,"https://static.thcdn.com/productimg/original/10524481-1995020380736656.jpg, https://static.thcdn.com/productimg/original/10524481-3135020380793260.jpg",a39e8b38-67be-5e98-b373-47d73de0f414,2024-02-11 11:17:14
https://www.dermstore.com/p/lightstim-lightstim-for-wrinkles-white-5-piece/12901581/,LightStim for Wrinkles - White (5 Piece - $349 Value),LightStim,12901581,12901581,249.0,USD,InStock,NewCondition,4.17,23,Brands / LightStim / LightStim for Wrinkles - White (5 Piece - $349 Value)," Give yourself the beautiful skin you deserve. Reduce and eliminate fine lines and wrinkles. Maintain your skin's youthful appearance. Nourish your skin from within. 
  What Is LightStim?  
 LightStim delivers light energy in a similar way plants absorb light energy from the sun. Each LightStim device uses different wavelengths, or colors of light. LightStim for Wrinkles provides rejuvenating wavelengths of light energy to treat fine lines and wrinkles. Over time by using your Light you can help to recapture a plump, youthful appearance. 
  Results  
 100% of participants were shown to have improvement in the first 2-4 weeks of use. 
  Professional Strength  
 LightStim LED light therapy devices have been used and recommended by medical spas, estheticians, dermatologists, plastic surgeons, and their clients for 20 years. Now you can experience the same professional strength treatment at home. 
  FDA Cleared  
 LightStim for Wrinkles is FDA Cleared to treat wrinkles on the entire face. You can treat your forehead, crow's feet, cheeks, nasolabial folds, jawline and even your lips. 
  Clinically Proven Results  
 In FDA clinical studies, 100% of participants were shown to have significant improvement in their fine lines and wrinkles in just 8 weeks. 
  Designed to Last a Lifetime  
 Manufactured in the USA at the LightStim Medical Device-Certified Headquarters. Maintenance free. No cartridges, LEDs, or battery replacement costs. Five-year warranty. LightStim for Wrinkles comes with a 90-Day 100% Satisfaction Guarantee. 
  LightStim MultiWave® Patented Technology  
 LightStim has advanced NASA's LED technology to a new level, developing LightStim MultiWave® Patented Technology to simultaneously emit multiple wavelengths (colors) of light. These wavelengths of light work together to give your skin amore radiant and youthful appearance. 
  LEDs are Therapeutic  
 LED stands for Light Emitting Diode, which is a tiny computer chip encased in glass. Each LED wavelength (color) of light provides unique therapeutic benefits. LED is non-invasive, painless and requires no recovery time. This Light is good for all skin types and is engineered to emit a soothing, gentle warmth. LightStim for Wrinkles utilizes wavelengths of Amber, Light Red, Dark Red and Infrared with a total of 72 LEDs. 
  What's Included:  
 PhotoSerum, Sheet Masque and Beauty Case Included 
 Nourish your skin with our proprietary blend of custom LightStim Skincare. Use the LightStim Beauty Case for daily storage and travel to keep your Light shining bright. ",,,"Place the Light gently touching your skin and hold it in place. The Light will beep after 3 minutes.
*If desired, close the eye nearest to the Light. Move the Light to a new area. Repeat until you've treated all desired areas. Use your Light no more than 3 minutes per area, once daily","<div aria-labelledby=""How-to-Use"" class=""content max-h-0 invisible translate-y-1/4 underline-hyperlink"" id=""product-description-1""> <div class=""attribute-content break-words""> <div class=""flex flex-col gap-2""><p>Place the Light gently touching your skin and hold it in place. The Light will beep after 3 minutes.</p>
<p>*If desired, close the eye nearest to the Light. Move the Light to a new area. Repeat until you've treated all desired areas. Use your Light no more than 3 minutes per area, once daily</p></div> </div> </div>",Aging Skin: Fine Lines and WrinklesApplication Area: FaceIdeal for these Concerns: Large PoresProfessional Tools and Devices: Anti-Aging Tools and DevicesSkin Care: Professional Tools and DevicesSkin Type: Mature Skin,"<div aria-labelledby=""Skin-Type-&amp;-Concerns"" class=""content max-h-0 invisible translate-y-1/4 underline-hyperlink"" id=""product-description-2""> <div class=""attribute-content break-words""> <div class=""flex flex-col gap-2""><p><strong>Aging Skin:</strong> <a href=""/skin-care/treatments-serums/wrinkle-cream.list"">Fine Lines and Wrinkles</a><br/><strong>Application Area:</strong> <a href=""/application-area/face.list"">Face</a><br/><strong>Ideal for these Concerns:</strong> <a href=""/treatment/large-pores.list"">Large Pores</a><br/><strong>Professional Tools and Devices:</strong> <a href=""/skin-care/tools/anti-aging-tools-devices.list"">Anti-Aging Tools and Devices</a><br/><strong>Skin Care:</strong> <a href=""/skin-care/tools.list"">Professional Tools and Devices</a><br/><strong>Skin Type:</strong> <a href=""/skin-care/mature-skin.list"">Mature Skin</a></p></div> </div> </div>",,,"https://static.thcdn.com/productimg/original/12901581-8925140338060168.jpg, https://static.thcdn.com/productimg/original/12901581-3415140338090198.jpg, https://static.thcdn.com/productimg/original/12901581-1225140338122544.jpg, https://static.thcdn.com/productimg/original/12901581-1915140338155025.jpg, https://static.thcdn.com/productimg/original/12901581-5695140338186627.jpg, https://static.thcdn.com/productimg/original/12901581-8355140338215445.jpg, https://static.thcdn.com/productimg/original/12901581-6465140338253902.jpg, https://static.thcdn.com/productimg/original/12901581-6355140338299997.jpg, https://static.thcdn.com/productimg/original/12901581-1735140338345264.jpg, https://static.thcdn.com/productimg/original/12901581-6765140338387555.jpg",97b7dc8c-2100-5034-b9b2-faf24ee1cd10,2024-02-11 11:17:15
https://www.dermstore.com/p/miriam-quevedo-black-baccara-hair-multiplying-routine-250ml/15449270/,Miriam Quevedo Black Baccara Hair Multiplying Routine 250ml,Miriam Quevedo,15449270,15449270,115.0,USD,InStock,NewCondition,,,Brands / miriam quevedo / Miriam Quevedo Black Baccara Hair Multiplying Routine 250ml," Enjoy the summer to achieve stronger, thicker hair with this exclusive Black Baccara routine. Our perfect duo of Black Baccara shampoo and mask helps keep your follicles firmly anchored to your scalp, preventing seasonal hair loss that often occurs in the fall. Don't forget the travel size Serum (gift) for deeper fiber repair while offering high protection. Ideal for all hair types, especially recommended for over-treated manes. 
  Includes  
 
  Hair Multiplying Shampoo 250 mL 
  Hair Multiplying Mask 250 mL 
  Hair Repairing &amp; Multiplying Serum 20 mL (gift) 
  Deluxe Cotton Bag (gift) 
 
  Benefits:  
 
  Anti-Aging 
  Hair Growth 
  Bond Repair 
  Rejuvenation 
 ","Aqua (Water), Sodium Lauroyl Methyl Isethionate, Cocamidopropyl Betaine, Peg-120 Methyl Glucose Trioleate, Rhodiola Rosea Root Extract, Panthenol, Hydroxypinacolone Retinoate, Glycerin, Glutamylamidoethyl Imidazole, Biotin, Inositol, Rosa Hybrid Flower Extract, Yeast Extract, Boswellia Serrata Resin Extract, Tocopheryl Acetate, Arginine Hcl, Sodium Ascorbyl Phosphate, Rhododendron Ferrugineum Leaf Cell Culture Extract, Wheat Amino Acids, Vitis Vinifera (Grape) Fruit Extract, Moringa Oleifera Seed Extract/Moringa Pterygosperma Seed Extract, Zingiber Officinale (Ginger) Root Extract, Threonine, Riboflavin, Acetyl Tetrapeptide-3, Dextran, Niacinamide, Lecithin, Xylitol, Serine, Arginine, Trifolium Pratense (Clover) Flower Extract, Isomalt, Sodium Cocoyl Apple Amino Acids, Tartaric Acid, Tetrasodium Glutamate Diacetate, Hydroxypropylammonium Gluconate, Sodium Hydroxide, Maltodextrin, Soy Amino Acids, Polyquaternium-7, Hydroxypropylgluconamide, Hexylene Glycol, Lactic Acid, Dimethyl Isosorbide, Guar Hydroxypropyltrimonium Chloride, Butylene Glycol, Sodium Chloride, Propanediol, Benzyl Alcohol, Hydroxyacetophenone, Phenoxyethanol, Potassium Sorbate, 1,2-Hexanediol, Caprylyl Glycol, Sodium Benzoate, Citric Acid, Sorbic Acid, Parfum (Fragrance).
For the latest information, it is recommended to review the ingredient list printed on the packaging of the product prior to usage or consumption.","<div aria-labelledby=""Ingredients"" class=""content max-h-0 invisible translate-y-1/4 underline-hyperlink"" id=""product-description-2""> <div class=""attribute-content break-words""> <div class=""flex flex-col gap-2""><p>Aqua (Water), Sodium Lauroyl Methyl Isethionate, Cocamidopropyl Betaine, Peg-120 Methyl Glucose Trioleate, Rhodiola Rosea Root Extract, Panthenol, Hydroxypinacolone Retinoate, Glycerin, Glutamylamidoethyl Imidazole, Biotin, Inositol, Rosa Hybrid Flower Extract, Yeast Extract, Boswellia Serrata Resin Extract, Tocopheryl Acetate, Arginine Hcl, Sodium Ascorbyl Phosphate, Rhododendron Ferrugineum Leaf Cell Culture Extract, Wheat Amino Acids, Vitis Vinifera (Grape) Fruit Extract, Moringa Oleifera Seed Extract/Moringa Pterygosperma Seed Extract, Zingiber Officinale (Ginger) Root Extract, Threonine, Riboflavin, Acetyl Tetrapeptide-3, Dextran, Niacinamide, Lecithin, Xylitol, Serine, Arginine, Trifolium Pratense (Clover) Flower Extract, Isomalt, Sodium Cocoyl Apple Amino Acids, Tartaric Acid, Tetrasodium Glutamate Diacetate, Hydroxypropylammonium Gluconate, Sodium Hydroxide, Maltodextrin, Soy Amino Acids, Polyquaternium-7, Hydroxypropylgluconamide, Hexylene Glycol, Lactic Acid, Dimethyl Isosorbide, Guar Hydroxypropyltrimonium Chloride, Butylene Glycol, Sodium Chloride, Propanediol, Benzyl Alcohol, Hydroxyacetophenone, Phenoxyethanol, Potassium Sorbate, 1,2-Hexanediol, Caprylyl Glycol, Sodium Benzoate, Citric Acid, Sorbic Acid, Parfum (Fragrance).</p>
<p><em><strong>For the latest information, it is recommended to review the ingredient list printed on the packaging of the product prior to usage or consumption.</strong></em></p></div> </div> </div>","Apply to wet hair and scalp. Massage in gently to create lather. Leave on for 2 to 5 minutes. Rinse thoroughly.
In case of contact with eyes, rinse immediately.","<div aria-labelledby=""How-to-Use"" class=""content max-h-0 invisible translate-y-1/4 underline-hyperlink"" id=""product-description-1""> <div class=""attribute-content break-words""> <div class=""flex flex-col gap-2""><p>Apply to wet hair and scalp. Massage in gently to create lather. Leave on for 2 to 5 minutes. Rinse thoroughly.</p>
<p>In case of contact with eyes, rinse immediately.</p></div> </div> </div>",,,BLACK BACCARA,,https://static.thcdn.com/productimg/original/15449270-2045176898131722.jpg,5d23e3e3-9dd7-59d8-8484-fcadb950a725,2024-02-11 11:17:21
https://www.dermstore.com/p/anastasia-beverly-hills-satin-lipstick-3g-various-colours/13350394/,Anastasia Beverly Hills Satin Lipstick 3g (Various Shades),Anastasia Beverly Hills,13350394,13350394,26.0,USD,InStock,NewCondition,,,Brands / Anastasia Beverly Hills / Anastasia Beverly Hills Satin Lipstick 3g (Various Shades)," Let's just say, when you know you know. Our&nbsp;Matte &amp; Satin Lipstick&nbsp;is everything you desire in a single swipe: brilliantly pigmented, insanely smooth glide-on, 24 seriously stunning new shades. This game-changing formula is addictive by design with its intense payoff, luscious wearability and two velvety-soft, featherlight finishes that deliver all your looks day to night. Our bullet tip design provides pro-level control, unparalleled precision and even color distribution so you can go from natural to glam faster than you can blow a kiss. Housed in a luxurious, gorgeous rose-gold component, it makes the perfect statement piece for your makeup bag or clutch. Pair with our&nbsp;Lip Liner&nbsp;and serve shade. ","Triisodecyl Trimellitate, Trimethylolpropane Triisostearate, Polybutene, Octyldodecanol, Microcrystalline Wax/Cera Microcristallina/Cire Microcristalline, Hydrogenated Polyisobutene, Vp/Eicosene Copolymer, Caprylic/Capric Triglyceride, Polyethylene, Stearalkonium Bentonite, Methyl Methacrylate Crosspolymer, Hydrogenated Styrene/Butadiene Copolymer, Phytosteryl Isostearate, Propylene Carbonate, Ethyl Vanillin, Pentaerythrityl Tetra-Di-T-Butyl Hydroxyhydrocinnamate, Dicalcium Phosphate, Mica, Calcium Aluminum Borosilicate, Aluminum Calcium Sodium Silicate, Calcium Titanium Borosilicate, Bht, Alumina, Calcium Sodium Borosilicate, Silica, Synthetic Fluorphlogopite, Tin Oxide, May Contain/Peut Contenir (+/-): Titanium Dioxide (Ci 77891), Iron Oxides (Ci 77491, Ci 77492), Red 7 Lake (Ci 15850), Blue 1 Lake (Ci 42090), Red 28 Lake (Ci 45410)
For the latest information, it is recommended to review the ingredient list printed on the packaging of the product prior to usage or consumption.","<div aria-labelledby=""Ingredients"" class=""content max-h-0 invisible translate-y-1/4 underline-hyperlink"" id=""product-description-2""> <div class=""attribute-content break-words""> <div class=""flex flex-col gap-2""><p>Triisodecyl Trimellitate, Trimethylolpropane Triisostearate, Polybutene, Octyldodecanol, Microcrystalline Wax/Cera Microcristallina/Cire Microcristalline, Hydrogenated Polyisobutene, Vp/Eicosene Copolymer, Caprylic/Capric Triglyceride, Polyethylene, Stearalkonium Bentonite, Methyl Methacrylate Crosspolymer, Hydrogenated Styrene/Butadiene Copolymer, Phytosteryl Isostearate, Propylene Carbonate, Ethyl Vanillin, Pentaerythrityl Tetra-Di-T-Butyl Hydroxyhydrocinnamate, Dicalcium Phosphate, Mica, Calcium Aluminum Borosilicate, Aluminum Calcium Sodium Silicate, Calcium Titanium Borosilicate, Bht, Alumina, Calcium Sodium Borosilicate, Silica, Synthetic Fluorphlogopite, Tin Oxide, May Contain/Peut Contenir (+/-): Titanium Dioxide (Ci 77891), Iron Oxides (Ci 77491, Ci 77492), Red 7 Lake (Ci 15850), Blue 1 Lake (Ci 42090), Red 28 Lake (Ci 45410)</p>
<p><em><strong>For the latest information, it is recommended to review the ingredient list printed on the packaging of the product prior to usage or consumption.</strong></em></p></div> </div> </div>",Begin by outlining the Cupid's bow. Fill in the remainder of the top lip. Outline the bottom lip and fill.,"<div aria-labelledby=""How-to-Use"" class=""content max-h-0 invisible translate-y-1/4 underline-hyperlink"" id=""product-description-1""> <div class=""attribute-content break-words""> <div class=""flex flex-col gap-2""><p>Begin by outlining the Cupid's bow. Fill in the remainder of the top lip. Outline the bottom lip and fill.</p></div> </div> </div>",,,,3g,"https://static.thcdn.com/productimg/original/13350394-1565177909279895.jpg, https://static.thcdn.com/productimg/original/13350394-2135177909338377.jpg, https://static.thcdn.com/productimg/original/13350394-2125177909401698.jpg, https://static.thcdn.com/productimg/original/13350394-7065175841380897.jpg, https://static.thcdn.com/productimg/original/13350394-1645175841426080.jpg",892f07e9-caa2-5f5c-91e1-90cb9734ab0a,2024-02-11 11:17:25
https://www.dermstore.com/p/is-clinical-sheald-recovery-balm-15-g./12902815/,iS Clinical SHEALD Recovery Balm (0.5 oz.),iS Clinical,12902815,12902815,30.0,USD,InStock,NewCondition,4.75,12,Brands / iS Clinical / iS Clinical SHEALD Recovery Balm (0.5 oz.)," iS Clinical's SHEALD Recovery Balm encourages skin's natural healing process as it alleviates irritation caused by laser, microdermabrasion and chemical treatments. Oat extracts soothe inflammation while panthenol restores pH levels. An advanced complex of ceramides lock-in moisture behind an antimicrobial protective layer that blocks environmental aggressors while keeping skin nourished. 
  Key Ingredients:  
 
   Ceramides:  a group of lipid molecules bioidentical to those synthesized by the stratum corneum. Necessary for healthy barrier function. Antimicrobial and important for apoptosis and cell signaling of functional epithelium. 
   Panthenol (Vitamin B5):  essential element required for enzymatic functions within all cells. Enables the metabolism of carbohydrates, proteins and lipids, increasing cellular integrity and efficiency 
   Antioxidants:  extremozymes, our proprietary combination of extremophilic enzymes, clinically proven to protect and repair fragile proteins and DNA components 
   Blue Micro Algae Extract:  antioxidant and protective properties help defend against free radicals caused by UV-light and pollutants while encouraging the cellular regeneration process 
 
  Key Benefits:  
 
  Provides antioxidant-rich protective barrier 
  Softens and hydrates dry, sensitive skin 
  Helps with tightness and distressed skin 
  Ideal protective moisturizer for harsh cold and/or dry climates 
  Paraben-free 
 ","Water/Aqua/Eau, Sodium Hyaluronate, Glycerin, C12-15 Pareth-3 Benzoate, Petrolatum, Tocopherol, Beta-Glucan, Cetearyl Alcohol, Ceteareth-20, Glyceryl Stearate, PEG-100 Stearate, Piper Methysticum Leaf/Root/Stem Extract, Ahnfeltia Concinna Extract, Sorbitan Stearate, PEG-8, PEG-8/SMDI Copolymer, Zea Mays (Corn) Kernel Extract, Panthenol, Ceramide NP, Sodium Lauroyl Lactylate, Butylene Glycol, Polysorbate 20, Xanthan Gum, Carbomer, Retinyl Palmitate, Triethanolamine, Ceramide AP, Ceramide EOP, Caprylyl Glycol, Cholesterol, Phytosphingosine, Avena Sativa (Oat) Kernel Extract, 1,2-Hexanediol, Disodium EDTA
For the latest information, it is recommended to review the ingredient list printed on the packaging of the product prior to usage or consumption.","<div aria-labelledby=""Ingredients"" class=""content max-h-0 invisible translate-y-1/4 underline-hyperlink"" id=""product-description-3""> <div class=""attribute-content break-words""> <div class=""flex flex-col gap-2""><p>Water/Aqua/Eau, Sodium Hyaluronate, Glycerin, C12-15 Pareth-3 Benzoate, Petrolatum, Tocopherol, Beta-Glucan, Cetearyl Alcohol, Ceteareth-20, Glyceryl Stearate, PEG-100 Stearate, Piper Methysticum Leaf/Root/Stem Extract, Ahnfeltia Concinna Extract, Sorbitan Stearate, PEG-8, PEG-8/SMDI Copolymer, Zea Mays (Corn) Kernel Extract, Panthenol, Ceramide NP, Sodium Lauroyl Lactylate, Butylene Glycol, Polysorbate 20, Xanthan Gum, Carbomer, Retinyl Palmitate, Triethanolamine, Ceramide AP, Ceramide EOP, Caprylyl Glycol, Cholesterol, Phytosphingosine, Avena Sativa (Oat) Kernel Extract, 1,2-Hexanediol, Disodium EDTA</p>
<p><em><strong>For the latest information, it is recommended to review the ingredient list printed on the packaging of the product prior to usage or consumption.</strong></em></p></div> </div> </div>","Apply a generous, thick, even coating to treated area. You may apply as often as needed for discomfort and to improve results.","<div aria-labelledby=""How-to-Use"" class=""content max-h-0 invisible translate-y-1/4 underline-hyperlink"" id=""product-description-1""> <div class=""attribute-content break-words""> <div class=""flex flex-col gap-2""><p>Apply a generous, thick, even coating to treated area. You may apply as often as needed for discomfort and to improve results.</p></div> </div> </div>","Application Area: Body, Cheeks, Decollete, Face, Feet, Hands, NeckIdeal for these Concerns: Dryness and Dehydration, RednessIngredient: Antioxidants, Ceramides, Hyaluronic Acid, Panthenol, Titanium Dioxide, Vitamin AMoisturizers: Face MoisturizerSkin Care: MoisturizersSkin Type: Dry Skin, Mature Skin, Normal Skin, Sensitive Skin","<div aria-labelledby=""Skin-Type-&amp;-Concerns"" class=""content max-h-0 invisible translate-y-1/4 underline-hyperlink"" id=""product-description-2""> <div class=""attribute-content break-words""> <div class=""flex flex-col gap-2""><p><strong>Application Area:</strong> <a href=""/application-area/body.list"">Body</a>, <a href=""/application-area/cheeks.list"">Cheeks</a>, <a href=""/application-area/decollete.list"">Decollete</a>, <a href=""/application-area/face.list"">Face</a>, <a href=""/application-area/feet.list"">Feet</a>, <a href=""/application-area/hands.list"">Hands</a>, <a href=""/application-area/neck.list"">Neck</a><br/><strong>Ideal for these Concerns:</strong> <a href=""/skin-care/dryness-dehydration.list"">Dryness and Dehydration</a>, <a href=""/treatment/redness.list"">Redness</a><br/><strong>Ingredient:</strong> <a href=""/ingredient/antioxidants.list"">Antioxidants</a>, <a href=""/ingredient/ceramides.list"">Ceramides</a>, <a href=""/ingredient/hyaluronic-acid.list"">Hyaluronic Acid</a>, <a href=""/ingredient/panthenol.list"">Panthenol</a>, <a href=""/ingredient/titanium-dioxide.list"">Titanium Dioxide</a>, <a href=""/ingredient/vitamin-a.list"">Vitamin A</a><br/><strong>Moisturizers:</strong> <a href=""/skin-care/moisturizers/face-moisturizer.list"">Face Moisturizer</a><br/><strong>Skin Care:</strong> <a href=""/skin-care/moisturizers.list"">Moisturizers</a><br/><strong>Skin Type:</strong> <a href=""/skin-care/dry-skin.list"">Dry Skin</a>, <a href=""/skin-care/mature-skin.list"">Mature Skin</a>, <a href=""/skin-care/normal-skin.list"">Normal Skin</a>, <a href=""/skin-care/sensitive-skin.list"">Sensitive Skin</a></p></div> </div> </div>",,,"https://static.thcdn.com/productimg/original/12902815-1395167566260595.jpg, https://static.thcdn.com/productimg/original/12902815-1175167566181023.jpg, https://static.thcdn.com/productimg/original/12902815-1265167566204480.jpg, https://static.thcdn.com/productimg/original/12902815-1105167565604456.jpg",b5ed256c-7846-5d11-922b-2715a77710c0,2024-02-11 11:17:26
https://www.dermstore.com/p/agent-nateur-holi-sun-spf-50-dewy-tinted-skin-drops-30ml-various-shades/15081764/,AGENT NATEUR Holi (Sun) SPF 50 Dewy Tinted Skin Drops 30ml (Various Shades),AGENT NATEUR,15081764,15081764,58.0,USD,InStock,NewCondition,5,1,Brands / AGENT NATEUR / AGENT NATEUR Holi (Sun) SPF 50 Dewy Tinted Skin Drops 30ml (Various Shades)," Introducing holi (sun), Agent Nateur's dewy tinted, 100% mineral SPF 50 skin drops, formulated with ingredients you would find in your skincare, with the added protection of non-nano zinc oxide, which protects against harmful UV rays and sun damage. This two-in-one-product delivers a lightweight, natural and easily-blendable coverage (with zero white cast) that corrects imperfections and builds a daily, radiant glow, all while delivering 98% of UVA and UVB radiation protection too. ","Active Ingredient:
Zinc Oxide 12%
Inactive Ingredients
Water, C12-15 Alkyl Benzoate, Caprylic/Capric Triglyceride, Jojoba Esters, Polyglyceryl-4 Diisostearate/Polyhydroxystearate/Sebacate, Propanediol, Tridecyl Salicylate, Niacinamide, Nylon-12, Methylpropanediol, Silica, Coco-Caprylate, Polyglyceryl-2 Dipolyhydroxystearate, Sodium Chloride, Caprylyl Glycol, Carthamus Tinctorius (Safflower) Seed Oil, Bisabolol, Allantoin, Oryza Sativa (Rice) Bran Extract, Lecithin, Stearalkonium Hectorite, Polyglyceryl-3 Diisostearate, Polyglyceryl-3 Polyricinoleate, Phenylpropanol, Iron Oxides, Helianthus Annuus (Sunflower) Extract, Citrus Aurantium Bergamia (Bergamot) Fruit Oil, Salvia Triloba Leaf Extract, Tocopherol, Salvia Officinalis (Sage) Leaf Extract, Rosmarinus Officinalis (Rosemary) Leaf Extract, Tetrasodium Glutamate Diacetate, Jasminum Officinale (Jasmine) Flower/Leaf Extract, Lavandula Angustifolia (Lavender) Flower/Leaf/Stem Extract, Rutin, Pelargonium Graveolens (Geranium) Extract, Linalool†, Limonene†, Hydrogenated Lecithin, Sodium Hydroxide †Allergen
For the latest information, it is recommended to review the ingredient list printed on the packaging of the product prior to usage or consumption.","<div aria-labelledby=""Ingredients"" class=""content max-h-0 invisible translate-y-1/4 underline-hyperlink"" id=""product-description-2""> <div class=""attribute-content break-words""> <div class=""flex flex-col gap-2""><p>Active Ingredient:</p>
<p>Zinc Oxide 12%</p>
<p>Inactive Ingredients</p>
<p>Water, C12-15 Alkyl Benzoate, Caprylic/Capric Triglyceride, Jojoba Esters, Polyglyceryl-4 Diisostearate/Polyhydroxystearate/Sebacate, Propanediol, Tridecyl Salicylate, Niacinamide, Nylon-12, Methylpropanediol, Silica, Coco-Caprylate, Polyglyceryl-2 Dipolyhydroxystearate, Sodium Chloride, Caprylyl Glycol, Carthamus Tinctorius (Safflower) Seed Oil, Bisabolol, Allantoin, Oryza Sativa (Rice) Bran Extract, Lecithin, Stearalkonium Hectorite, Polyglyceryl-3 Diisostearate, Polyglyceryl-3 Polyricinoleate, Phenylpropanol, Iron Oxides, Helianthus Annuus (Sunflower) Extract, Citrus Aurantium Bergamia (Bergamot) Fruit Oil, Salvia Triloba Leaf Extract, Tocopherol, Salvia Officinalis (Sage) Leaf Extract, Rosmarinus Officinalis (Rosemary) Leaf Extract, Tetrasodium Glutamate Diacetate, Jasminum Officinale (Jasmine) Flower/Leaf Extract, Lavandula Angustifolia (Lavender) Flower/Leaf/Stem Extract, Rutin, Pelargonium Graveolens (Geranium) Extract, Linalool†, Limonene†, Hydrogenated Lecithin, Sodium Hydroxide †Allergen</p>
<p><em><strong>For the latest information, it is recommended to review the ingredient list printed on the packaging of the product prior to usage or consumption.</strong></em></p></div> </div> </div>","With 12% non-nano zinc oxide, our formulation ensures unparalleled defense and sun protection by effectively blocking over 98% of UVA and UVB radiation.This non-toxic formulation is rich in antioxidants, reducing pollution-induced free radicals and forming a luminous shield that also blocks over 35% of blue light (HEVL). It provides comprehensive protection against environmental stressors and caters to all skin types and shades.
In addition to its protective power and anti-aging benefits, holi (sun) is free from parabens, silicones alcohol and synthetic fragrance. The formulation is reef-friendly. Designed to nurture firm and supple skin, clinical studies show that the formulation boosts antioxidant activity within the skin by an astonishing 200%. It contains bioactive plum-based complexes that hydrate the skin and stimulate collagen and fibronectin synthesis, effectively helping to slow down the aging process, while also improving skin hydration by up to 60% after 30 minutes. The high content of Vitamin C and Vitamin E in holi (sun) helps strengthen the skin's barrier function, while boosting optimal hydration and a radiant, luminous appearance. Whatever shade you choose, holi (sun) helps to minimize the appearance of pores while delivering hydrating, anti-aging, and anti-inflammatory properties for your sunkissed skin.","<div aria-labelledby=""How-to-Use"" class=""content max-h-0 invisible translate-y-1/4 underline-hyperlink"" id=""product-description-1""> <div class=""attribute-content break-words""> <div class=""flex flex-col gap-2""><p>With 12% non-nano zinc oxide, our formulation ensures unparalleled defense and sun protection by effectively blocking over 98% of UVA and UVB radiation.This non-toxic formulation is rich in antioxidants, reducing pollution-induced free radicals and forming a luminous shield that also blocks over 35% of blue light (HEVL). It provides comprehensive protection against environmental stressors and caters to all skin types and shades.</p>
<p>In addition to its protective power and anti-aging benefits, holi (sun) is free from parabens, silicones alcohol and synthetic fragrance. The formulation is reef-friendly. Designed to nurture firm and supple skin, clinical studies show that the formulation boosts antioxidant activity within the skin by an astonishing 200%. It contains bioactive plum-based complexes that hydrate the skin and stimulate collagen and fibronectin synthesis, effectively helping to slow down the aging process, while also improving skin hydration by up to 60% after 30 minutes. The high content of Vitamin C and Vitamin E in holi (sun) helps strengthen the skin's barrier function, while boosting optimal hydration and a radiant, luminous appearance. Whatever shade you choose, holi (sun) helps to minimize the appearance of pores while delivering hydrating, anti-aging, and anti-inflammatory properties for your sunkissed skin.</p></div> </div> </div>",,,,,"https://static.thcdn.com/productimg/original/15081765-1995114175188529.jpg, https://static.thcdn.com/productimg/original/15081765-1485114175213348.jpg, https://static.thcdn.com/productimg/original/15081765-5245114175237420.jpg",cf19ec85-cc20-594f-a839-2727baf4bac9,2024-02-11 11:17:26
https://www.dermstore.com/p/vivierskin-lexxel/11370875/,VivierSkin LEXXEL (1.6 fl. oz.),VivierSkin,11370875,11370875,83.0,USD,InStock,NewCondition,4.67,6,Brands / VivierSkin / VivierSkin LEXXEL (1.6 fl. oz.)," Vivier LEXXEL relieves, softens and hydrates for smoother, healthier-looking skin. Enriched with marigold, avocado, vitamin E and allantoin, this skin moisturizer helps alleviate and protect against chapping, cracking, itching and roughness due to dry skin. May be used daily and on post-procedural skin. 
  Key Benefits:  
 
  Alcohol- and fragrance-free, non-comedogenic, dermatologist tested and recommended by physicians.
    
     
 ","Water/Eau, Caprylic/Capric Triglyceride, Glyceryl Stearate& PEG-100 Stearate, Glyceryl Stearate, Ethoxydiglycol, Calendula Officinalis Flower Oil, Stearic Acid, Methyl Glucose Sesquistearate, Glyceryl Dilaurate , Cyclopentasiloxane& Dimethiconol, Polyacrylamide&C13-14 Isoparaffin& Laureth-7, Persea Gratissima (Avocado) Oil, Tocopheryl Acetate, Phenoxyethanol, Methylparaben, Butylparaben, Ethylparaben, Propylparaben,Allantoin, Hexamidine Diisethionate.
For the latest information, it is recommended to review the ingredient list printed on the packaging of the product prior to usage or consumption.","<div aria-labelledby=""Ingredients"" class=""content max-h-0 invisible translate-y-1/4 underline-hyperlink"" id=""product-description-3""> <div class=""attribute-content break-words""> <div class=""flex flex-col gap-2""><p>Water/Eau, Caprylic/Capric Triglyceride, Glyceryl Stearate&amp; PEG-100 Stearate, Glyceryl Stearate, Ethoxydiglycol, Calendula Officinalis Flower Oil, Stearic Acid, Methyl Glucose Sesquistearate, Glyceryl Dilaurate , Cyclopentasiloxane&amp; Dimethiconol, Polyacrylamide&amp;C13-14 Isoparaffin&amp; Laureth-7, Persea Gratissima (Avocado) Oil, Tocopheryl Acetate, Phenoxyethanol, Methylparaben, Butylparaben, Ethylparaben, Propylparaben,Allantoin, Hexamidine Diisethionate.</p>
<p><em><strong>For the latest information, it is recommended to review the ingredient list printed on the packaging of the product prior to usage or consumption.</strong></em></p></div> </div> </div>",Apply to afffected areas as needed or as directed by a physician.,"<div aria-labelledby=""How-to-Use"" class=""content max-h-0 invisible translate-y-1/4 underline-hyperlink"" id=""product-description-1""> <div class=""attribute-content break-words""> <div class=""flex flex-col gap-2""><p>Apply to afffected areas as needed or as directed by a physician.</p></div> </div> </div>","Application Area: Face, NeckIdeal for these Concerns: Dryness and Dehydration, Redness, RosaceaIngredient: Dimethicone, Vitamin EMoisturizers: Face MoisturizerSkin Care: MoisturizersSkin Type: Acne-Prone Skin, Oily Skin, Sensitive Skin","<div aria-labelledby=""Skin-Type-&amp;-Concerns"" class=""content max-h-0 invisible translate-y-1/4 underline-hyperlink"" id=""product-description-2""> <div class=""attribute-content break-words""> <div class=""flex flex-col gap-2""><p><strong>Application Area:</strong> <a href=""/application-area/face.list"">Face</a>, <a href=""/application-area/neck.list"">Neck</a><br/><strong>Ideal for these Concerns:</strong> <a href=""/skin-care/dryness-dehydration.list"">Dryness and Dehydration</a>, <a href=""/treatment/redness.list"">Redness</a>, <a href=""/treatment/rosacea.list"">Rosacea</a><br/><strong>Ingredient:</strong> <a href=""/ingredient/dimethicone.list"">Dimethicone</a>, <a href=""/ingredient/vitamin-e.list"">Vitamin E</a><br/><strong>Moisturizers:</strong> <a href=""/skin-care/moisturizers/face-moisturizer.list"">Face Moisturizer</a><br/><strong>Skin Care:</strong> <a href=""/skin-care/moisturizers.list"">Moisturizers</a><br/><strong>Skin Type:</strong> <a href=""/skin-care/acne-prone-skin.list"">Acne-Prone Skin</a>, <a href=""/skin-care/oily-skin.list"">Oily Skin</a>, <a href=""/skin-care/sensitive-skin.list"">Sensitive Skin</a></p></div> </div> </div>",,,https://static.thcdn.com/productimg/original/11370875-2014871769781221.jpg,865af52d-cb3f-51a1-99ff-82e4e9fcc196,2024-02-11 11:17:27
https://www.dermstore.com/p/koh-gen-do-maifanshi-moisture-fit-concealer-7g-various-shades/11752239/,Koh Gen Do Maifanshi Moisture Fit Concealer (7 g.),Koh Gen Do,11752239,11752239,69.0,USD,InStock,NewCondition,4.5,6,Brands / Koh Gen Do / Koh Gen Do Maifanshi Moisture Fit Concealer (7 g.)," Maifanshi Moisture Fit Concealer from Koh Gen Do is an effortless way to smooth out spots or dark areas leaving you with a more radiant complexion. Designed to be used before or after foundation, this creamy concealer melts into your skin without creasing, caking or streaking. 
  Key Ingredients:  
 
   Gloss Film Powder:  creates a smooth, long-lasting finish 
   T3 Oil:  a blend of jojoba oil, olive squalane, and shea butter that replenishes skin with protective moisture 
   Stretch Gel Technology:  allows product to move with your skin 
   Aloe Leaf Extract and Hydrolyzed Yeast Extract:  provide moisturizing benefits 
 
  Key Benefits:  
 
  Corrects redness and discoloration 
  Minimizes fine lines and wrinkles 
  Gold pigments reflect light to correct uneven skin tone and dullness 
  High coverage in a lightweight texture 
  Not tested on animals and formulated without artificial colors, synthetic fragrance or mineral oil 
 
  Tip:  Can be applied before or after foundation. 
  04 is ideal for tan skin tones.  ","Water, Cyclopentasiloxane, Triethylhexanoin, Propanediol, Peg-9 Dimethicone, Silica, Trimethylsiloxysilicate, Zinc Stearate, Butylene Glycol, Simmondsia Chinensis (Jojoba) Seed Oil, Squalane, Butyrospermum Parkii (Shea) Butter, Hydrolyzed Yeast Extract, Aloe Barbadensis Leaf Extract, Macadamia Ternifolia Seed Oil, Dipotassium Glycyrrhizate, Glycerin, Hydrogenated Castor Oil Dimer Dilinoleate, Hdi/Trimethylol Hexyllactone Crosspolymer, Dimethicone/Vinyl Dimethicone Crosspolymer, Isostearic Acid, Disteardimonium Hectorite, Aluminum Hydroxide, Sodium Citrate, Polyglyceryl-2, Triisostearate, Stearic Acid, Ethylhexylglycerin, Calcium Carbonate, Tocopherol, Dimethicone, Alumina, Hydrogen Dimethicone, Phenoxyethanol, Mica (Ci 77019), Titanium Dioxide, Talc, Iron Oxides.
For the latest information, it is recommended to review the ingredient list printed on the packaging of the product prior to usage or consumption.","<div aria-labelledby=""Ingredients"" class=""content max-h-0 invisible translate-y-1/4 underline-hyperlink"" id=""product-description-3""> <div class=""attribute-content break-words""> <div class=""flex flex-col gap-2""><p>Water, Cyclopentasiloxane, Triethylhexanoin, Propanediol, Peg-9 Dimethicone, Silica, Trimethylsiloxysilicate, Zinc Stearate, Butylene Glycol, Simmondsia Chinensis (Jojoba) Seed Oil, Squalane, Butyrospermum Parkii (Shea) Butter, Hydrolyzed Yeast Extract, Aloe Barbadensis Leaf Extract, Macadamia Ternifolia Seed Oil, Dipotassium Glycyrrhizate, Glycerin, Hydrogenated Castor Oil Dimer Dilinoleate, Hdi/Trimethylol Hexyllactone Crosspolymer, Dimethicone/Vinyl Dimethicone Crosspolymer, Isostearic Acid, Disteardimonium Hectorite, Aluminum Hydroxide, Sodium Citrate, Polyglyceryl-2, Triisostearate, Stearic Acid, Ethylhexylglycerin, Calcium Carbonate, Tocopherol, Dimethicone, Alumina, Hydrogen Dimethicone, Phenoxyethanol, Mica (Ci 77019), Titanium Dioxide, Talc, Iron Oxides.</p>
<p><em><strong>For the latest information, it is recommended to review the ingredient list printed on the packaging of the product prior to usage or consumption.</strong></em></p></div> </div> </div>","Apply a small amount to the desired area and gently press into the skin using the fingertips, brush or a sponge.","<div aria-labelledby=""How-to-Use"" class=""content max-h-0 invisible translate-y-1/4 underline-hyperlink"" id=""product-description-1""> <div class=""attribute-content break-words""> <div class=""flex flex-col gap-2""><p>Apply a small amount to the desired area and gently press into the skin using the fingertips, brush or a sponge.</p></div> </div> </div>","Application Area: Eyes, FaceCoverage: FullFace Makeup: Face ConcealerFinish: SatinIngredient: Aloe Vera, Dimethicone, Essential Oils, Jojoba, Mica, Shea Butter, Titanium DioxideMakeup: Face MakeupPreferences: Clean, Oil-Free","<div aria-labelledby=""Skin-Type-&amp;-Concerns"" class=""content max-h-0 invisible translate-y-1/4 underline-hyperlink"" id=""product-description-2""> <div class=""attribute-content break-words""> <div class=""flex flex-col gap-2""><p><strong>Application Area:</strong> <a href=""/application-area/eyes.list"">Eyes</a>, <a href=""/application-area/face.list"">Face</a><br/><strong>Coverage:</strong> <a href=""/makeup/full-coverage.list"">Full</a><br/><strong>Face Makeup:</strong> <a href=""/makeup/face-makeup/face-concealer.list"">Face Concealer</a><br/><strong>Finish:</strong> <a href=""/makeup/satin.list"">Satin</a><br/><strong>Ingredient:</strong> <a href=""/ingredient/aloe-vera.list"">Aloe Vera</a>, <a href=""/ingredient/dimethicone.list"">Dimethicone</a>, <a href=""/bath-body/body-care/essential-oils.list"">Essential Oils</a>, <a href=""/ingredient/jojoba.list"">Jojoba</a>, <a href=""/ingredient/mica.list"">Mica</a>, <a href=""/ingredient/shea-butter.list"">Shea Butter</a>, <a href=""/ingredient/titanium-dioxide.list"">Titanium Dioxide</a><br/><strong>Makeup:</strong> <a href=""/makeup/face-makeup.list"">Face Makeup</a><br/><strong>Preferences:</strong> <a href=""/organic-beauty/clean.list"">Clean</a>, <a href=""/preferences/oil-free.list"">Oil-Free</a></p></div> </div> </div>",Maifanshi,7g,https://static.thcdn.com/productimg/1600/1600/11752239-8694597305372915.jpg,f1c842d3-d69b-54b7-8079-5eb875e79e2a,2024-02-11 11:17:31
https://www.dermstore.com/p/masktini-intensive-restorative-creme-hush-money-50ml/14869207/,Masktini Intensive Restorative Crème - Hush Money 50ml,Masktini,14869207,14869207,84.0,USD,InStock,NewCondition,5,7,Brands / MASKTINI / Masktini Intensive Restorative Crème - Hush Money 50ml," An anti-aging skin barrier, this day and night facial moisturizer is perfect for all skin types. This combination of Vitamin C, our all-natural retinol alternative and a unique plant derived super-hydrator improves skin’s radiance and firmness. An extract of the summer snowflake bulb has Botox mimicking smoothing results, while Matrixyl 3000™ peptides restore collagen synthesis, providing long term anti-wrinkle benefits. 
  Key Ingredients:  
 TETRAHEXYLDECYL ASCORBATE - A highly stable form of Vitamin C which is known for antioxidant benefits, improving radiance, skin texture, firmness and skin tone. Regarded as a gentler, skin-friendly form of Vitamin C that provides all the benefits without irritation. 
 SYSTENOL-A - Bukuchiol is a natural retinol alternative which is an oil extracted from the Psoralea corylifolia or Babchi plant found in India. This compound has been clinically shown to enhance collagen and elastin synthesis, improving fine lines, wrinkles and firmness. 
 NP MOIST 24 - Extracted from the Japanese Bloodgrass root, this water-based complex has been clinically shown to increase skin’s moisture level by 45%, lasting up to 24 hours after application. 
 SALIPORINE-8 - Derived from the halophyte, a plant that grows in salt waters, this extract of Salicornia herbacea has strong antioxidant benefits that also strengthens the hydrolipic barrier of the epidermis and supports the skin’s own moisture production. 
 IBR SNOWFLAKE - A derivative of the summer snowflake bulb, this ingredient contains alkaloids known to have muscle relaxant properties. Lessen facial muscle contractions for a softened appearance of fine lines and wrinkles. 
 MATRIXYL 3000 - A synthetic peptide, or amino acid chain sometimes referred to as protein fragments, works to restore and maintain skin’s youthful appearance by signaling cells to produce more collagen. Clinical studies have shown a reduction of deep wrinkles by 45% after 8 weeks of use. 
 ANTARCTICINE - a glycoprotein from the Antarctic Sea. Prevents the skin from dryness and extreme colds. Boosts collagen and elastin production. Presents significant anti-wrinkle activity. 
 LPD MULTIVITAMIN - a proprietory complex of A,C,E,F vitamins. A true multivatamin for your skin. Helps to downregulate sebum production, revert photodamage, protect against oxidative damage. Regulates collagen synthesis and provides photoprotection. Regenerates membranes and tissues for a healthy beautiful skin. 
 NIACINAMIDE PC - a proprietory grade of Vitamin B3. Helps reduce the appearance of fine lines and wrinkles, protect from UV and blue light damage, improve elasticity of the skin, rebalance uneven skin tone. 
 ECTOIN - a natural compound. Helps maintain balanced hydration by maintaining the correct water balance in skin. In doing so, skin can better maintain a smooth, soft surface. ","Water (Aqua) (Eau), Glycerin, Caprylyl Caprylate/Caprate, Aloe Barbadensis Leaf Juice, Niacinamide, Ethylhexyl Olivate, Cetearyl Olivate, Undecane, Cetearyl Alcohol, Imperata Cylindrica Root Extract, Sorbitan Olivate, Cucumis Sativus (Cucumber) Fruit Water, Orbignya Oleifera Seed Oil, Tetrahexyldecyl Ascorbate, Ectoin, Bakuchiol, Theobroma Cacao (Cocoa) Seed Butter, Mangifera Indica (Mango) Seed Butter, Butyrospermum Parkii (Shea) Butter, Sodium Hyaluronate, Squalane, Tocopherol, Retinyl Palmitate, Pseudoalteromonas Ferment Extract, Salicornia Herbacea Extract, Leucojum Aestivum Bulb Extract, Palmitoyl Tripeptide-1, Palmitoyl Tetrapeptide-7, Glyceryl Linoleate, Glyceryl Linolenate, Tocopheryl Acetate, Sodium Ascorbyl Phosphate, Biotin, Citrus Nobilis (Mandarin Orange) Peel Oil, Citrus Paradisi (Grapefruit) Peel Oil, Citrus Aurantium Dulcis (Orange) Peel Oil, Xanthan Gum, Butylene Glycol, Lecithin, Maltodextrin, Polysorbate 20, Caprylic/Capric Triglyceride, Sorbitol, Glyceryl Caprylate, Carbomer, Sodium Polyacrylate, Tridecane, PEG-8, Tetrasodium EDTA, Sodium Citrate, Citric Acid, Disodium EDTA, Caprylyl Glycol, Ethylhexylglycerin, Phenoxyethanol, Sodium Benzoate, Potassium Sorbate, Limonene
For the latest information, it is recommended to review the ingredient list printed on the packaging of the product prior to usage or consumption.","<div aria-labelledby=""Ingredients"" class=""content max-h-0 invisible translate-y-1/4 underline-hyperlink"" id=""product-description-2""> <div class=""attribute-content break-words""> <div class=""flex flex-col gap-2""><p>Water (Aqua) (Eau), Glycerin, Caprylyl Caprylate/Caprate, Aloe Barbadensis Leaf Juice, Niacinamide, Ethylhexyl Olivate, Cetearyl Olivate, Undecane, Cetearyl Alcohol, Imperata Cylindrica Root Extract, Sorbitan Olivate, Cucumis Sativus (Cucumber) Fruit Water, Orbignya Oleifera Seed Oil, Tetrahexyldecyl Ascorbate, Ectoin, Bakuchiol, Theobroma Cacao (Cocoa) Seed Butter, Mangifera Indica (Mango) Seed Butter, Butyrospermum Parkii (Shea) Butter, Sodium Hyaluronate, Squalane, Tocopherol, Retinyl Palmitate, Pseudoalteromonas Ferment Extract, Salicornia Herbacea Extract, Leucojum Aestivum Bulb Extract, Palmitoyl Tripeptide-1, Palmitoyl Tetrapeptide-7, Glyceryl Linoleate, Glyceryl Linolenate, Tocopheryl Acetate, Sodium Ascorbyl Phosphate, Biotin, Citrus Nobilis (Mandarin Orange) Peel Oil, Citrus Paradisi (Grapefruit) Peel Oil, Citrus Aurantium Dulcis (Orange) Peel Oil, Xanthan Gum, Butylene Glycol, Lecithin, Maltodextrin, Polysorbate 20, Caprylic/Capric Triglyceride, Sorbitol, Glyceryl Caprylate, Carbomer, Sodium Polyacrylate, Tridecane, PEG-8, Tetrasodium EDTA, Sodium Citrate, Citric Acid, Disodium EDTA, Caprylyl Glycol, Ethylhexylglycerin, Phenoxyethanol, Sodium Benzoate, Potassium Sorbate, Limonene</p>
<p><em><strong>For the latest information, it is recommended to review the ingredient list printed on the packaging of the product prior to usage or consumption.</strong></em></p></div> </div> </div>","After cleansing, pump 1-2 pumps of product. Gently apply to face and neck.","<div aria-labelledby=""How-to-Use"" class=""content max-h-0 invisible translate-y-1/4 underline-hyperlink"" id=""product-description-1""> <div class=""attribute-content break-words""> <div class=""flex flex-col gap-2""><p>After cleansing, pump 1-2 pumps of product. Gently apply to face and neck.</p></div> </div> </div>",,,,,"https://static.thcdn.com/productimg/original/14869207-1845069302249872.jpg, https://static.thcdn.com/productimg/original/14869207-1565069302283175.jpg, https://static.thcdn.com/productimg/original/14869207-1835069302319025.jpg",928f5aac-f9f5-583d-bb34-9b31b8e59db8,2024-02-11 11:17:33
https://www.dermstore.com/p/estee-lauder-double-wear-smooth-and-blur-primer-40ml/15061315/,Estée Lauder Double Wear Smooth and Blur Primer 40ml,Estée Lauder,15061315,15061315,45.0,USD,InStock,NewCondition,,,Brands / Estée Lauder / Estée Lauder Double Wear Smooth and Blur Primer 40ml," The IRL filter that makes pores go ""poof."" 
 This all-day oil-control primer instantly blurs the look of pores to a smooth, matte finish. 
 Breathable gel-cream texture. Leaves skin feeling comfortable. 
 Pores seem to disappear thanks to skin-diffusing optics. 
 Oil-control primer helps keep oil at bay all day. 
 Skin looks smooth, blurred and matte. 
 Wear it under Double Wear Concealer or Double Wear Stay-in-Place Makeup for more coverage, your way. ","Water\Aqua\Eau, Methylpropanediol, Methyl Methacrylate Crosspolymer, Polymethylsilsesquioxane, Pentylene Glycol, Sodium Acrylates Crosspolymer-2, Caprylyl Glycol, Glyceryl Caprylate, Ammonium Acryloyldimethyltaurate/Vp Copolymer, Sodium Acrylate/Sodium Acryloyldimethyl Taurate Copolymer, Polyisobutene, Xanthan Gum, Sorbitan Oleate, Caprylyl/Capryl Glucoside
For the latest information, it is recommended to review the ingredient list printed on the packaging of the product prior to usage or consumption.","<div aria-labelledby=""Ingredients"" class=""content max-h-0 invisible translate-y-1/4 underline-hyperlink"" id=""product-description-2""> <div class=""attribute-content break-words""> <div class=""flex flex-col gap-2""><p>Water\Aqua\Eau, Methylpropanediol, Methyl Methacrylate Crosspolymer, Polymethylsilsesquioxane, Pentylene Glycol, Sodium Acrylates Crosspolymer-2, Caprylyl Glycol, Glyceryl Caprylate, Ammonium Acryloyldimethyltaurate/Vp Copolymer, Sodium Acrylate/Sodium Acryloyldimethyl Taurate Copolymer, Polyisobutene, Xanthan Gum, Sorbitan Oleate, Caprylyl/Capryl Glucoside</p>
<p><em><strong>For the latest information, it is recommended to review the ingredient list printed on the packaging of the product prior to usage or consumption.</strong></em></p></div> </div> </div>",Apply the desired amount of this oil-control primer over moisturized skin. Wear alone or underneath makeup for extra blurring.,"<div aria-labelledby=""How-to-Use"" class=""content max-h-0 invisible translate-y-1/4 underline-hyperlink"" id=""product-description-1""> <div class=""attribute-content break-words""> <div class=""flex flex-col gap-2""><p>Apply the desired amount of this oil-control primer over moisturized skin. Wear alone or underneath makeup for extra blurring.</p></div> </div> </div>",,,Double Wear,,"https://static.thcdn.com/productimg/original/15061315-6855118306359376.jpg, https://static.thcdn.com/productimg/original/15061315-4995118306384816.jpg, https://static.thcdn.com/productimg/original/15061315-1605118306411405.jpg, https://static.thcdn.com/productimg/original/15061315-1235118306460194.jpg, https://static.thcdn.com/productimg/original/15061315-1515118306503454.jpg, https://static.thcdn.com/productimg/original/15061315-3145118777992658.jpg, https://static.thcdn.com/productimg/original/15061315-1195118778012218.jpg, https://static.thcdn.com/productimg/original/15061315-1515118306547593.jpg",14895839-7e41-5b7b-b923-53afbd4811d2,2024-02-11 11:17:33
https://www.dermstore.com/p/pca-skin-gifts-and-sets-micro-peel-at-home-kit/14645944/,PCA SKIN Micro Peel At-Home Kit,PCA SKIN,14645944,14645944,140.0,USD,InStock,NewCondition,,,Brands / PCA SKIN / PCA SKIN Micro Peel At-Home Kit," Create a professional-grade experience for your skin with PCA Skin's Micro-Peel Kit. The kit includes powerful formulas developed by skin care professionals to help brighten and rejuvenate all skin types.; 
  Micro-Peel Kit includes:  
 
   Facial Wash (1 fl oz.):  A refreshing facial cleanser. 
   Hydrating Toner (1 fl oz.):  A face toner that removes dirt and oil while hydrating your skin. 
   Detoxifying Mask (.25 oz.):  A clay-based mask that exfoliates and removes impurities. 
  Enzyme Treatment (.27 fl oz.) 
   ReBalance (.25 oz):  A lightweight nighttime facial cream for all skin types. 
   Daily Defense Broad Spectrum SPF 50 (.25 fl oz.):  An SPF 50 sunscreen that moisturizes, protects, and combats aging pollutants. 
   Rejuvenating Serum (17 fl. oz.):  A refreshing facial cleanser. 
 
  Key Benefits:  
 
  Gentle, yet powerful exfoliation 
  Provides an immediate post-treatment glow 
  Safe and effective for all skin types 
 ","Hydrating Toner Spray: Water, Glycerin, Pyrus Malus (Apple) Fruit Extract, Phenoxyethanol, Polysorbate 20, Propanediol, Citrullus Lanatus (Watermelon) Fruit Extract, Lens Esculenta (Lentil) Fruit Extract, Panthenol, Oenothera Biennis (Evening Primrose) Root Extract, Ethylhexylglycerin, Rosmarinus Officinalis (Rosemary) Leaf Oil, Sodium Lactate, Disodium EDTA, Myrothamnus Flabellifolia Leaf/Stem Extract, Sodium PCA, Citric Acid, Sodium Hydroxide, Sodium Carrageenan, Jania Rubens Extract, Ascorbic Acid Facial Wash: Water, Sodium C14-16 Olefin Sulfonate, Cocamidopropyl Betaine, Lactic Acid, Sodium Cocoamphoacetate, Sodium Chloride, Propanediol, Sodium Hydroxide, Phenoxyethanol, Cocamidopropyl Hydroxysultaine, Ethylhexylglycerin, Sodium Benzoate, Caprylyl Glycol, Chlorphenesin, Potassium Sorbate, Allantoin, Aloe Barbadensis Leaf Juice, Salix Nigra (Willow) Bark Extract, Amorphophallus Konjac Root Powder.
Rejuvenating Serum: Water, Alcohol Denat., Glycerin, Hydroxyethyl Acrylate/Sodium Acryloyldimethyl Taurate Copolymer, Aminomethyl Propanol, Gluconolactone, Acrylates/C10-30 Alkyl Acrylate Crosspolymer, Polysorbate 20, Bisabolol, Isomalt, Sodium Benzoate, Sodium Lactate, Sodium PCA, Caprylyl Glycol, 1,2-Hexanediol, Mentha Piperita (Peppermint) Oil, Tocopherol, Citrus Paradisi (Grapefruit) Peel Oil, Glutathione, Squalane, Oryza Sativa (Rice) Bran Oil, Citrus Aurantium Dulcis (Orange) Peel Oil, Phospholipids, Tropolone, Tocotrienols, Camellia Sinensis Leaf Extract, Epigallocatechin Gallate, Aloe Barbadensis Leaf Juice Powder, Fructose, Glycine, Niacinamide, Urea, Inositol, Lecithin, Vitis Vinifera (Grape) Fruit Cell Extract, sh-Oligopeptide-1.
Detoxifying Mask: Water, Kaolin, Charcoal Powder, Glycerin, Magnesium Aluminum Silicate, Phenoxyethanol, Caprylyl Glycol, Xanthan Gum, Citric Acid, Ethylhexylglycerin, Hexylene Glycol, Disodium EDTA
ReBalance: Water/Aqua/Eau, Ethylhexyl Isononanoate, Glycereth-26, Butylene Glycol, Hydroxyethyl Acrylate/Sodium Acryloyldimethyl Taurate Copolymer, Phenoxyethanol, Niacinamide, Carbomer, Polyisobutene, Caprylyl Glycol, Bisabolol, Sodium Hydroxide, Ethylhexylglycerin, Hexylene Glycol, PEG-7 Trimethylolpropane Coconut Ether, Tocopheryl Acetate, Oenothera Biennis (Evening Primrose) Oil, Borago Officinalis Seed Oil, Aloe Barbadensis Leaf Juice, Sodium Hyaluronate.
Daily Defense SPF: Avena Sativa (Oat) Bran Extract, Bisabolol, Butylene Glycol, Butyloctyl Salicylate, Caffeine, Caprylyl Methicone, Citrus Aurantium Dulcis (Orange) Peel Extract, Cyclopentasiloxane, Ectoin, Ethyl Ferulate, Ethylhexylglycerin, Hydroxyethyl Acrylate/Sodium Acryloyldimethyl Taurate Copolymer, Octyldodecyl Neopentanoate, Oleth-3 Phosphate, PEG-7 Trimethylolpropane Coconut Ether, Phenoxyethanol, Polyisobutene, Propanediol, Silybum Marianum Seed Extract, Sodium Hyaluronate, Sodium Stearoyl Glutamate, Tocopheryl Acetate, Triethoxycaprylylsilane, Water Enzymatic Treatment: Carica Papaya (Papaya) Fruit, Water/Aqua/Eau, Alcohol Denat., Lactobionic Acid, Tartaric Acid, Polysorbate 20, Polyacrylate Crosspolymer-6, Phenoxyethanol, Sodium Hydroxide, Benzyl Alcohol, Isomalt, Glycerin, Sodium Gluconate, Caprylhydroxamic Acid, Rosmarinus Officinalis (Rosemary) Leaf Oil, Eucalyptus Globulus Leaf Oil, Pichia/Resveratrol Ferment Extract, Mentha Arvensis Leaf Oil, Resveratrol Dimethyl Ether, Vitis Vinifera (Grape) Seed Oil, Ethylhexylglycerin, Vitis Vinifera (Grape) Seed Extract, Citric Acid, Hamamelis Virginiana (Witch Hazel) Water, Lecithin, Vitis Vinifera (Grape) Fruit Cell Extract, Alcohol.
For the latest information, it is recommended to review the ingredient list printed on the packaging of the product prior to usage or consumption.","<div aria-labelledby=""Ingredients"" class=""content max-h-0 invisible translate-y-1/4 underline-hyperlink"" id=""product-description-2""> <div class=""attribute-content break-words""> <div class=""flex flex-col gap-2""><p><strong>Hydrating Toner Spray:</strong> Water, Glycerin, Pyrus Malus (Apple) Fruit Extract, Phenoxyethanol, Polysorbate 20, Propanediol, Citrullus Lanatus (Watermelon) Fruit Extract, Lens Esculenta (Lentil) Fruit Extract, Panthenol, Oenothera Biennis (Evening Primrose) Root Extract, Ethylhexylglycerin, Rosmarinus Officinalis (Rosemary) Leaf Oil, Sodium Lactate, Disodium EDTA, Myrothamnus Flabellifolia Leaf/Stem Extract, Sodium PCA, Citric Acid, Sodium Hydroxide, Sodium Carrageenan, Jania Rubens Extract, Ascorbic Acid Facial Wash: Water, Sodium C14-16 Olefin Sulfonate, Cocamidopropyl Betaine, Lactic Acid, Sodium Cocoamphoacetate, Sodium Chloride, Propanediol, Sodium Hydroxide, Phenoxyethanol, Cocamidopropyl Hydroxysultaine, Ethylhexylglycerin, Sodium Benzoate, Caprylyl Glycol, Chlorphenesin, Potassium Sorbate, Allantoin, Aloe Barbadensis Leaf Juice, Salix Nigra (Willow) Bark Extract, Amorphophallus Konjac Root Powder.</p>
<p><strong>Rejuvenating Serum:</strong> Water, Alcohol Denat., Glycerin, Hydroxyethyl Acrylate/Sodium Acryloyldimethyl Taurate Copolymer, Aminomethyl Propanol, Gluconolactone, Acrylates/C10-30 Alkyl Acrylate Crosspolymer, Polysorbate 20, Bisabolol, Isomalt, Sodium Benzoate, Sodium Lactate, Sodium PCA, Caprylyl Glycol, 1,2-Hexanediol, Mentha Piperita (Peppermint) Oil, Tocopherol, Citrus Paradisi (Grapefruit) Peel Oil, Glutathione, Squalane, Oryza Sativa (Rice) Bran Oil, Citrus Aurantium Dulcis (Orange) Peel Oil, Phospholipids, Tropolone, Tocotrienols, Camellia Sinensis Leaf Extract, Epigallocatechin Gallate, Aloe Barbadensis Leaf Juice Powder, Fructose, Glycine, Niacinamide, Urea, Inositol, Lecithin, Vitis Vinifera (Grape) Fruit Cell Extract, sh-Oligopeptide-1.</p>
<p><strong>Detoxifying Mask:</strong> Water, Kaolin, Charcoal Powder, Glycerin, Magnesium Aluminum Silicate, Phenoxyethanol, Caprylyl Glycol, Xanthan Gum, Citric Acid, Ethylhexylglycerin, Hexylene Glycol, Disodium EDTA</p>
<p><strong>ReBalance:</strong> Water/Aqua/Eau, Ethylhexyl Isononanoate, Glycereth-26, Butylene Glycol, Hydroxyethyl Acrylate/Sodium Acryloyldimethyl Taurate Copolymer, Phenoxyethanol, Niacinamide, Carbomer, Polyisobutene, Caprylyl Glycol, Bisabolol, Sodium Hydroxide, Ethylhexylglycerin, Hexylene Glycol, PEG-7 Trimethylolpropane Coconut Ether, Tocopheryl Acetate, Oenothera Biennis (Evening Primrose) Oil, Borago Officinalis Seed Oil, Aloe Barbadensis Leaf Juice, Sodium Hyaluronate.</p>
<p><strong>Daily Defense SPF:</strong> Avena Sativa (Oat) Bran Extract, Bisabolol, Butylene Glycol, Butyloctyl Salicylate, Caffeine, Caprylyl Methicone, Citrus Aurantium Dulcis (Orange) Peel Extract, Cyclopentasiloxane, Ectoin, Ethyl Ferulate, Ethylhexylglycerin, Hydroxyethyl Acrylate/Sodium Acryloyldimethyl Taurate Copolymer, Octyldodecyl Neopentanoate, Oleth-3 Phosphate, PEG-7 Trimethylolpropane Coconut Ether, Phenoxyethanol, Polyisobutene, Propanediol, Silybum Marianum Seed Extract, Sodium Hyaluronate, Sodium Stearoyl Glutamate, Tocopheryl Acetate, Triethoxycaprylylsilane, Water Enzymatic Treatment: Carica Papaya (Papaya) Fruit, Water/Aqua/Eau, Alcohol Denat., Lactobionic Acid, Tartaric Acid, Polysorbate 20, Polyacrylate Crosspolymer-6, Phenoxyethanol, Sodium Hydroxide, Benzyl Alcohol, Isomalt, Glycerin, Sodium Gluconate, Caprylhydroxamic Acid, Rosmarinus Officinalis (Rosemary) Leaf Oil, Eucalyptus Globulus Leaf Oil, Pichia/Resveratrol Ferment Extract, Mentha Arvensis Leaf Oil, Resveratrol Dimethyl Ether, Vitis Vinifera (Grape) Seed Oil, Ethylhexylglycerin, Vitis Vinifera (Grape) Seed Extract, Citric Acid, Hamamelis Virginiana (Witch Hazel) Water, Lecithin, Vitis Vinifera (Grape) Fruit Cell Extract, Alcohol.</p>
<p><em><strong>For the latest information, it is recommended to review the ingredient list printed on the packaging of the product prior to usage or consumption.</strong></em></p></div> </div> </div>",Please refer to the Micro Peel At-Home Kit protocol for proper application.,"<div aria-labelledby=""How-to-Use"" class=""content max-h-0 invisible translate-y-1/4 underline-hyperlink"" id=""product-description-1""> <div class=""attribute-content break-words""> <div class=""flex flex-col gap-2""><p>Please refer to the Micro Peel At-Home Kit protocol for proper application.</p></div> </div> </div>",,,,,https://static.thcdn.com/productimg/original/14645944-3585103824732553.jpg,03522b1c-5f72-5972-a4ea-0a9f3441fc7a,2024-02-11 11:17:36
https://www.dermstore.com/p/arcona-glow-and-go-duo/11291410/,ARCONA Glow and Go Duo (2 piece - $41 Value),ARCONA,11291410,11291410,24.0,USD,InStock,NewCondition,4.91,11,Brands / ARCONA / ARCONA Glow and Go Duo (2 piece - $41 Value)," ARCONA Glow and Grow refreshes and revitalizes dull skin with nourishing botanical formulas that give parched skin the love it needs. Rich shea butter hydrates and softens the skin while antioxidant-rich raspberry, cranberry and white tea extracts fight off free radicals. Naturally astringent lime, lemon and grapefruit oils balance pH levels as they brighten your complexion. A $41 value! 
  ARCONA Glow and Grow includes:  
 
   White Tea Purifying Cleanser   (2 oz.) 
   Cranberry Toner  (2 oz.) 
 ","Cranberry Toner: Hamamelis Virginiana (Witch Hazel) Extract, Rice Milk, Sodium Lactate, Vaccinium Macrocarpon (Cranberry) Fruit Extract, Camellia Sinensis (White Tea) Extract, Essential Oils, D-alpha-tocopherol (Vitamin E), Citric Acid, Vitis Vinifera (Grape) Seed Extract. White Tea Cleanser: Aqua (Water), Butyrospermum Parkii (Shea Butter) 10%, Aloe Saponins, Glycerin, Decyl Glucoside, Yucca Schidigera Leaf Extract, Camellia Sinensis (White Tea) Leaf Extract, Rubus Idaeus (Raspberry) Fruit Extract, Vaccinium Macrocarpon (Cranberry) Fruit Extract, Rubus Idaeus (Raspberry) Seed Oil, D-alpha-tocopherol, Sodium Chloride, Citrus Grandis (Grapefruit) Peel Oil, Citrus Medica Limonum (Lemon) Peel Oil, Citrus Aurantifolia (Lime) Oil, Ananas Sativus (Pineapple) Fruit Extract, Mangifera Indica (Mango) Seed Oil.
For the latest information, it is recommended to review the ingredient list printed on the packaging of the product prior to usage or consumption.","<div aria-labelledby=""Ingredients"" class=""content max-h-0 invisible translate-y-1/4 underline-hyperlink"" id=""product-description-3""> <div class=""attribute-content break-words""> <div class=""flex flex-col gap-2""><p><strong>Cranberry Toner:</strong> Hamamelis Virginiana (Witch Hazel) Extract, Rice Milk, Sodium Lactate, Vaccinium Macrocarpon (Cranberry) Fruit Extract, Camellia Sinensis (White Tea) Extract, Essential Oils, D-alpha-tocopherol (Vitamin E), Citric Acid, Vitis Vinifera (Grape) Seed Extract. <br/><strong>White Tea Cleanser:</strong> Aqua (Water), Butyrospermum Parkii (Shea Butter) 10%, Aloe Saponins, Glycerin, Decyl Glucoside, Yucca Schidigera Leaf Extract, Camellia Sinensis (White Tea) Leaf Extract, Rubus Idaeus (Raspberry) Fruit Extract, Vaccinium Macrocarpon (Cranberry) Fruit Extract, Rubus Idaeus (Raspberry) Seed Oil, D-alpha-tocopherol, Sodium Chloride, Citrus Grandis (Grapefruit) Peel Oil, Citrus Medica Limonum (Lemon) Peel Oil, Citrus Aurantifolia (Lime) Oil, Ananas Sativus (Pineapple) Fruit Extract, Mangifera Indica (Mango) Seed Oil.</p>
<p><em><strong>For the latest information, it is recommended to review the ingredient list printed on the packaging of the product prior to usage or consumption.</strong></em></p></div> </div> </div>","Cranberry Toner:Use daily as needed: use anytime to cleanse, tone and/or remove make-up.White Tea Cleanser: Pump 12 pumps in hand, add water and apply to wet face with light, upward and outward massaging circles. Rinse well.","<div aria-labelledby=""How-to-Use"" class=""content max-h-0 invisible translate-y-1/4 underline-hyperlink"" id=""product-description-1""> <div class=""attribute-content break-words""> <div class=""flex flex-col gap-2""><p><strong>Cranberry Toner:</strong>Use daily as needed: use anytime to cleanse, tone and/or remove make-up.<br/><strong>White Tea Cleanser:</strong> Pump 12 pumps in hand, add water and apply to wet face with light, upward and outward massaging circles. Rinse well.</p></div> </div> </div>","Application Area: FaceIdeal for these Concerns: Aging Skin, Free Radical DamageIngredient: Aloe Vera, Antioxidants, Essential Oils, Green Tea, Shea Butter, Vitamin EPreferences: Certified Cruelty-Free, NaturalSkin Care: Skin Care Kits and Value Sets","<div aria-labelledby=""Skin-Type-&amp;-Concerns"" class=""content max-h-0 invisible translate-y-1/4 underline-hyperlink"" id=""product-description-2""> <div class=""attribute-content break-words""> <div class=""flex flex-col gap-2""><p><strong>Application Area:</strong> <a href=""/application-area/face.list"">Face</a><br/><strong>Ideal for these Concerns:</strong> <a href=""/skin-care/skin-care-treatments/anti-aging-products.list"">Aging Skin</a>, <a href=""/treatment/free-radical-damage.list"">Free Radical Damage</a><br/><strong>Ingredient:</strong> <a href=""/ingredient/aloe-vera.list"">Aloe Vera</a>, <a href=""/ingredient/antioxidants.list"">Antioxidants</a>, <a href=""/bath-body/body-care/essential-oils.list"">Essential Oils</a>, <a href=""/ingredient/green-tea.list"">Green Tea</a>, <a href=""/ingredient/shea-butter.list"">Shea Butter</a>, <a href=""/ingredient/vitamin-e.list"">Vitamin E</a><br/><strong>Preferences:</strong> <a href=""/cruelty-free.list"">Certified Cruelty-Free</a>, <a href=""/organic-beauty/natural.list"">Natural</a><br/><strong>Skin Care:</strong> <a href=""/skin-care/gift-sets.list"">Skin Care Kits and Value Sets</a></p></div> </div> </div>",,2 x 2 oz,"https://static.thcdn.com/productimg/original/11291410-1104867629702549.jpg, https://static.thcdn.com/productimg/original/11291410-1144867629750549.jpg",491a7da5-e49d-5c4c-a0cf-4c82d1ff2d0d,2024-02-11 11:17:43
https://www.dermstore.com/p/alterna-caviar-anti-aging-replenishing-moisture-hair-oil-50ml/15463720/,Alterna CAVIAR Anti-Aging Replenishing Moisture Hair Oil 50ml,Alterna,15463720,15463720,40.0,USD,OutOfStock,NewCondition,,,Brands / Alterna / Alterna CAVIAR Anti-Aging Replenishing Moisture Hair Oil 50ml," Alterna transcends ordinary haircare - with healthy, sensorial rituals and clean, skincare-inspired formulas - elevating everyday moments into self-care experiences that transform the hair and delight the senses. Our family of mindfully formulated products are designed to deliver performance without compromise-clean beauty that provides an exceptionally luxurious experience at home and proven results in the salon. 
 Apply a couple of drops of our fast-absorbing hair oil on clean, damp, or dry hair. This oil not only leaves hair feeling deeply conditioned and smooth but also strengthens it, making it 9 times more resistant to breaking*. Its lightweight formula offers 72-hour humidity resistance**, without leaving any residue, ensuring that it leaves hair looking healthy and feeling silky soft. Formulated with care, it includes our Marine Moisture complex, a blend of marine plant extracts such as Sea Kelp, Plankton, Ascophyllum, Fucus, and Sea Fennel. Use more as needed, whether as a leave-on treatment or finisher. 
 This oil is formulated without added parabens, SLS/SLES***, phthalates, synthetic color, gluten, mineral oil, oxybenzone, triclosan, coal tar, and formaldehydes and formaldehyde-releasing agents. 
 *against combing breaking on damaged vs. a non-conditioning shampoo 
 ** vs. untreated hair in high humidity conditions 
 *** Formulated added Sodium Lauryl Sulfate or Sodium Laureth Sulfate ","Isododecane, Dimethicone, Dimethiconol, Cyclopentasiloxane, Parfum/Fragrance, Octyldodecyl Citrate Crosspolymer, Polycitronellol, Ethylhexylglycerin, Bis-Cetearyl Amodimethicone, Tocopherol, Tocopheryl Acetate, Jojoba Esters, Carthamus Tinctorius (Safflower) Seed Oil, Helianthus Annuus (Sunflower) Seed Oil, Mauritia Flexuosa Fruit Oil, Argania Spinosa Kernel Oil, Butyrospermum Parkii (Shea) Butter, Limnanthes Alba (Meadowfoam) Seed Oil, Crambe Abyssinica Seed Oil, Ethylhexyl Methoxycinnamate, Butyl Methoxydibenzoylmethane, Ethylhexyl Salicylate, Laminaria Digitata Extract, Saccharomyces/Copper Ferment, Saccharomyces/Iron Ferment, Saccharomyces/Magnesium Ferment, Saccharomyces/Silicon Ferment, Saccharomyces/Zinc Ferment, Caviar Extract, Caprylic/Capric Triglyceride, Phospholipids, Ascophyllum Nodosum Extract, Crithmum Maritimum Extract, Fucus Vesiculosus Extract, Plankton Extract, Laminaria Hyperborea Extract, BHT, Beta Vulgaris (Beet) Root Extract, Alaria Esculenta Extract, Glycine Soja (Soybean) Oil
For the latest information, it is recommended to review the ingredient list printed on the packaging of the product prior to usage or consumption.","<div aria-labelledby=""Ingredients"" class=""content max-h-0 invisible translate-y-1/4 underline-hyperlink"" id=""product-description-2""> <div class=""attribute-content break-words""> <div class=""flex flex-col gap-2""><p>Isododecane, Dimethicone, Dimethiconol, Cyclopentasiloxane, Parfum/Fragrance, Octyldodecyl Citrate Crosspolymer, Polycitronellol, Ethylhexylglycerin, Bis-Cetearyl Amodimethicone, Tocopherol, Tocopheryl Acetate, Jojoba Esters, Carthamus Tinctorius (Safflower) Seed Oil, Helianthus Annuus (Sunflower) Seed Oil, Mauritia Flexuosa Fruit Oil, Argania Spinosa Kernel Oil, Butyrospermum Parkii (Shea) Butter, Limnanthes Alba (Meadowfoam) Seed Oil, Crambe Abyssinica Seed Oil, Ethylhexyl Methoxycinnamate, Butyl Methoxydibenzoylmethane, Ethylhexyl Salicylate, Laminaria Digitata Extract, Saccharomyces/Copper Ferment, Saccharomyces/Iron Ferment, Saccharomyces/Magnesium Ferment, Saccharomyces/Silicon Ferment, Saccharomyces/Zinc Ferment, Caviar Extract, Caprylic/Capric Triglyceride, Phospholipids, Ascophyllum Nodosum Extract, Crithmum Maritimum Extract, Fucus Vesiculosus Extract, Plankton Extract, Laminaria Hyperborea Extract, BHT, Beta Vulgaris (Beet) Root Extract, Alaria Esculenta Extract, Glycine Soja (Soybean) Oil</p>
<p><em><strong>For the latest information, it is recommended to review the ingredient list printed on the packaging of the product prior to usage or consumption.</strong></em></p></div> </div> </div>","Apply a couple drops of oil on clean, damp, or dry hair, style as desired. Apply more as needed. Can be used as a leave-on treatment or finisher.","<div aria-labelledby=""How-to-Use"" class=""content max-h-0 invisible translate-y-1/4 underline-hyperlink"" id=""product-description-1""> <div class=""attribute-content break-words""> <div class=""flex flex-col gap-2""><p>Apply a couple drops of oil on clean, damp, or dry hair, style as desired. Apply more as needed. Can be used as a leave-on treatment or finisher.</p></div> </div> </div>",,,Hair Care,50ml,"https://static.thcdn.com/productimg/original/15463720-1325167756679502.jpg, https://static.thcdn.com/productimg/original/15463720-1795168562790647.jpg, https://static.thcdn.com/productimg/original/15463720-6895167756732986.jpg, https://static.thcdn.com/productimg/original/15463720-2145168562636129.jpg, https://static.thcdn.com/productimg/original/15463720-7735168562418863.jpg, https://static.thcdn.com/productimg/original/15463720-1845168562477516.jpg, https://static.thcdn.com/productimg/original/15463720-1675168562534528.jpg",a86d4f3b-4731-5ba6-9a9b-658cbf2844aa,2024-02-11 11:17:44
https://www.dermstore.com/p/supersmile-professional-whitening-system/11289934/,Supersmile Professional Whitening System - Large - Original Mint (2 piece),Supersmile,11289934,11289934,85.0,USD,OutOfStock,NewCondition,4.26,27,Brands / Supersmile / Supersmile Professional Whitening System - Large - Original Mint (2 piece)," Supersmile Professional Whitening System - Large is an essential whitening combo comprised of the Supersmile Toothpaste and Whitening Accelerator, which only requires brushing twice a day for significantly whiter teeth. Supersmile's effective Toothpaste and Accelerator work together to dissolve the filmy, stain-attracting protein pellicle that coats teeth, keeping your smile cleaner, lighter and less likely to suffer from bacteria growth. 
   Professional Whitening System - Large includes:  
 
   Toothpaste  (4.2 oz.) 
   Accelerator  (3.6 oz.) 
 ","Please click on above individual product for ingredients.
For the latest information, it is recommended to review the ingredient list printed on the packaging of the product prior to usage or consumption.","<div aria-labelledby=""Ingredients"" class=""content max-h-0 invisible translate-y-1/4 underline-hyperlink"" id=""product-description-3""> <div class=""attribute-content break-words""> <div class=""flex flex-col gap-2""><p>Please click on above individual product for ingredients.</p>
<p><em><strong>For the latest information, it is recommended to review the ingredient list printed on the packaging of the product prior to usage or consumption.</strong></em></p></div> </div> </div>",Place a pearl size drop of toothpaste and accelerator on a dry toothpaste and brush in a circular motion for 2 minutes twice daily.,"<div aria-labelledby=""How-to-Use"" class=""content max-h-0 invisible translate-y-1/4 underline-hyperlink"" id=""product-description-1""> <div class=""attribute-content break-words""> <div class=""flex flex-col gap-2""><p>Place a pearl size drop of toothpaste and accelerator on a dry toothpaste and brush in a circular motion for 2 minutes twice daily.</p></div> </div> </div>","Application Area: Teeth and MouthIngredient: Titanium DioxideOral Care: Teeth Whitening, ToothpastePreferences: Clean","<div aria-labelledby=""Skin-Type-&amp;-Concerns"" class=""content max-h-0 invisible translate-y-1/4 underline-hyperlink"" id=""product-description-2""> <div class=""attribute-content break-words""> <div class=""flex flex-col gap-2""><p><strong>Application Area:</strong> <a href=""/application-area/teeth-mouth.list"">Teeth and Mouth</a><br/><strong>Ingredient:</strong> <a href=""/ingredient/titanium-dioxide.list"">Titanium Dioxide</a><br/><strong>Oral Care:</strong> <a href=""/bath-body/oral-care/teeth-whitening.list"">Teeth Whitening</a>, <a href=""/bath-body/oral-care/toothpaste.list"">Toothpaste</a><br/><strong>Preferences:</strong> <a href=""/organic-beauty/clean.list"">Clean</a></p></div> </div> </div>",,,https://static.thcdn.com/productimg/original/11289934-8644871508433182.jpg,26c7ee76-081b-556d-aac5-136a9419a648,2024-02-11 11:17:44
https://www.dermstore.com/p/filorga-time-filler-super-smoothing-sheet-mask-23g/11395501/,Filorga Time-Filler Super Smoothing Sheet Mask,Filorga,11395501,11395501,15.0,USD,InStock,NewCondition,,,Brands / Filorga / Filorga Time-Filler Super Smoothing Sheet Mask," Restore youthful vitality with the  Filorga Time-Filler Mask ; an anti-ageing serum-mask that utilises tightening active ingredients with lifting benefits. 
 Fortified with natural-origin Collagen and an innovative cell booster, the powerful treatment delivers a firming and plumping effect, whilst stimulating the skin's regeneration process and minimising the appearance of wrinkles. 
 Developed with unique Black Fiber Technology, the sheet mask perfectly adheres to facial contours to boost the absorption and effectiveness. Expect a tighter, smoother and more refined complexion with reduced signs of ageing and a radiant glow. ",,,"After opening the sachet, unfold the mask and apply to a cleansed face. Leave on for 15 minutes. Massage in excess serum with your fingertips. No need to rinse. Use 1-2 times per week.","<div aria-labelledby=""How-to-Use"" class=""content max-h-0 invisible translate-y-1/4 underline-hyperlink"" id=""product-description-1""> <div class=""attribute-content break-words""> <div class=""flex flex-col gap-2""><p>After opening the sachet, unfold the mask and apply to a cleansed face. Leave on for 15 minutes. Massage in excess serum with your fingertips. No need to rinse. Use 1-2 times per week.</p></div> </div> </div>",,,Time-Filler,23g,"https://static.thcdn.com/productimg/original/11395501-1545119846376634.jpg, https://static.thcdn.com/productimg/original/11395501-1545119846410435.jpg, https://static.thcdn.com/productimg/original/11395501-1605119846442115.jpg, https://static.thcdn.com/productimg/original/11395501-4455119846469892.jpg, https://static.thcdn.com/productimg/original/11395501-2465119846503639.jpg",15a8e900-a2dd-5a8a-bf64-c93318d212dd,2024-02-11 11:17:47
https://www.dermstore.com/p/rms-beauty-tinted-daily-lip-balm-3g-various-shades/12905677/,RMS Beauty Daily Lip Balm (0.1 oz.),RMS Beauty,12905677,12905677,25.0,USD,InStock,NewCondition,4.53,17,Brands / RMS Beauty / RMS Beauty Daily Lip Balm (0.1 oz.)," Heal, protect and hydrate lips with the moisturizing power of RMS Beauty's Daily Lip Balm. This multifunctional rejuvenating lip balm, nourishing lip treatment and primer-in-one helps diminish dryness, dehydration and chapped lips with coconut oil and shea butter revealing a smoother texture. 
  Key Ingredients:  
 
   Coconut Oil:  hydrates and heals 
   Shea Butter:  nourishes and softens 
 
  Key Benefits:  
 
  Hydrates dry lips 
  Primes lips 
  Nourishes and softens 
  Works as a subtle highlighter, cuticle conditioner or evening eye balm 
 
  Tip:  Store in a cool, dry place. ","*Cocos Nucifera (Coconut) Oil, *Cera Alba (Beeswax)(Cire d'abeille), *Butyrospermum Parkii (Shea Butter) Fruit, *Theobroma Cacao (Cocoa) Seed Butter, *Simmondsia Chinensis (Jojoba) Seed Oil, **Buriti (Mauritia Flexuosa) Oil, Tocopherol (non-GMO), Helianthus Annuus (Sunflower) Seed Oil, Propolis Extract, Centella Asiatica Extract, *Rosmarinus officinalis (Rosemary) Leaf Extract.
*Certified Organic/Certifié Biologique
**Wildcrafted/Récoltée à L'état Sauvage.
For the latest information, it is recommended to review the ingredient list printed on the packaging of the product prior to usage or consumption.","<div aria-labelledby=""Ingredients"" class=""content max-h-0 invisible translate-y-1/4 underline-hyperlink"" id=""product-description-3""> <div class=""attribute-content break-words""> <div class=""flex flex-col gap-2""><p>*Cocos Nucifera (Coconut) Oil, *Cera Alba (Beeswax)(Cire d'abeille), *Butyrospermum Parkii (Shea Butter) Fruit, *Theobroma Cacao (Cocoa) Seed Butter, *Simmondsia Chinensis (Jojoba) Seed Oil, **Buriti (Mauritia Flexuosa) Oil, Tocopherol (non-GMO), Helianthus Annuus (Sunflower) Seed Oil, Propolis Extract, Centella Asiatica Extract, *Rosmarinus officinalis (Rosemary) Leaf Extract.</p>
<p>*Certified Organic/Certifié Biologique</p>
<p>**Wildcrafted/Récoltée à L'état Sauvage.</p>
<p><em><strong>For the latest information, it is recommended to review the ingredient list printed on the packaging of the product prior to usage or consumption.</strong></em></p></div> </div> </div>","Use regularly to heal, protect and hydrate skin. Helps soften fine lines and give skin a smooth texture.","<div aria-labelledby=""How-to-Use"" class=""content max-h-0 invisible translate-y-1/4 underline-hyperlink"" id=""product-description-1""> <div class=""attribute-content break-words""> <div class=""flex flex-col gap-2""><p>Use regularly to heal, protect and hydrate skin. Helps soften fine lines and give skin a smooth texture.</p></div> </div> </div>","Aging Skin: Fine Lines and Wrinkles, Lip Lines Application Area: LipsIdeal for these Concerns: Chapped LipsIngredient: Coconut Oil, Shea ButterLip Makeup: Lip Balms TreatmentsMakeup: Lip MakeupPreferences: Certified Organic","<div aria-labelledby=""Skin-Type-&amp;-Concerns"" class=""content max-h-0 invisible translate-y-1/4 underline-hyperlink"" id=""product-description-2""> <div class=""attribute-content break-words""> <div class=""flex flex-col gap-2""><p><strong>Aging Skin:</strong> <a href=""/skin-care/treatments-serums/wrinkle-cream.list"">Fine Lines and Wrinkles</a>, <a href=""/treatment/lip-lines.list"">Lip Lines </a><br/><strong>Application Area:</strong> <a href=""/application-area/lips.list"">Lips</a><br/><strong>Ideal for these Concerns:</strong> <a href=""/treatment/chapped-lips.list"">Chapped Lips</a><br/><strong>Ingredient:</strong> <a href=""/ingredient/coconut-oil.list"">Coconut Oil</a>, <a href=""/ingredient/shea-butter.list"">Shea Butter</a><br/><strong>Lip Makeup:</strong> <a href=""/makeup/lips/lip-balms-treatments.list"">Lip Balms Treatments</a><br/><strong>Makeup:</strong> <a href=""/makeup/lips.list"">Lip Makeup</a><br/><strong>Preferences:</strong> <a href=""/organic-beauty/certified-organic.list"">Certified Organic</a></p></div> </div> </div>",Core,0.1oz,"https://static.thcdn.com/productimg/original/12905677-1684864789796271.jpg, https://static.thcdn.com/productimg/original/12905677-1535036876059932.jpg",b043f086-4f02-5858-a223-cca6fbe2b3a3,2024-02-11 11:17:48
https://www.dermstore.com/p/hydropeptide-power-serum-line-lifting-transformation-30ml/11287832/,HydroPeptide Power Serum Line Lifting Transformation (1 fl. oz.),HydroPeptide,11287832,11287832,154.0,USD,InStock,NewCondition,4.54,13,Brands / HydroPeptide / HydroPeptide Power Serum Line Lifting Transformation (1 fl. oz.), HydroPeptide Power Serum Line Lifting Transformation (formerly Serum Anti-Wrinkle Cellular Transformation) blends 6 different peptides to fight the visible signs of aging. Genetic growth factors optimize cell renewal to increase firmness and elasticity as vitamin A diminishes fine lines and wrinkles. Glycerin delivers lightweight hydration which helps hyaluronic acid plump the skin with illuminating moisture. Oat proteins reduce inflammation to leave your skin looking smooth and youthful. ,"Water, Glycerin, Lactococcus Ferment Lysate, Butylene Glycol, Propanediol, Diethylhexyl Carbonate, Isopentyldiol, Pentylene Glycol, Diheptyl Succinate, Caprylyl Glycol, Hydroxyacetophenone, Olea Europaea (Olive) Fruit Unsaponifiables, Sodium Stearoyl Glutamate, Cetearyl Alcohol, Glyceryl Stearate, Potassium Olivoyl Hydrolyzed Oat Protein, Lysolecithin, Sclerotium Gum, Hexapeptide-11, Tetrahexyldecyl Ascorbate, 1,2-Hexanediol, Capryloyl Glycerin/Sebacic Acid Copolymer, Phenylpropanol, Sorbitan Laurate, Pullulan, Xanthan Gum, Caprylic/Capric Triglyceride, Glyceryl Oleate, Glycine Soja (Soybean) Seed Extract, Anogeissus Leiocarpus Bark Extract, Citrus Limon (Lemon) Peel Extract, Palmitoyl Hexapeptide-19, Sodium Phytate, Hydroxyethylcellulose, Sodium Hyaluronate, Acetyl Dipeptide-1 Cetyl Ester, Citrus Aurantium Dulcis (Orange) Peel Extract, Citrus Paradisi (Grapefruit) Fruit Extract, Dipeptide Diaminobutyroyl Benzylamide Diacetate, Citrus Aurantium Bergamia (Bergamot) Fruit Extract, Citrus Aurantifolia (Lime) Peel Extract, Citrus Nobilis (Mandarin Orange) Fruit Extract, Citrus Tangerina (Tangerine) Peel Extract, Acetyl Hexapeptide-30, Barosma Betulina Leaf Extract, Vanilla Planifolia Fruit Extract, Vitis Vinifera (Grape) Fruit Extract, Palmitoyl Dipeptide-5 Diaminobutyroyl Hydroxythreonine, Palmitoyl Tripeptide-5, Tetradecyl Aminobutyroylvalylaminobutyric Urea Trifluoroacetate, Tocopherol
For the latest information, it is recommended to review the ingredient list printed on the packaging of the product prior to usage or consumption.","<div aria-labelledby=""Ingredients"" class=""content max-h-0 invisible translate-y-1/4 underline-hyperlink"" id=""product-description-3""> <div class=""attribute-content break-words""> <div class=""flex flex-col gap-2""><p>Water, Glycerin, Lactococcus Ferment Lysate, Butylene Glycol, Propanediol, Diethylhexyl Carbonate, Isopentyldiol, Pentylene Glycol, Diheptyl Succinate, Caprylyl Glycol, Hydroxyacetophenone, Olea Europaea (Olive) Fruit Unsaponifiables, Sodium Stearoyl Glutamate, Cetearyl Alcohol, Glyceryl Stearate, Potassium Olivoyl Hydrolyzed Oat Protein, Lysolecithin, Sclerotium Gum, Hexapeptide-11, Tetrahexyldecyl Ascorbate, 1,2-Hexanediol, Capryloyl Glycerin/Sebacic Acid Copolymer, Phenylpropanol, Sorbitan Laurate, Pullulan, Xanthan Gum, Caprylic/Capric Triglyceride, Glyceryl Oleate, Glycine Soja (Soybean) Seed Extract, Anogeissus Leiocarpus Bark Extract, Citrus Limon (Lemon) Peel Extract, Palmitoyl Hexapeptide-19, Sodium Phytate, Hydroxyethylcellulose, Sodium Hyaluronate, Acetyl Dipeptide-1 Cetyl Ester, Citrus Aurantium Dulcis (Orange) Peel Extract, Citrus Paradisi (Grapefruit) Fruit Extract, Dipeptide Diaminobutyroyl Benzylamide Diacetate, Citrus Aurantium Bergamia (Bergamot) Fruit Extract, Citrus Aurantifolia (Lime) Peel Extract, Citrus Nobilis (Mandarin Orange) Fruit Extract, Citrus Tangerina (Tangerine) Peel Extract, Acetyl Hexapeptide-30, Barosma Betulina Leaf Extract, Vanilla Planifolia Fruit Extract, Vitis Vinifera (Grape) Fruit Extract, Palmitoyl Dipeptide-5 Diaminobutyroyl Hydroxythreonine, Palmitoyl Tripeptide-5, Tetradecyl Aminobutyroylvalylaminobutyric Urea Trifluoroacetate, Tocopherol</p>
<p><em><strong>For the latest information, it is recommended to review the ingredient list printed on the packaging of the product prior to usage or consumption.</strong></em></p></div> </div> </div>","After cleansing, evenly smooth small amount over face and neck. Follow with appropriate moisturizing treatment or sun protection.","<div aria-labelledby=""How-to-Use"" class=""content max-h-0 invisible translate-y-1/4 underline-hyperlink"" id=""product-description-1""> <div class=""attribute-content break-words""> <div class=""flex flex-col gap-2""><p>After cleansing, evenly smooth small amount over face and neck. Follow with appropriate moisturizing treatment or sun protection.</p></div> </div> </div>","Aging Skin: Fine Lines and Wrinkles, Loss of FirmnessApplication Area: Decollete, Face, NeckIdeal for these Concerns: Dryness and DehydrationIngredient: Antioxidants, Dimethicone, Green Tea, Hyaluronic Acid, Jojoba, Peptides, Vitamin A, Vitamin C, Vitamin EPreferences: Gluten-Free, Paraben-Free, Phthalate-Free, Sulfate-Free, VeganSkin Care: Skin Care TreatmentsSkin Care Treatments: Face SerumsSkin Type: Acne-Prone Skin, Combination Skin, Dry Skin, Mature Skin, Normal Skin, Oily Skin, Sensitive Skin","<div aria-labelledby=""Skin-Type-&amp;-Concerns"" class=""content max-h-0 invisible translate-y-1/4 underline-hyperlink"" id=""product-description-2""> <div class=""attribute-content break-words""> <div class=""flex flex-col gap-2""><p><strong>Aging Skin:</strong> <a href=""/skin-care/treatments-serums/wrinkle-cream.list"">Fine Lines and Wrinkles</a>, <a href=""/treatment/loss-of-firmness.list"">Loss of Firmness</a><br/><strong>Application Area:</strong> <a href=""/application-area/decollete.list"">Decollete</a>, <a href=""/application-area/face.list"">Face</a>, <a href=""/application-area/neck.list"">Neck</a><br/><strong>Ideal for these Concerns:</strong> <a href=""/skin-care/dryness-dehydration.list"">Dryness and Dehydration</a><br/><strong>Ingredient:</strong> <a href=""/ingredient/antioxidants.list"">Antioxidants</a>, <a href=""/ingredient/dimethicone.list"">Dimethicone</a>, <a href=""/ingredient/green-tea.list"">Green Tea</a>, <a href=""/ingredient/hyaluronic-acid.list"">Hyaluronic Acid</a>, <a href=""/ingredient/jojoba.list"">Jojoba</a>, <a href=""/ingredient/peptides.list"">Peptides</a>, <a href=""/ingredient/vitamin-a.list"">Vitamin A</a>, <a href=""/ingredient/vitamin-c.list"">Vitamin C</a>, <a href=""/ingredient/vitamin-e.list"">Vitamin E</a><br/><strong>Preferences:</strong> <a href=""/organic-beauty/gluten-free.list"">Gluten-Free</a>, <a href=""/preferences/paraben-free.list"">Paraben-Free</a>, <a href=""/preferences/phthalate-free.list"">Phthalate-Free</a>, <a href=""/preferences/sulfate-free.list"">Sulfate-Free</a>, <a href=""/vegan.list"">Vegan</a><br/><strong>Skin Care:</strong> <a href=""/skin-care/treatments-serums.list"">Skin Care Treatments</a><br/><strong>Skin Care Treatments:</strong> <a href=""/skin-care/treatments-serums/face-serum.list"">Face Serums</a><br/><strong>Skin Type:</strong> <a href=""/skin-care/acne-prone-skin.list"">Acne-Prone Skin</a>, <a href=""/skin-care/combination-skin.list"">Combination Skin</a>, <a href=""/skin-care/dry-skin.list"">Dry Skin</a>, <a href=""/skin-care/mature-skin.list"">Mature Skin</a>, <a href=""/skin-care/normal-skin.list"">Normal Skin</a>, <a href=""/skin-care/oily-skin.list"">Oily Skin</a>, <a href=""/skin-care/sensitive-skin.list"">Sensitive Skin</a></p></div> </div> </div>",Anti-Wrinkle,30ml,"https://static.thcdn.com/productimg/original/11287832-1345045959950834.jpg, https://static.thcdn.com/productimg/original/11287832-2075045960013642.jpg",81ac47ba-f2d2-5ad4-88ce-f80cd7011774,2024-02-11 11:17:50
https://www.dermstore.com/p/bioderma-sensibio-eye-contour-puffiness-reducer-15ml/11709479/,Bioderma Sensibio Eye Contour (0.5 oz.),Bioderma,11709479,11709479,21.99,USD,InStock,NewCondition,4.17,35,Brands / Bioderma / Bioderma Sensibio Eye Contour (0.5 oz.)," Reawaken your eye's tired appearance with the Sensibio Gel Eye Contour from Bioderma. Complete with an active hyaluronic acid formula, this eye cream is designed to reduce the appearance of wrinkles and crow's feet for a younger complexion. 
  Key Ingredients:  
 
   Hyaluronic Acid : smooths and reduces crow's feet and fine lines 
   Caffeine : a decongesting ingredient that helps to reduce puffiness 
   Laminaria and Vitamin E : soothe, repair and make the skin more resistant to dryness 
 
  Key Benefits:  
  
 
  Excellent eye tolerance 
  Suitable for contact lens wearers 
  Gel-cream texture, compatible with makeup 
 ","Water (aqua), glycerin, dimethicone, polyehtylene, tridecyl trimellitate, caprylic/capric triglyceride, isostearyl alcohol, butylene glycol cocoate, fructooligosaccharides, mannitol, xylitol, caffeine, sodium hyaluronate, glycyrrhetinic acid, rhamnose, laminaria ochroleuca extract, acrylates/c10-30 alkyl acrylate crosspolymer, pentylene glycol, caprylyl glycol, 1,2-hexanediol, disodium edta, sodium hydroxide, ethylcellulose.
For the latest information, it is recommended to review the ingredient list printed on the packaging of the product prior to usage or consumption.","<div aria-labelledby=""Ingredients"" class=""content max-h-0 invisible translate-y-1/4 underline-hyperlink"" id=""product-description-3""> <div class=""attribute-content break-words""> <div class=""flex flex-col gap-2""><p>Water (aqua), glycerin, dimethicone, polyehtylene, tridecyl trimellitate, caprylic/capric triglyceride, isostearyl alcohol, butylene glycol cocoate, fructooligosaccharides, mannitol, xylitol, caffeine, sodium hyaluronate, glycyrrhetinic acid, rhamnose, laminaria ochroleuca extract, acrylates/c10-30 alkyl acrylate crosspolymer, pentylene glycol, caprylyl glycol, 1,2-hexanediol, disodium edta, sodium hydroxide, ethylcellulose.</p>
<p><em><strong>For the latest information, it is recommended to review the ingredient list printed on the packaging of the product prior to usage or consumption.</strong></em></p></div> </div> </div>","Morning and/or evening, 7 days a week: Apply Sensibio Eye on your eyelids and all around your eyes, after cleansing. Lightly massage from the inside to the outside of your eyes until absorbed.","<div aria-labelledby=""How-to-Use"" class=""content max-h-0 invisible translate-y-1/4 underline-hyperlink"" id=""product-description-1""> <div class=""attribute-content break-words""> <div class=""flex flex-col gap-2""><p>Morning and/or evening, 7 days a week: Apply Sensibio Eye on your eyelids and all around your eyes, after cleansing. Lightly massage from the inside to the outside of your eyes until absorbed.</p></div> </div> </div>","Application Area: EyesIdeal for these Concerns: Hypersensitive Skin, Redness, RosaceaEye Care: Eye Treatments and SerumsIngredient: Hyaluronic AcidPreferences: Clean, Fragrance-Free, Hypoallergenic, Paraben-FreeSkin Care: Eye CareSkin Type: Sensitive Skin","<div aria-labelledby=""Skin-Type-&amp;-Concerns"" class=""content max-h-0 invisible translate-y-1/4 underline-hyperlink"" id=""product-description-2""> <div class=""attribute-content break-words""> <div class=""flex flex-col gap-2""><p><strong>Application Area:</strong> <a href=""/application-area/eyes.list"">Eyes</a><br/><strong>Ideal for these Concerns:</strong> <a href=""/treatment/hypersensitive-skin.list"">Hypersensitive Skin</a>, <a href=""/treatment/redness.list"">Redness</a>, <a href=""/treatment/rosacea.list"">Rosacea</a><br/><strong>Eye Care:</strong> <a href=""/skin-care/eye-care/eye-treatments-serums.list"">Eye Treatments and Serums</a><br/><strong>Ingredient:</strong> <a href=""/ingredient/hyaluronic-acid.list"">Hyaluronic Acid</a><br/><strong>Preferences:</strong> <a href=""/organic-beauty/clean.list"">Clean</a>, <a href=""/fragrance/fragrance-free.list"">Fragrance-Free</a>, <a href=""/preferences/hypoallergenic.list"">Hypoallergenic</a>, <a href=""/preferences/paraben-free.list"">Paraben-Free</a><br/><strong>Skin Care:</strong> <a href=""/skin-care/eye-care.list"">Eye Care</a><br/><strong>Skin Type:</strong> <a href=""/skin-care/sensitive-skin.list"">Sensitive Skin</a></p></div> </div> </div>",Sensibio,0.5 fl. oz,https://static.thcdn.com/productimg/original/11709479-1885037197097111.jpg,86aef166-21cd-5ed8-8cee-89109a2d683f,2024-02-11 11:17:53
https://www.dermstore.com/p/pca-skin-intensive-brightening-treatment-0.5-percent-pure-retinol-night/11289086/,PCA SKIN Intensive Brightening Treatment 0.5 Pure Retinol Night (1 oz.),PCA SKIN,11289086,11289086,118.0,USD,InStock,NewCondition,3.96,24,Brands / PCA SKIN / PCA SKIN Intensive Brightening Treatment 0.5 Pure Retinol Night (1 oz.)," Rejuvenate your complexion while you slumber with the PCA Skin Intensive Brightening Treatment: 0.5% Pure Retinol Night. Working with your body's natural renewal process, this potent treatment delivers pure, potent ingredients deep within your skin to promote a clear, radiant expression. Using a patented OmniSome delivery system, retinol is absorbed into your skin. 
 The cocktail of vitamins and antioxidants promotes radiance from within while correcting environmental damage and discoloration on the surface of your skin. 
  Key Ingredients and Benefits:  
 
   Retinol:  stimulates cell turnover and renewal to smooth and soften skin 
   Resveratrol:  a potent antioxidant that encourages a bright, even skin tone 
   Niacinamide:  reduces excess oil production and lightens discoloration to brighten skin 
   Hexylresorcinol:  reduces inflammation and promotes an even skin tone 
 
  Due to a manufacturer packaging change, item received may vary from product image.  ","Water/Aqua/Eau, Isododecane, Cyclopentasiloxane, Niacinamide, Propanediol, Dimethicone, PEG-12 Glyceryl Dimyristate, Glycerin, Tapioca Starch Polymethylsilsesquioxane, Cetearyl Alcohol, Hydroxyphenoxy Propionic Acid, Pentylene Glycol, Polysilicone-11, Glyceryl Stearate, PEG-100 Stearate, Hexylresorcinol, Coco-Caprylate/ Caprate, Resveratrol, Phenoxyethanol, Retinol, Polysorbate 20, Butylene Glycol, Sodium Polyacrylate, Caprylyl Glycol, Ethylhexyl Stearate, Ammonium Acryloyldimethyltaurate/ VP Copolymer, Xanthan Gum, Chlorphenesin, Sodium Citrate, Tocopheryl Acetate, Trideceth-6, Disodium EDTA, Decyl Glucoside, Aminomethyl Propanol.
For the latest information, it is recommended to review the ingredient list printed on the packaging of the product prior to usage or consumption.","<div aria-labelledby=""Ingredients"" class=""content max-h-0 invisible translate-y-1/4 underline-hyperlink"" id=""product-description-4""> <div class=""attribute-content break-words""> <div class=""flex flex-col gap-2""><p>Water/Aqua/Eau, Isododecane, Cyclopentasiloxane, Niacinamide, Propanediol, Dimethicone, PEG-12 Glyceryl Dimyristate, Glycerin, Tapioca Starch Polymethylsilsesquioxane, Cetearyl Alcohol, Hydroxyphenoxy Propionic Acid, Pentylene Glycol, Polysilicone-11, Glyceryl Stearate, PEG-100 Stearate, Hexylresorcinol, Coco-Caprylate/ Caprate, Resveratrol, Phenoxyethanol, Retinol, Polysorbate 20, Butylene Glycol, Sodium Polyacrylate, Caprylyl Glycol, Ethylhexyl Stearate, Ammonium Acryloyldimethyltaurate/ VP Copolymer, Xanthan Gum, Chlorphenesin, Sodium Citrate, Tocopheryl Acetate, Trideceth-6, Disodium EDTA, Decyl Glucoside, Aminomethyl Propanol.</p>
<p><em><strong>For the latest information, it is recommended to review the ingredient list printed on the packaging of the product prior to usage or consumption.</strong></em></p></div> </div> </div>","In the evening only, apply a pea-sized amount after cleansing. Use twice per week, gradually increasing application frequency to every other night, and then advancing to each evening or as tolerated. Follow with the appropriate moisturizer.
Warning: Mild irritation may initially be experienced and is not a sign of a negative complication. This product is indicated for use in the evening only.
Note: It is important to wear a broad spectrum SPF during the day when using this product at night, since retinol is sun sensitizing.","<div aria-labelledby=""How-to-Use"" class=""content max-h-0 invisible translate-y-1/4 underline-hyperlink"" id=""product-description-2""> <div class=""attribute-content break-words""> <div class=""flex flex-col gap-2""><p>In the evening only, apply a pea-sized amount after cleansing. Use twice per week, gradually increasing application frequency to every other night, and then advancing to each evening or as tolerated. Follow with the appropriate moisturizer.</p>
<p><strong>Warning:</strong> Mild irritation may initially be experienced and is not a sign of a negative complication. This product is indicated for use in the evening only.</p>
<p><strong>Note:</strong> It is important to wear a broad spectrum SPF during the day when using this product at night, since retinol is sun sensitizing.</p></div> </div> </div>","Application Area: FaceIdeal for these Concerns: Free Radical Damage, HyperpigmentationHoliday: Gifts for DadHyperpigmentation: Dark SpotsIngredient: Antioxidants, Dimethicone, Niacinamide, Resveratrol, Retinol, Vitamin A, Vitamin EPreferences: Fragrance-Free, Paraben-FreeSkin Care: Skin Care TreatmentsSkin Care Treatments: Dark Spot TreatmentSkin Type: Combination Skin, Dry Skin, Normal Skin","<div aria-labelledby=""Skin-Type-&amp;-Concerns"" class=""content max-h-0 invisible translate-y-1/4 underline-hyperlink"" id=""product-description-3""> <div class=""attribute-content break-words""> <div class=""flex flex-col gap-2""><p><strong>Application Area:</strong> <a href=""/application-area/face.list"">Face</a><br/><strong>Ideal for these Concerns:</strong> <a href=""/treatment/free-radical-damage.list"">Free Radical Damage</a>, <a href=""/treatment/hyperpigmentation-treatments.list"">Hyperpigmentation</a><br/><strong>Holiday:</strong> <a href=""/gift-sets/gifts-for-dad.list"">Gifts for Dad</a><br/><strong>Hyperpigmentation:</strong> <a href=""/skin-care/treatments-serums/dark-spot-corrector.list"">Dark Spots</a><br/><strong>Ingredient:</strong> <a href=""/ingredient/antioxidants.list"">Antioxidants</a>, <a href=""/ingredient/dimethicone.list"">Dimethicone</a>, <a href=""/ingredient/niacinamide.list"">Niacinamide</a>, <a href=""/ingredient/resveratrol.list"">Resveratrol</a>, <a href=""/ingredient/retinol.list"">Retinol</a>, <a href=""/ingredient/vitamin-a.list"">Vitamin A</a>, <a href=""/ingredient/vitamin-e.list"">Vitamin E</a><br/><strong>Preferences:</strong> <a href=""/fragrance/fragrance-free.list"">Fragrance-Free</a>, <a href=""/preferences/paraben-free.list"">Paraben-Free</a><br/><strong>Skin Care:</strong> <a href=""/skin-care/treatments-serums.list"">Skin Care Treatments</a><br/><strong>Skin Care Treatments:</strong> <a href=""/skin-care/treatments-serums/dark-spot-corrector.list"">Dark Spot Treatment</a><br/><strong>Skin Type:</strong> <a href=""/skin-care/combination-skin.list"">Combination Skin</a>, <a href=""/skin-care/dry-skin.list"">Dry Skin</a>, <a href=""/skin-care/normal-skin.list"">Normal Skin</a></p></div> </div> </div>",,,"https://static.thcdn.com/productimg/original/11289086-7025128934720667.jpg, https://static.thcdn.com/productimg/original/11289086-1915129695105392.jpg, https://static.thcdn.com/productimg/original/11289086-6545129697174465.jpg, https://static.thcdn.com/productimg/original/11289086-1455129697204408.jpg, https://static.thcdn.com/productimg/original/11289086-1305129695128180.jpg, https://static.thcdn.com/productimg/original/11289086-1975129697225924.jpg, https://static.thcdn.com/productimg/original/11289086-1525129695158996.jpg, https://static.thcdn.com/productimg/original/11289086-1835129695180851.jpg",07b5ed21-cd4c-52b9-9937-c7f45f07385c,2024-02-11 11:17:56
https://www.dermstore.com/p/kevyn-aucoin-the-neo-bronzer-6.8g-various-shades/12055419/,Kevyn Aucoin The Neo-Bronzer (0.2 oz.),Kevyn Aucoin,12055419,12055419,40.0,USD,InStock,NewCondition,3,2,Brands / Kevyn Aucoin / Kevyn Aucoin The Neo-Bronzer (0.2 oz.)," Summer may only come once a year, but the versatile, 3-in-1 Neo-Bronzer from Kevyn Aucoin keeps that healthy glow going year-round. From a scale of naturally sun-kissed to tropically bronzed, the trio palette gives you the option to use as you please with a combination of highlighting and bronzing shades in a smooth, gradient finish. The finely milled, light-diffusing pigments enhance all complexions and skin tones, maximizing skin’s radiance with pure warmth—like you just spent a day at the beach. 
  Key Benefits:  
 
  Highlighter, blush, and bronzer all in one smooth gradient finish 
  Can be used individually, or blended together for a customized, bronzed glow 
  Can also be used to sculpt 
 
  Sundown Deep has a matte finish.  ","Mica, Talc, Octyldodecanol, Magnesium Stearate, Octyldodecyl Stearoyl Stearate, Phenoxyethanol, Bis-Diglyceryl Polyacyladipate-2, Caprylyl Glycol, Simmondsia Chinensis (Jojoba) Seed Oil, Tocopheryl Acetate, Tin Oxide. May Contain / Peut Contenir (+/-): Titanium Dioxide (Ci 77891), Iron Oxides/Oxides De Fer (Ci 77491, Ci 77492, Ci 77499). Mica, Talc, Octyldodecanol, Magnesium Stearate, Octyldodecyl Stearoyl Stearate, Phenoxyethanol, Bis-Diglyceryl Polyacyladipate-2, Caprylyl Glycol, Simmondsia Chinensis (Jojoba) Seed Oil, Tocopheryl Acetate. May Contain / Peut Contenir (+/-): Iron Oxides/Oxides De Fer (Ci 77491, Ci 77492, Ci 77499).
For the latest information, it is recommended to review the ingredient list printed on the packaging of the product prior to usage or consumption.","<div aria-labelledby=""Ingredients"" class=""content max-h-0 invisible translate-y-1/4 underline-hyperlink"" id=""product-description-3""> <div class=""attribute-content break-words""> <div class=""flex flex-col gap-2""><p>Mica, Talc, Octyldodecanol, Magnesium Stearate, Octyldodecyl Stearoyl Stearate, Phenoxyethanol, Bis-Diglyceryl Polyacyladipate-2, Caprylyl Glycol, Simmondsia Chinensis (Jojoba) Seed Oil, Tocopheryl Acetate, Tin Oxide. May Contain / Peut Contenir (+/-): Titanium Dioxide (Ci 77891), Iron Oxides/Oxides De Fer (Ci 77491, Ci 77492, Ci 77499). Mica, Talc, Octyldodecanol, Magnesium Stearate, Octyldodecyl Stearoyl Stearate, Phenoxyethanol, Bis-Diglyceryl Polyacyladipate-2, Caprylyl Glycol, Simmondsia Chinensis (Jojoba) Seed Oil, Tocopheryl Acetate. May Contain / Peut Contenir (+/-): Iron Oxides/Oxides De Fer (Ci 77491, Ci 77492, Ci 77499).</p>
<p><em><strong>For the latest information, it is recommended to review the ingredient list printed on the packaging of the product prior to usage or consumption.</strong></em></p></div> </div> </div>","Swipe all three colors from the Kevyn Aucoin Neo Bronzer together with The Fan Brush for the illusion of naturally tanned skin. Or, use them individually to achieve the perfect, custom blended sun-kissed look.","<div aria-labelledby=""How-to-Use"" class=""content max-h-0 invisible translate-y-1/4 underline-hyperlink"" id=""product-description-1""> <div class=""attribute-content break-words""> <div class=""flex flex-col gap-2""><p>Swipe all three colors from the Kevyn Aucoin Neo Bronzer together with The Fan Brush for the illusion of naturally tanned skin. Or, use them individually to achieve the perfect, custom blended sun-kissed look.<br/></p></div> </div> </div>","Application Area: Cheeks, FaceFace Makeup: Face BronzerFinish: Matte, ShimmerIngredient: Jojoba, Mica, Titanium Dioxide, Vitamin EMakeup: Face MakeupPreferences: Paraben-Free, Phthalate-Free, Sulfate-Free","<div aria-labelledby=""Skin-Type-&amp;-Concerns"" class=""content max-h-0 invisible translate-y-1/4 underline-hyperlink"" id=""product-description-2""> <div class=""attribute-content break-words""> <div class=""flex flex-col gap-2""><p><strong>Application Area:</strong> <a href=""/application-area/cheeks.list"">Cheeks</a>, <a href=""/application-area/face.list"">Face</a><br/><strong>Face Makeup:</strong> <a href=""/makeup/face-makeup/face-bronzer.list"">Face Bronzer</a><br/><strong>Finish:</strong> <a href=""/makeup/matte.list"">Matte</a>, <a href=""/makeup/shimmer.list"">Shimmer</a><br/><strong>Ingredient:</strong> <a href=""/ingredient/jojoba.list"">Jojoba</a>, <a href=""/ingredient/mica.list"">Mica</a>, <a href=""/ingredient/titanium-dioxide.list"">Titanium Dioxide</a>, <a href=""/ingredient/vitamin-e.list"">Vitamin E</a><br/><strong>Makeup:</strong> <a href=""/makeup/face-makeup.list"">Face Makeup</a><br/><strong>Preferences:</strong> <a href=""/preferences/paraben-free.list"">Paraben-Free</a>, <a href=""/preferences/phthalate-free.list"">Phthalate-Free</a>, <a href=""/preferences/sulfate-free.list"">Sulfate-Free</a></p></div> </div> </div>",,0.2 oz,https://static.thcdn.com/productimg/original/12055419-1234895689129869.jpg,09e81b05-02cf-5127-b0f6-6bde93e3e373,2024-02-11 11:17:56
https://www.dermstore.com/p/grande-cosmetics-peace-love-and-grande/15468151/,"GRANDE Cosmetics Grande Peace, Love, & Grande (Worth $166)",GRANDE Cosmetics,15468151,15468151,95.0,USD,InStock,NewCondition,,,"Brands / Grande Cosmetics / GRANDE Cosmetics Grande Peace, Love, & Grande (Worth $166)"," Love yourself and let the real you shine. Your lashes and brows will be making a comeback with our iconic GrandeLASH-MD Enhancing Serum &amp; GrandeMASCARA Conditioning Peptide Mascara for stronger, longer-looking lashes, and travel-size GrandeBROW Enhancing Serum for bolder-looking brows. 
  Key Ingredients:  
  GrandeLASH-MD : Radish Root Ferment: peptide-packed for conditioning properties 
  GrandeBROW: &nbsp;Vitamin E: an essential vitamin to support brow health 
  GrandeMASCARA: &nbsp;Myristoyl Pentapeptide-17: helps to strengthen and fortify for healthier looking lashes ","GrandeLASH-MD: Water/Aqua/Eau, Panthenol, Glycerin, Sodium Citrate, Leuconostoc/Radish Root Ferment Filtrate, Alanine, Alcohol, Aloe Barbadensis Leaf Juice, Arctostaphylos Uva URSI Leaf Extract, Arginine, Aspartic Acid, Calcium Gluconate, Caprylyl Glycol, Chamomilla Recutita (Metricaria) Flower Extract, Ethylhexylglycerin, Gluconolactone, Glycine, Hexylene Glycol, Histidine, Honey Extract/Mel/Extrait de Miel, Hydrolyzed Glycosaminoglycans, Hydrolyzed Yeast Extract, Hydroxyethylcellulose, Isoleucine, Isopropyl Cloprostenate (an analog of prostaglandin) , Magnesium Ascorbyl Phosphate, Panax Ginseng Root Extract, PCA, Phenylalanine, Polysorbate 20, Proline, Propylene Glycol, Serine, Sodium Hyaluronate, Sodium Lactate, Sodium PCA, Threonine, Tocopheryl Acetate, Triethanolamine, Tussilago Farfara (Coltsfoot) Leaf Extract, Valine, Vitis Vinifera (Grape) Seed Extract, Phenoxyethanol, Sodium Benzoate, Sodium Metabisulfite
GrandeBROW: Water/Aqua/Eau, Panthenol, Glycerin, Sodium Citrate, Leuconostoc/Radish Root Ferment Filtrate, Alanine, Alcohol, Aloe Barbadensis Leaf Juice, Arctostaphylos Uva Ursi Leaf Extract, Arginine, Aspartic Acid, Calcium Gluconate, Caprylyl Glycol, Chamomilla Recutita (Metricaria) Flower Extract, Ethylhexylglycerin, Gluconolactone, Glycine, Hexylene Glycol, Histidine, Honey Extract/Mel/Extrait de Miel, Hydrolyzed Glycosaminoglycans, Hydrolyzed Yeast Extract, Hydroxyethylcellulose, Isoleucine, Isopropyl Cloprostenate (an analog of prostaglandin), Magnesium Ascorbyl Phosphate, Panax Ginseng Root Extract, PCA, Phenylalanine, Polysorbate 20, Proline, Propylene Glycol, Serine, Sodium Hyaluronate, Sodium Lactate, Sodium PCA, Threonine, Tocopheryl Acetate, Triethanolamine, Tussilago Farfara (Coltsfoot) Leaf Extract, Valine, Vitis Vinifera (Grape) Seed Extract, Phenoxyethanol, Sodium Benzoate, Sodium Metabisulfite
For the latest information, it is recommended to review the ingredient list printed on the packaging of the product prior to usage or consumption.","<div aria-labelledby=""Ingredients"" class=""content max-h-0 invisible translate-y-1/4 underline-hyperlink"" id=""product-description-2""> <div class=""attribute-content break-words""> <div class=""flex flex-col gap-2""><p><strong>GrandeLASH-MD:</strong> Water/Aqua/Eau, Panthenol, Glycerin, Sodium Citrate, Leuconostoc/Radish Root Ferment Filtrate, Alanine, Alcohol, Aloe Barbadensis Leaf Juice, Arctostaphylos Uva URSI Leaf Extract, Arginine, Aspartic Acid, Calcium Gluconate, Caprylyl Glycol, Chamomilla Recutita (Metricaria) Flower Extract, Ethylhexylglycerin, Gluconolactone, Glycine, Hexylene Glycol, Histidine, Honey Extract/Mel/Extrait de Miel, Hydrolyzed Glycosaminoglycans, Hydrolyzed Yeast Extract, Hydroxyethylcellulose, Isoleucine, Isopropyl Cloprostenate (an analog of prostaglandin) , Magnesium Ascorbyl Phosphate, Panax Ginseng Root Extract, PCA, Phenylalanine, Polysorbate 20, Proline, Propylene Glycol, Serine, Sodium Hyaluronate, Sodium Lactate, Sodium PCA, Threonine, Tocopheryl Acetate, Triethanolamine, Tussilago Farfara (Coltsfoot) Leaf Extract, Valine, Vitis Vinifera (Grape) Seed Extract, Phenoxyethanol, Sodium Benzoate, Sodium Metabisulfite</p>
<p><strong>GrandeBROW:</strong> Water/Aqua/Eau, Panthenol, Glycerin, Sodium Citrate, Leuconostoc/Radish Root Ferment Filtrate, Alanine, Alcohol, Aloe Barbadensis Leaf Juice, Arctostaphylos Uva Ursi Leaf Extract, Arginine, Aspartic Acid, Calcium Gluconate, Caprylyl Glycol, Chamomilla Recutita (Metricaria) Flower Extract, Ethylhexylglycerin, Gluconolactone, Glycine, Hexylene Glycol, Histidine, Honey Extract/Mel/Extrait de Miel, Hydrolyzed Glycosaminoglycans, Hydrolyzed Yeast Extract, Hydroxyethylcellulose, Isoleucine, Isopropyl Cloprostenate (an analog of prostaglandin), Magnesium Ascorbyl Phosphate, Panax Ginseng Root Extract, PCA, Phenylalanine, Polysorbate 20, Proline, Propylene Glycol, Serine, Sodium Hyaluronate, Sodium Lactate, Sodium PCA, Threonine, Tocopheryl Acetate, Triethanolamine, Tussilago Farfara (Coltsfoot) Leaf Extract, Valine, Vitis Vinifera (Grape) Seed Extract, Phenoxyethanol, Sodium Benzoate, Sodium Metabisulfite</p>
<p><em><strong>For the latest information, it is recommended to review the ingredient list printed on the packaging of the product prior to usage or consumption.</strong></em></p></div> </div> </div>","GrandeLASH-MD: As with all cosmetic products used in the area of the eye (or close proximity to the eye), it is important to carefully read all directions and warnings.
Carefully apply GrandeLASH-MD once daily on a clean, dry upper lash line only using a single stroke on your eyelid just above your upper lash line (like a liquid eyeliner). Do not apply to the lower lash line. Apply only with the product applicator provided. Use one dip into the bottle for both upper lash lines and allow 2-3 minutes for the serum to fully dry before lying down or applying other products to your eye area. Use sparingly.
If serum gets into the eye, immediately rinse thoroughly with cool water to completely remove serum from the eye. Apply every day for a full 3 months. After desired improvement is achieved, apply every other day for maintenance. GrandeLASH-MD requires continued use to maintain benefits.
This cosmetic product contains (a small amount of) isopropyl cloprostenate, an analog of prostaglandin. It is important to use the product as instructed so that it does not get into the eye. As instructed in the directions for application, if product does come into contact with the eye, immediately rinse thoroughly with cool water to completely remove the cosmetic serum from the eye. If redness, irritation or other unwanted effects occur, stop using product immediately. If symptoms persist, seek medical attention.
GrandeBROW: As with all cosmetic products used in the area of the eye (or close proximity to the eye), it is important to carefully read all directions and warnings.
Carefully apply GrandeBROW once daily on a clean, dry brow to the natural shape of your brow, concentrating on sparse, thinning or over-plucked areas. Apply only with the product applicator provided. Allow 2-3 minutes for the serum to fully dry before applying other products to your brow or eye area. If serum gets into the eye, immediately rinse thoroughly with cool water to completely remove serum from the eye. Apply every day for a full 4 months.
After desired improvement is achieved, apply every other day for maintenance. GrandeBROW requires continued use to maintain benefits.
This cosmetic product contains (a small amount of) isopropyl cloprostenate, an analog of prostaglandin. It is important to use the product as instructed so that it does not get into the eye. As instructed in the directions for application, if product does come into contact with the eye, immediately rinse thoroughly with cool water to completely remove the cosmetic serum from the eye. If redness, irritation or other unwanted effects occur, stop using product immediately. If symptoms persist, seek medical attention.","<div aria-labelledby=""How-to-Use"" class=""content max-h-0 invisible translate-y-1/4 underline-hyperlink"" id=""product-description-1""> <div class=""attribute-content break-words""> <div class=""flex flex-col gap-2""><p><strong>GrandeLASH-MD:</strong> As with all cosmetic products used in the area of the eye (or close proximity to the eye), it is important to carefully read all directions and warnings.</p>
<p>Carefully apply GrandeLASH-MD once daily on a clean, dry upper lash line only using a single stroke on your eyelid just above your upper lash line (like a liquid eyeliner). Do not apply to the lower lash line. Apply only with the product applicator provided. Use one dip into the bottle for both upper lash lines and allow 2-3 minutes for the serum to fully dry before lying down or applying other products to your eye area. Use sparingly.</p>
<p>If serum gets into the eye, immediately rinse thoroughly with cool water to completely remove serum from the eye. Apply every day for a full 3 months. After desired improvement is achieved, apply every other day for maintenance. GrandeLASH-MD requires continued use to maintain benefits.</p>
<p>This cosmetic product contains (a small amount of) isopropyl cloprostenate, an analog of prostaglandin. It is important to use the product as instructed so that it does not get into the eye. As instructed in the directions for application, if product does come into contact with the eye, immediately rinse thoroughly with cool water to completely remove the cosmetic serum from the eye. If redness, irritation or other unwanted effects occur, stop using product immediately. If symptoms persist, seek medical attention.</p>
<p><strong>GrandeBROW:</strong> As with all cosmetic products used in the area of the eye (or close proximity to the eye), it is important to carefully read all directions and warnings.</p>
<p>Carefully apply GrandeBROW once daily on a clean, dry brow to the natural shape of your brow, concentrating on sparse, thinning or over-plucked areas. Apply only with the product applicator provided. Allow 2-3 minutes for the serum to fully dry before applying other products to your brow or eye area. If serum gets into the eye, immediately rinse thoroughly with cool water to completely remove serum from the eye. Apply every day for a full 4 months.</p>
<p>After desired improvement is achieved, apply every other day for maintenance. GrandeBROW requires continued use to maintain benefits.</p>
<p>This cosmetic product contains (a small amount of) isopropyl cloprostenate, an analog of prostaglandin. It is important to use the product as instructed so that it does not get into the eye. As instructed in the directions for application, if product does come into contact with the eye, immediately rinse thoroughly with cool water to completely remove the cosmetic serum from the eye. If redness, irritation or other unwanted effects occur, stop using product immediately. If symptoms persist, seek medical attention.</p></div> </div> </div>",,,,,https://static.thcdn.com/productimg/original/15468151-1035170890418419.jpg,a0d50f24-5277-5c75-b761-d8dff9090b06,2024-02-11 11:17:59
https://www.dermstore.com/p/dhc-coq10-face-milk-100ml/11207519/,DHC CoQ10 Face Milk (3.3 fl. oz.),DHC,11207519,11207519,42.0,USD,InStock,NewCondition,4.57,7,Brands / DHC / DHC CoQ10 Face Milk (3.3 fl. oz.)," Antioxidant-infused facial milk moisturizes, promotes firm-looking skin and helps protect against free radicals. This lightweight, daily moisturizer is formulated with organic olive oil, collagen, and sodium hyaluronate to hydrate and protect skin's natural moisture barrier. Skin is left soft, supple and radiant. 
 In the Japanese beauty culture, few antioxidants are considered as powerful as Coenzyme Q10 in promoting skin's integrity and youthful appearance. This powerhouse ingredient fights free radicals and environmental stressors that can accelerate the visible signs of aging. 
 Ideal for all skin types, including mature. ","Water/Aqua/Eau, Glycerin, Butylene Glycol, Olea Europaea (Olive) Fruit Oil, Pentylene Glycol, Squalane, Hydrogenated Lecithin, Polyglyceryl-10 Myristate, Aloe Barbadensis Leaf Juice, Ubiquinone, Carbomer, Tocopherol, Potassium Hydroxide, Ascorbyl Tetraisopalmitate, Dipotassium Glycyrrhizate, Serine, Xanthan Gum, Carboxymethyl Chitosan Succinamide, Biotin, Olea Europaea (Olive) Leaf Extract, Sodium Hyaluronate, Soluble Collagen, Phenoxyethanol
For the latest information, it is recommended to review the ingredient list printed on the packaging of the product prior to usage or consumption.","<div aria-labelledby=""Ingredients"" class=""content max-h-0 invisible translate-y-1/4 underline-hyperlink"" id=""product-description-3""> <div class=""attribute-content break-words""> <div class=""flex flex-col gap-2""><p>Water/Aqua/Eau, Glycerin, Butylene Glycol, Olea Europaea (Olive) Fruit Oil, Pentylene Glycol, Squalane, Hydrogenated Lecithin, Polyglyceryl-10 Myristate, Aloe Barbadensis Leaf Juice, Ubiquinone, Carbomer, Tocopherol, Potassium Hydroxide, Ascorbyl Tetraisopalmitate, Dipotassium Glycyrrhizate, Serine, Xanthan Gum, Carboxymethyl Chitosan Succinamide, Biotin, Olea Europaea (Olive) Leaf Extract, Sodium Hyaluronate, Soluble Collagen, Phenoxyethanol</p>
<p><em><strong>For the latest information, it is recommended to review the ingredient list printed on the packaging of the product prior to usage or consumption.</strong></em></p></div> </div> </div>","After toning, dispense and smooth evenly over face. For best results, use with other products in the CoQ10 line.","<div aria-labelledby=""How-to-Use"" class=""content max-h-0 invisible translate-y-1/4 underline-hyperlink"" id=""product-description-1""> <div class=""attribute-content break-words""> <div class=""flex flex-col gap-2""><p>After toning, dispense and smooth evenly over face. For best results, use with other products in the CoQ10 line.</p></div> </div> </div>","Aging Skin: Loss of FirmnessApplication Area: FaceIdeal for these Concerns: Aging Skin, Free Radical DamageIngredient: Aloe Vera, Antioxidants, Coenzyme Q10, Hyaluronic Acid, Olive Oil, Vitamin C, Vitamin EMoisturizers: Face MoisturizerPreferences: Natural, Paraben-FreeSkin Care: MoisturizersSkin Type: Acne-Prone Skin, Combination Skin, Dry Skin, Mature Skin, Normal Skin, Oily Skin, Sensitive Skin","<div aria-labelledby=""Skin-Type-&amp;-Concerns"" class=""content max-h-0 invisible translate-y-1/4 underline-hyperlink"" id=""product-description-2""> <div class=""attribute-content break-words""> <div class=""flex flex-col gap-2""><p><strong>Aging Skin:</strong> <a href=""/treatment/loss-of-firmness.list"">Loss of Firmness</a><br/><strong>Application Area:</strong> <a href=""/application-area/face.list"">Face</a><br/><strong>Ideal for these Concerns:</strong> <a href=""/skin-care/skin-care-treatments/anti-aging-products.list"">Aging Skin</a>, <a href=""/treatment/free-radical-damage.list"">Free Radical Damage</a><br/><strong>Ingredient:</strong> <a href=""/ingredient/aloe-vera.list"">Aloe Vera</a>, <a href=""/ingredient/antioxidants.list"">Antioxidants</a>, <a href=""/ingredient/coenzyme-q10.list"">Coenzyme Q10</a>, <a href=""/ingredient/hyaluronic-acid.list"">Hyaluronic Acid</a>, <a href=""/ingredient/olive-oil.list"">Olive Oil</a>, <a href=""/ingredient/vitamin-c.list"">Vitamin C</a>, <a href=""/ingredient/vitamin-e.list"">Vitamin E</a><br/><strong>Moisturizers:</strong> <a href=""/skin-care/moisturizers/face-moisturizer.list"">Face Moisturizer</a><br/><strong>Preferences:</strong> <a href=""/organic-beauty/natural.list"">Natural</a>, <a href=""/preferences/paraben-free.list"">Paraben-Free</a><br/><strong>Skin Care:</strong> <a href=""/skin-care/moisturizers.list"">Moisturizers</a><br/><strong>Skin Type:</strong> <a href=""/skin-care/acne-prone-skin.list"">Acne-Prone Skin</a>, <a href=""/skin-care/combination-skin.list"">Combination Skin</a>, <a href=""/skin-care/dry-skin.list"">Dry Skin</a>, <a href=""/skin-care/mature-skin.list"">Mature Skin</a>, <a href=""/skin-care/normal-skin.list"">Normal Skin</a>, <a href=""/skin-care/oily-skin.list"">Oily Skin</a>, <a href=""/skin-care/sensitive-skin.list"">Sensitive Skin</a></p></div> </div> </div>",Coenzyme Q10,100ml,"https://static.thcdn.com/productimg/original/11207519-2974867642196049.jpg, https://static.thcdn.com/productimg/original/11207519-1924859310025605.jpg, https://static.thcdn.com/productimg/original/11207519-1644859310056418.jpg, https://static.thcdn.com/productimg/original/11207519-1194859310098133.jpg, https://static.thcdn.com/productimg/original/11207519-1084859310138642.jpg, https://static.thcdn.com/productimg/original/11207519-1544859310173388.jpg",c9df64c1-fc99-576d-ba3e-e3170a8833ad,2024-02-11 11:18:00
https://www.dermstore.com/p/estee-lauder-advanced-night-repair-rescue-solution-serum-with-15-bifidus-ferment-20ml/14866367/,Estée Lauder Advanced Night Repair Rescue Solution Serum with 15% Bifidus Ferment 20ml,Estée Lauder,14866367,14866367,82.0,USD,OutOfStock,NewCondition,,,Brands / Estée Lauder / Estée Lauder Advanced Night Repair Rescue Solution Serum with 15% Bifidus Ferment 20ml," A fast-absorbing formula by Estée Lauder, developed to cool and visibly calm the complexion. The Advanced Night Repair Rescue Solution Serum with 15% Bifidus Ferment lends soothing benefits to sensitive skin,&nbsp;while hydrating and nourishing to result in long-lasting radiance. 
 Powered by 15% bifidus ferment, the serum protects against feelings of dryness and discomfort, supporting the skin’s moisture barrier for a healthy-looking finish. Yeast extract works to diminish the appearance of redness and discoloration, while Tripeptide-32, the brand’s patented ingredient, encourages a visibly renewed and refreshed result. Ultra-lightweight, apply the&nbsp;liquid serum after cleansing to get the most from subsequent steps. ","Water\Aqua\Eau, Bifida Ferment Lysate, Peg-8, Butylene Glycol, Glycerin, Polysorbate 80, Bis-Peg-18 Methyl Ether Dimethyl Silane, Tripeptide-32, Hydrolyzed Yeast Protein, Lactobacillus Ferment, Sodium Hyaluronate, Caffeine, Hypnea Musciformis Extract, Citrullus Lanatus (Watermelon) Fruit Extract, Lens Esculenta (Lentil) Fruit Extract, Pyrus Malus (Apple) Fruit Extract, Magnolia Grandiflora Bark Extract, Polygonum Cuspidatum Root Extract, Poria Cocos Sclerotium Extract, Silybum Marianum (Lady'S Thistle) Extract, Sapindus Mukorossi Fruit Extract, Anthemis Nobilis (Chamomile) Flower Extract, Sodium Lactate, Ethylhexylglycerin, Potassium Gluconate, Sodium Pca, Caesalpinia Spinosa Gum, Sucrose, Caprylyl Glycol, Hexylene Glycol, Carbomer, Xanthan Gum, Ppg-6-Decyltetradeceth-30, Ppg-5-Ceteth-20, Bht, Disodium Edta, Sodium Hydroxide, Potassium Sorbate, Phenoxyethanol, Sodium Benzoate, Red 4 (Ci 14700), Yellow 5 (Ci 19140) <ILN51256>.","<div aria-labelledby=""Ingredients"" class=""content max-h-0 invisible translate-y-1/4 underline-hyperlink"" id=""product-description-2""> <div class=""attribute-content break-words""> <div class=""flex flex-col gap-2""><p>Water\Aqua\Eau, Bifida Ferment Lysate, Peg-8, Butylene Glycol, Glycerin, Polysorbate 80, Bis-Peg-18 Methyl Ether Dimethyl Silane, Tripeptide-32, Hydrolyzed Yeast Protein, Lactobacillus Ferment, Sodium Hyaluronate, Caffeine, Hypnea Musciformis Extract, Citrullus Lanatus (Watermelon) Fruit Extract, Lens Esculenta (Lentil) Fruit Extract, Pyrus Malus (Apple) Fruit Extract, Magnolia Grandiflora Bark Extract, Polygonum Cuspidatum Root Extract, Poria Cocos Sclerotium Extract, Silybum Marianum (Lady'S Thistle) Extract, Sapindus Mukorossi Fruit Extract, Anthemis Nobilis (Chamomile) Flower Extract, Sodium Lactate, Ethylhexylglycerin, Potassium Gluconate, Sodium Pca, Caesalpinia Spinosa Gum, Sucrose, Caprylyl Glycol, Hexylene Glycol, Carbomer, Xanthan Gum, Ppg-6-Decyltetradeceth-30, Ppg-5-Ceteth-20, Bht, Disodium Edta, Sodium Hydroxide, Potassium Sorbate, Phenoxyethanol, Sodium Benzoate, Red 4 (Ci 14700), Yellow 5 (Ci 19140) &lt;ILN51256&gt;.</p></div> </div> </div>","☼ AM / ☽ PM​
When to Use: ​After cleansing, before serums.
Application:​ Apply to the face and neck.","<div aria-labelledby=""How-to-Use"" class=""content max-h-0 invisible translate-y-1/4 underline-hyperlink"" id=""product-description-1""> <div class=""attribute-content break-words""> <div class=""flex flex-col gap-2""><ul>
<li>☼ AM / ☽ PM​</li>
<li>When to Use: ​After cleansing, before serums.</li>
<li>Application:​ Apply to the face and neck.</li>
</ul></div> </div> </div>",,,Advanced Night Repair,20ml,"https://static.thcdn.com/productimg/original/14866367-1345066989746597.jpg, https://static.thcdn.com/productimg/original/14866367-1905078104714383.jpg, https://static.thcdn.com/productimg/original/14866367-1795078104764591.jpg, https://static.thcdn.com/productimg/original/14866367-1285189037373458.jpg, https://static.thcdn.com/productimg/original/14866367-3745189037405057.jpg, https://static.thcdn.com/productimg/original/14866367-2345189037429345.jpg",525033ae-2a85-5779-a6fe-8ecada6eaa06,2024-02-11 11:18:03
https://www.dermstore.com/p/glo-skin-beauty-under-eye-concealer-3.1g-various-shades/11912265/,Glo Skin Beauty Under Eye Concealer (0.11 oz.),Glo Skin Beauty,11912265,11912265,35.0,USD,InStock,NewCondition,4.79,38,Brands / Glo Skin Beauty / Glo Skin Beauty Under Eye Concealer (0.11 oz.),"  What it is:  
 Correct, conceal, protect, and brighten the under eye area with this mineral pigment powered under eye concealer duo. Creamy, longwearing concealer expertly lifts and corrects any unwanted tones and texture, with a nourishing formulation. 
  What it does:  
 Featuring two shades—a lighter to brighten and illuminate and a darker to blur and correct, this concealer duo is infused with antioxidants to protect and soothe, while imparting natural color in a semi-matte finish. Creating a “your skin but better” effect, each shade is buildable from medium to full coverage. 
 Suitable for all skin types. 
 Vegan, Cruelty Free, Gluten Free, Talc Free, Paraben Free, Sulfate Free, Phthalate Free. ","Caprylic/Capric Triglyceride, Octyldodecanol, Euphorbia Cerifera (Candelilla) Wax, Copernicia Cerifera (Carnauba) Wax, Disteardimonium Hectorite, Propylene Carbonate, Jojoba Esters, Polyethylene, Tocopherol (Vitamin E), Retinyl Palmitate (Vitamin A), Ascorbyl Palmitate (Vitamin C), Carthamus Tinctorius (Safflower) Seed Oil, Camellia Oleifera (Green Tea) Leaf Extract, Phenoxyethanol, (+/-): Titanium Dioxide (CI 77891), Iron Oxides (CI 77492, CI 77491, CI 77499), Zinc Oxide (CI 77947)
For the latest information, it is recommended to review the ingredient list printed on the packaging of the product prior to usage or consumption.","<div aria-labelledby=""Ingredients"" class=""content max-h-0 invisible translate-y-1/4 underline-hyperlink"" id=""product-description-3""> <div class=""attribute-content break-words""> <div class=""flex flex-col gap-2""><p>Caprylic/Capric Triglyceride, Octyldodecanol, Euphorbia Cerifera (Candelilla) Wax, Copernicia Cerifera (Carnauba) Wax, Disteardimonium Hectorite, Propylene Carbonate, Jojoba Esters, Polyethylene, Tocopherol (Vitamin E), Retinyl Palmitate (Vitamin A), Ascorbyl Palmitate (Vitamin C), Carthamus Tinctorius (Safflower) Seed Oil, Camellia Oleifera (Green Tea) Leaf Extract, Phenoxyethanol, (+/-): Titanium Dioxide (CI 77891), Iron Oxides (CI 77492, CI 77491, CI 77499), Zinc Oxide (CI 77947)</p>
<p><em><strong>For the latest information, it is recommended to review the ingredient list printed on the packaging of the product prior to usage or consumption.</strong></em></p></div> </div> </div>","After foundation application, apply a small amount with desired brush to under eyes and on any areas of discoloration.","<div aria-labelledby=""How-to-Use"" class=""content max-h-0 invisible translate-y-1/4 underline-hyperlink"" id=""product-description-1""> <div class=""attribute-content break-words""> <div class=""flex flex-col gap-2""><p>After foundation application, apply a small amount with desired brush to under eyes and on any areas of discoloration.</p></div> </div> </div>","Acne: WhiteheadsApplication Area: EyesIdeal for these Concerns: Acne, Dark Circles, HyperpigmentationCoverage: BuildableEye Makeup: Eye ConcealerMakeup: Eye MakeupPreferences: Certified Cruelty-Free","<div aria-labelledby=""Skin-Type-&amp;-Concerns"" class=""content max-h-0 invisible translate-y-1/4 underline-hyperlink"" id=""product-description-2""> <div class=""attribute-content break-words""> <div class=""flex flex-col gap-2""><p><strong>Acne:</strong> <a href=""/treatment/whiteheads.list"">Whiteheads</a><br/><strong>Application Area:</strong> <a href=""/application-area/eyes.list"">Eyes</a><br/><strong>Ideal for these Concerns:</strong> <a href=""/skin-care/skin-care-treatments/acne-clearing-products.list"">Acne</a>, <a href=""/skin-care/treatments-serums/dark-circles.list"">Dark Circles</a>, <a href=""/treatment/hyperpigmentation-treatments.list"">Hyperpigmentation</a><br/><strong>Coverage:</strong> <a href=""/makeup/buildable.list"">Buildable</a><br/><strong>Eye Makeup:</strong> <a href=""/makeup/eyes/eye-concealer.list"">Eye Concealer</a><br/><strong>Makeup:</strong> <a href=""/makeup/eyes.list"">Eye Makeup</a><br/><strong>Preferences:</strong> <a href=""/cruelty-free.list"">Certified Cruelty-Free</a></p></div> </div> </div>",,0.11 oz,https://static.thcdn.com/productimg/original/11912265-2084868154343983.jpg,c5846ad3-ff0e-5581-8a89-d2efdd481c99,2024-02-11 11:18:07
https://www.dermstore.com/p/christophe-robin-night-recovery-cream-with-white-lotus-flower-150ml/12642445/,Christophe Robin Night Recovery Cream with White Lotus Flower 150ml,Christophe Robin,12642445,12642445,35.0,USD,InStock,NewCondition,,,Brands / Christophe Robin / Christophe Robin Night Recovery Cream with White Lotus Flower 150ml," This richly cocooning treatment complements natural night-time rest and renewal. It optimises hair strength from within so dry, weakened lengths feel fortified and more resistant to daily damage. In the morning, hair feels restored, beautifully supple with noticeable body and bounce.&nbsp; ","Aqua/Water/Eau, Cetearyl Alcohol, Cocos Nucifera (Coconut) Oil, Shea Butter Ethyl Esters, Butyrospermum Parkii (Shea) Butter, Glycerin, Glyceryl Stearate Se, Theobroma Cacao (Cocoa) Seed Butter, Stearamidopropyl Dimethylamine, Ricinus Communis (Castor) Seed Oil, Hydroxypropylgluconamide, Panthenol, Polyquaternium-37, Sodium Benzoate, Hydroxypropylammonium Gluconate, Fragrance (Parfum), Lactic Acid, Linum Usitatissimum (Linseed) Seed Oil, Oenothera Biennis (Evening Primrose) Oil, Behentrimonium Chloride, Potassium Sorbate, Triticum Vulgare (Wheat) Protein, Isopropyl Alcohol, Linalool, Benzyl Alcohol, Tartaric Acid, Benzoic Acid, Hibiscus Sabdariffa Flower Extract, Coumarin, Limonene, Gardenia Taitensis Flower, 1,2-hexanediol, Caprylyl Glycol, Geraniol, Nymphaea Alba Flower Extract, Sodium Hydroxide, Phenoxyethanol, Tocopherol.","<div aria-labelledby=""Ingredients"" class=""content max-h-0 invisible translate-y-1/4 underline-hyperlink"" id=""product-description-2""> <div class=""attribute-content break-words""> <div class=""flex flex-col gap-2""><p>Aqua/Water/Eau, Cetearyl Alcohol, Cocos Nucifera (Coconut) Oil, Shea Butter Ethyl Esters, Butyrospermum Parkii (Shea) Butter, Glycerin, Glyceryl Stearate Se, Theobroma Cacao (Cocoa) Seed Butter, Stearamidopropyl Dimethylamine, Ricinus Communis (Castor) Seed Oil, Hydroxypropylgluconamide, Panthenol, Polyquaternium-37, Sodium Benzoate, Hydroxypropylammonium Gluconate, Fragrance (Parfum), Lactic Acid, Linum Usitatissimum (Linseed) Seed Oil, Oenothera Biennis (Evening Primrose) Oil, Behentrimonium Chloride, Potassium Sorbate, Triticum Vulgare (Wheat) Protein, Isopropyl Alcohol, Linalool, Benzyl Alcohol, Tartaric Acid, Benzoic Acid, Hibiscus Sabdariffa Flower Extract, Coumarin, Limonene, Gardenia Taitensis Flower, 1,2-hexanediol, Caprylyl Glycol, Geraniol, Nymphaea Alba Flower Extract, Sodium Hydroxide, Phenoxyethanol, Tocopherol.</p></div> </div> </div>","☽ PM​
When to Use: ​At night before bed on dry, brushed hair.
Application:​ Wrap hair and leave overnight.
Routine: Rinse and shampoo in morning.","<div aria-labelledby=""How-to-Use"" class=""content max-h-0 invisible translate-y-1/4 underline-hyperlink"" id=""product-description-1""> <div class=""attribute-content break-words""> <div class=""flex flex-col gap-2""><ul>
<li>☽ PM​</li>
<li>When to Use: ​At night before bed on dry, brushed hair.</li>
<li>Application:​ Wrap hair and leave overnight.</li>
<li>Routine: Rinse and shampoo in morning.</li>
</ul></div> </div> </div>",,,,150ml,"https://static.thcdn.com/productimg/original/12642445-8814984324025718.jpg, https://static.thcdn.com/productimg/original/12642445-1794984324083156.jpg, https://static.thcdn.com/productimg/original/12642445-1384984324138467.jpg, https://static.thcdn.com/productimg/original/12642445-6674984324206972.jpg",4008dedf-1bdb-59a8-a575-79705eaea0f1,2024-02-11 11:18:09
https://www.dermstore.com/p/skinmedica-even-and-correct-advanced-brightening-treatment-60ml/14215551/,SkinMedica Even and Correct Advanced Brightening Treatment 2 oz,SkinMedica,14215551,14215551,133.5,USD,InStock,NewCondition,4.53,15,Brands / SkinMedica / SkinMedica Even and Correct Advanced Brightening Treatment 2 oz,"  FOR ALL SKIN TYPES  
 This powerfully effective brightening treatment is a scientific breakthrough for discoloration. Proprietary technology features ultra-concentrated Lotus Seed Extract, Tranexamic Acid, and Niacinamide, plus antioxidant-rich Vitis Flower Stem Cell Extract, to help correct the appearance of uneven tone, hyperpigmentation, and dark spots, and prevent the appearance of future discoloration from forming. Use daily to treat visible skin discoloration and maintain bright, even skin. 
 Hydroquinone-free and Retinol-free. ","Water/Aqua/Eau, Tranexamic Acid, Butylene Glycol, Phytic Acid, Niacinamide, C12-15 Alkyl Benzoate, Polyacrylate-13, Glycerin, Phenylethyl Resorcinol, Nelumbo Nucifera Germ Extract, Vitis Vinifera (Grape) Flower Cell Extract, Sodium Hyaluronate, Xanthophyll, Sclareolide, Diethylhexyl Syringylidenemalonate, Hydroxyacetophenone, Polyisobutene, Propanediol, Phenoxyethanol, Trehalose, Polysorbate 20, Disodium EDTA, Ethylhexylglycerin, Sucrose, 1,2-Hexanediol, Caprylic/Capric Triglyceride, Lecithin, Caprylhydroxamic Acid
For the latest information, it is recommended to review the ingredient list printed on the packaging of the product prior to usage or consumption.","<div aria-labelledby=""Ingredients"" class=""content max-h-0 invisible translate-y-1/4 underline-hyperlink"" id=""product-description-2""> <div class=""attribute-content break-words""> <div class=""flex flex-col gap-2""><p>Water/Aqua/Eau, Tranexamic Acid, Butylene Glycol, Phytic Acid, Niacinamide, C12-15 Alkyl Benzoate, Polyacrylate-13, Glycerin, Phenylethyl Resorcinol, Nelumbo Nucifera Germ Extract, Vitis Vinifera (Grape) Flower Cell Extract, Sodium Hyaluronate, Xanthophyll, Sclareolide, Diethylhexyl Syringylidenemalonate, Hydroxyacetophenone, Polyisobutene, Propanediol, Phenoxyethanol, Trehalose, Polysorbate 20, Disodium EDTA, Ethylhexylglycerin, Sucrose, 1,2-Hexanediol, Caprylic/Capric Triglyceride, Lecithin, Caprylhydroxamic Acid</p>
<p><em><strong>For the latest information, it is recommended to review the ingredient list printed on the packaging of the product prior to usage or consumption.</strong></em></p></div> </div> </div>","AM☼/PM☽
Smooth all over face, neck, and décolleté twice daily. Use a sunscreen with an SPF of 30 or higher during any sun exposure.
The following Even & Correct products are recommended for use with the Advanced Brightening Treatment:

Dark Spot Cream
Brightening Treatment Pads","<div aria-labelledby=""How-to-Use"" class=""content max-h-0 invisible translate-y-1/4 underline-hyperlink"" id=""product-description-1""> <div class=""attribute-content break-words""> <div class=""flex flex-col gap-2""><p>AM☼/PM☽</p>
<p>Smooth all over face, neck, and décolleté twice daily. Use a sunscreen with an SPF of 30 or higher during any sun exposure.</p>
<p>The following Even &amp; Correct products are recommended for use with the Advanced Brightening Treatment:</p>
<ul>
<li>Dark Spot Cream</li>
<li>Brightening Treatment Pads</li>
</ul></div> </div> </div>",,,,60ml,"https://static.thcdn.com/productimg/original/14215551-4605018981793162.jpg, https://static.thcdn.com/productimg/original/14215551-9205018981860995.jpg, https://static.thcdn.com/productimg/original/14215551-1035172458260116.jpg, https://static.thcdn.com/productimg/original/14215551-1705172458291751.jpg, https://static.thcdn.com/productimg/original/14215551-2085172458328231.jpg",c3d0ae03-6ea2-5f8f-b607-9c2ed12ff41f,2024-02-11 11:18:10
https://www.dermstore.com/p/glasshouse-fragrances-sunkissed-in-bermuda-triple-scented-candle-380g/15069728/,Glasshouse Fragrances Sunkissed in Bermuda Triple Scented Candle 380g,Glasshouse Fragrances,15069728,15069728,50.0,USD,InStock,NewCondition,,,Brands / Glasshouse Fragrances / Glasshouse Fragrances Sunkissed in Bermuda Triple Scented Candle 380g," It's not a dream, the pink sand, the gentle breeze that blows tangelo, grapefruit and geranium to billow linen as if the sun has a smell. 
 Bermuda is where shorts were born, and where shipwrecks happen most. 
 It's no wonder we can't wait to get there. 
  Fragrance Notes:  
 Top: Pear, Ambrette, Tea, Blood Orange, Ruby Pomelo  
 Middle: Rose, Geranium, Magnolia, Grenadine  
 Base: Red Fruits, Wood, Dry Amber ","Soy Wax
For the latest information, it is recommended to review the ingredient list printed on the packaging of the product prior to usage or consumption.","<div aria-labelledby=""Ingredients"" class=""content max-h-0 invisible translate-y-1/4 underline-hyperlink"" id=""product-description-2""> <div class=""attribute-content break-words""> <div class=""flex flex-col gap-2""><p>Soy Wax</p>
<p><em><strong>For the latest information, it is recommended to review the ingredient list printed on the packaging of the product prior to usage or consumption.</strong></em></p></div> </div> </div>","Trim wicks to 7mm before each use using scissors or a wick trimmer. If wicks are too short the wax may not burn all the way to the edge (tunnelling), and if too long the wicks may appear to mushroom causing black soot to form on the glass.
Place candle in a non-draughty area, away from small children, pets and flammable material.
Do not burn for less than one hour or more than four hours at a time.","<div aria-labelledby=""How-to-Use"" class=""content max-h-0 invisible translate-y-1/4 underline-hyperlink"" id=""product-description-1""> <div class=""attribute-content break-words""> <div class=""flex flex-col gap-2""><p>Trim wicks to 7mm before each use using scissors or a wick trimmer. If wicks are too short the wax may not burn all the way to the edge (tunnelling), and if too long the wicks may appear to mushroom causing black soot to form on the glass.</p>
<p>Place candle in a non-draughty area, away from small children, pets and flammable material.</p>
<p>Do not burn for less than one hour or more than four hours at a time.</p></div> </div> </div>",,,,,"https://static.thcdn.com/productimg/original/15069728-1495121617121399.jpg, https://static.thcdn.com/productimg/original/15069728-5705121617134899.jpg",07aedab4-191c-5804-977c-15069ca8cf23,2024-02-11 11:18:11
https://www.dermstore.com/p/caswell-massey-lilac-eau-de-toilette-discovery-7.5ml/14855092/,Caswell-Massey Lilac Eau de Toilette Discovery 0.25 fl. oz,Caswell-Massey,14855092,14855092,30.0,USD,InStock,NewCondition,,,Brands / Caswell-Massey / Caswell-Massey Lilac Eau de Toilette Discovery 0.25 fl. oz," Lilac Eau de Toilette is a delicate, fresh feminine floral that perfectly replicates the gorgeous aroma of the fleeting annual blossoming of this intoxicating flower. Effervescent top notes of sparkling bergamot and leafy green accord unfold into a romantic heart of living floral lilac and muguet. A dusting of suede is enhanced by the sensual warmth of amber at the dry-down. 
 Top: sparkling bergamot, leafy green accord Middle: living floral lilac, muguet Base: suede, amber ","Alcohol Denat., Fragrance (Parfum), Water (Aqua/Eau), Ethylhexyl Methoxycinnamate, Ethylhexyl Salicylate, Butyl Methoxydibenzoylmethane, Ext. Violet 2 (CI 60730), Red 33 (CI 17200), Blue 1 (CI 42090), Hexyl Cinnamal, Limonene, Linalool, Citral, Citronellol, Amyl Cinnamal, Benzyl Benzoate, Methyl 2-Octynoate.
For the latest information, it is recommended to review the ingredient list printed on the packaging of the product prior to usage or consumption.","<div aria-labelledby=""Ingredients"" class=""content max-h-0 invisible translate-y-1/4 underline-hyperlink"" id=""product-description-2""> <div class=""attribute-content break-words""> <div class=""flex flex-col gap-2""><p>Alcohol Denat., Fragrance (Parfum), Water (Aqua/Eau), Ethylhexyl Methoxycinnamate, Ethylhexyl Salicylate, Butyl Methoxydibenzoylmethane, Ext. Violet 2 (CI 60730), Red 33 (CI 17200), Blue 1 (CI 42090), Hexyl Cinnamal, Limonene, Linalool, Citral, Citronellol, Amyl Cinnamal, Benzyl Benzoate, Methyl 2-Octynoate.</p>
<p><em><strong>For the latest information, it is recommended to review the ingredient list printed on the packaging of the product prior to usage or consumption.</strong></em></p></div> </div> </div>","Apply directly onto the skin, avoiding eyes and mouth. Reapply as needed.","<div aria-labelledby=""How-to-Use"" class=""content max-h-0 invisible translate-y-1/4 underline-hyperlink"" id=""product-description-1""> <div class=""attribute-content break-words""> <div class=""flex flex-col gap-2""><p>Apply directly onto the skin, avoiding eyes and mouth. Reapply as needed.</p></div> </div> </div>",,,,,"https://static.thcdn.com/productimg/original/14855092-1135065703304057.jpg, https://static.thcdn.com/productimg/original/14855092-1285065703333511.jpg",1b9a9dce-530b-51af-8d98-de196193c408,2024-02-11 11:18:13
https://www.dermstore.com/p/moroccanoil-all-in-one-leave-in-conditioner-160ml/12759324/,Moroccanoil All in One Leave-in Conditioner 5.4 oz,Moroccanoil,12759324,12759324,32.0,USD,InStock,NewCondition,5,2,Brands / Moroccanoil / Moroccanoil All in One Leave-in Conditioner 5.4 oz," Moroccanoil All in One Leave-in Conditioner is a lightweight leave-in that works instantly on all hair types to detangle and hydrate while guarding against breakage and thermal damage. The multitasking formula improves manageability while nourishing and softening the hair for up to 72 hours and reducing breakage by 49%. 
 Fragranced with the Moroccanoil signature scent, a blend of spicy amber and sweet floral notes. 
  Clinical Results:  
 According to an independent lab study, All in One Leave-in Conditioner: 
 
  Reduces breakage by 49% 
  Protects against breakage and thermal damage 
  Nourishes and softens the hair for up to 72 hours 
 
 After using All in One Leave-in Conditioner: 
 
  100% said hair felt moisturized 
  95% said product increased shine on hair 
  95% said hair felt softer 
  90% said hair looked and felt revived 
 
  Key Benefits:  
 
  Instantly detangles 
  Imparts long-lasting softness and silky texture 
  Protects against breakage and thermal damage* 
  Hydrates and prevents moisture loss 
  Equalizes porosity 
 
  Key Ingredients:  
 Argan Oil: Extremely rich in tocopherols (Vitamin E), essential fatty acids and antioxidants, this natural oil helps to nourish. 
 Naturally Derived Sugars: Act as an anti-dehydration shield to protect the integrity of the hair fiber. 
 Pure Amino Acids: Vegetable-based keratin alternative increases hair strength, enhances elasticity, and improves combability. 
 Sunflower Seed Oil: Provides excellent moisturizing and conditioning properties. 
 Quinoa Extract: Helps retain moisture, provide nutrients, smooth hair, and increase shine. 
 Barley Extract: Rich in phenols and flavonoids, known to provide antioxidant activity. ","Aqua/Water/Eau, Cetearyl Alcohol, Propanediol, Cetyl Alcohol, Argania Spinosa (Argan) Kernel Oil, Helianthus Annuus (Sunflower) Seed Oil, Hordeum Vulgare Seed Extract, Parfum/Fragrance, Hydrolyzed Rice Protein, Hydrolyzed Quinoa, Wheat Amino Acids, Soy Amino Acids, Citric Acid, Glucose, Glycerin, Dimethicone, Caprylic/Capric Triglyceride, Behentrimonium Methosulfate, Stearamine Oxide, Olealkonium Chloride, Behentrimonium Chloride, Amodimethicone, Isopropyl Alcohol, Caprylic/Capric Glycerides Polyglyceryl-10 Esters, Xylitylglucoside, Guar Hydroxypropyltrimonium Chloride, Anhydroxylitol, Glyceryl Stearate SE, Cinnamidopropyltrimonium Chloride, Xylitol, Trideceth-12, Polyquaternium-7, Polyquaternium-11, C12-13 Pareth-9, Cetrimonium Chloride, Arginine HCL, Serine, Threonine, Algin, Chitosan, Potassium Sorbate, Sodium Benzoate, Benzyl Alcohol, Phenoxyethanol. MOLIC01
For the latest information, it is recommended to review the ingredient list printed on the packaging of the product prior to usage or consumption.","<div aria-labelledby=""Ingredients"" class=""content max-h-0 invisible translate-y-1/4 underline-hyperlink"" id=""product-description-2""> <div class=""attribute-content break-words""> <div class=""flex flex-col gap-2""><p>Aqua/Water/Eau, Cetearyl Alcohol, Propanediol, Cetyl Alcohol, Argania Spinosa (Argan) Kernel Oil, Helianthus Annuus (Sunflower) Seed Oil, Hordeum Vulgare Seed Extract, Parfum/Fragrance, Hydrolyzed Rice Protein, Hydrolyzed Quinoa, Wheat Amino Acids, Soy Amino Acids, Citric Acid, Glucose, Glycerin, Dimethicone, Caprylic/Capric Triglyceride, Behentrimonium Methosulfate, Stearamine Oxide, Olealkonium Chloride, Behentrimonium Chloride, Amodimethicone, Isopropyl Alcohol, Caprylic/Capric Glycerides Polyglyceryl-10 Esters, Xylitylglucoside, Guar Hydroxypropyltrimonium Chloride, Anhydroxylitol, Glyceryl Stearate SE, Cinnamidopropyltrimonium Chloride, Xylitol, Trideceth-12, Polyquaternium-7, Polyquaternium-11, C12-13 Pareth-9, Cetrimonium Chloride, Arginine HCL, Serine, Threonine, Algin, Chitosan, Potassium Sorbate, Sodium Benzoate, Benzyl Alcohol, Phenoxyethanol. MOLIC01</p>
<p><em><strong>For the latest information, it is recommended to review the ingredient list printed on the packaging of the product prior to usage or consumption.</strong></em></p></div> </div> </div>","Spray throughout clean, towel-dried hair. Comb through, apply preferred styling product(s), and style as usual. Can be used to refresh second-day hair.","<div aria-labelledby=""How-to-Use"" class=""content max-h-0 invisible translate-y-1/4 underline-hyperlink"" id=""product-description-1""> <div class=""attribute-content break-words""> <div class=""flex flex-col gap-2""><p>Spray throughout clean, towel-dried hair. Comb through, apply preferred styling product(s), and style as usual. Can be used to refresh second-day hair.</p></div> </div> </div>",,,Hydration,160ml,"https://static.thcdn.com/productimg/original/12759324-9465045960962830.jpg, https://static.thcdn.com/productimg/original/12759324-1665118069267879.jpg, https://static.thcdn.com/productimg/original/12759324-1695115184916280.jpg, https://static.thcdn.com/productimg/original/12759324-1785115184885095.jpg, https://static.thcdn.com/productimg/original/12759324-1685176093580658.jpg",a8e84093-a159-52d0-84d9-b8f842a1ec22,2024-02-11 11:18:13
https://www.dermstore.com/p/jane-iredale-smooth-affair-mattifying-face-primer-50ml/13881803/,jane iredale Smooth Affair Mattifying Face Primer 50ml,jane iredale,13881803,13881803,55.0,USD,InStock,NewCondition,4,1,Brands / jane iredale / jane iredale Smooth Affair Mattifying Face Primer 50ml," A weightless face primer designed to mattify skin, help balance oil production and blur the appearance of pores and fine lines for smooth makeup application and a naturally matte finish. ","Ingredients/Ingrédients: Water (Aqua), Dimethicone, Polysilicone-11, Polymethylsilsesquioxane, Octyldodecanol, Arginine, Caprylyl Glycol, Carbomer, Potassium Sorbate, Sodium Dehydroacetate, Laureth12, Ethylhexylglycerin, Glycerin, Aluminum Hydroxide, Algin, Hibiscus Syriacus Bark Extract, Pelargonium Capitatum Leaf Extract, Cyanidium Caldarium Extract, Titanium Dioxide (Ci 77891), Iron Oxides (Ci 77491)
For the latest information, it is recommended to review the ingredient list printed on the packaging of the product prior to usage or consumption.","<div aria-labelledby=""Ingredients"" class=""content max-h-0 invisible translate-y-1/4 underline-hyperlink"" id=""product-description-2""> <div class=""attribute-content break-words""> <div class=""flex flex-col gap-2""><p>Ingredients/Ingrédients: Water (Aqua), Dimethicone, Polysilicone-11, Polymethylsilsesquioxane, Octyldodecanol, Arginine, Caprylyl Glycol, Carbomer, Potassium Sorbate, Sodium Dehydroacetate, Laureth12, Ethylhexylglycerin, Glycerin, Aluminum Hydroxide, Algin, Hibiscus Syriacus Bark Extract, Pelargonium Capitatum Leaf Extract, Cyanidium Caldarium Extract, Titanium Dioxide (Ci 77891), Iron Oxides (Ci 77491)</p>
<p><em><strong>For the latest information, it is recommended to review the ingredient list printed on the packaging of the product prior to usage or consumption.</strong></em></p></div> </div> </div>","Massage a peasized amount to face and neck with fingers until it is absorbed. Follow with your favorite foundation and Hydration Spray for a flawless, longwear look.","<div aria-labelledby=""How-to-Use"" class=""content max-h-0 invisible translate-y-1/4 underline-hyperlink"" id=""product-description-1""> <div class=""attribute-content break-words""> <div class=""flex flex-col gap-2""><p>Massage a peasized amount to face and neck with fingers until it is absorbed. Follow with your favorite foundation and Hydration Spray for a flawless, longwear look.</p></div> </div> </div>",,,,,"https://static.thcdn.com/productimg/original/13881803-1505094969061101.jpg, https://static.thcdn.com/productimg/original/13881803-1324976549992875.jpg",a68e3db7-efa6-5c5d-8de2-d625e6f79797,2024-02-11 11:18:18
https://www.dermstore.com/p/clarityrx-rehab-mediterranean-detoxifying-mud-mask-1.7-oz./12901340/,ClarityRx Rehab Mediterranean Detoxifying Mud Mask (1.7 oz.),ClarityRx,12901340,12901340,41.0,USD,InStock,NewCondition,4.7,10,Brands / ClarityRx / ClarityRx Rehab Mediterranean Detoxifying Mud Mask (1.7 oz.)," Put your skin into check with ClarityRx Rehab Mediterranean Detoxifying Mud Mask, a deeply purifying face treatment made with a blend of powerful clarifying ingredients. Enriched with vitamins, pure herbal extracts and nourishing oils, your skin is never overly stressed from the mask and is instead left revived, clear and refined. ","Aloe vera gel, mediterranean mud, dead sea mud, fullers earth, kaolin, bentonite, glycerin, clyceryl stearate, cetyl alcohol, jojoba oil, sqaualene, hops extract, burdock root extract, rosemary leaves extract, sage leaves extract, ginseng extract, fragrant oil, sodium hyaluronate, dead sea salt, phenoxyethanol, potassium sorbate, soidum benzoate, citric acid.
For the latest information, it is recommended to review the ingredient list printed on the packaging of the product prior to usage or consumption.","<div aria-labelledby=""Ingredients"" class=""content max-h-0 invisible translate-y-1/4 underline-hyperlink"" id=""product-description-3""> <div class=""attribute-content break-words""> <div class=""flex flex-col gap-2""><p>Aloe vera gel, mediterranean mud, dead sea mud, fullers earth, kaolin, bentonite, glycerin, clyceryl stearate, cetyl alcohol, jojoba oil, sqaualene, hops extract, burdock root extract, rosemary leaves extract, sage leaves extract, ginseng extract, fragrant oil, sodium hyaluronate, dead sea salt, phenoxyethanol, potassium sorbate, soidum benzoate, citric acid.</p>
<p><em><strong>For the latest information, it is recommended to review the ingredient list printed on the packaging of the product prior to usage or consumption.</strong></em></p></div> </div> </div>",Apply a thick layer to face and neck. Leave on for 10-15 minutes. Remove with tepid water and follow with a moisturizer. Use twice a week.,"<div aria-labelledby=""How-to-Use"" class=""content max-h-0 invisible translate-y-1/4 underline-hyperlink"" id=""product-description-1""> <div class=""attribute-content break-words""> <div class=""flex flex-col gap-2""><p>Apply a thick layer to face and neck. Leave on for 10-15 minutes. Remove with tepid water and follow with a moisturizer. Use twice a week.</p></div> </div> </div>","Application Area: FaceIngredient: Alpha Hydroxy Acids, Herbal Extracts, Hyaluronic AcidPreferences: Natural, Paraben-FreeSkin Care: Skin Care TreatmentsSkin Care Treatments: Face MasksSkin Type: Acne-Prone Skin, Combination Skin, Dry Skin, Mature Skin, Normal Skin, Oily Skin, Sensitive Skin","<div aria-labelledby=""Skin-Type-&amp;-Concerns"" class=""content max-h-0 invisible translate-y-1/4 underline-hyperlink"" id=""product-description-2""> <div class=""attribute-content break-words""> <div class=""flex flex-col gap-2""><p><strong>Application Area:</strong> <a href=""/application-area/face.list"">Face</a><br/><strong>Ingredient:</strong> <a href=""/ingredient/alpha-hydroxy-acids.list"">Alpha Hydroxy Acids</a>, <a href=""/ingredient/herbal-extracts.list"">Herbal Extracts</a>, <a href=""/ingredient/hyaluronic-acid.list"">Hyaluronic Acid</a><br/><strong>Preferences:</strong> <a href=""/organic-beauty/natural.list"">Natural</a>, <a href=""/preferences/paraben-free.list"">Paraben-Free</a><br/><strong>Skin Care:</strong> <a href=""/skin-care/treatments-serums.list"">Skin Care Treatments</a><br/><strong>Skin Care Treatments:</strong> <a href=""/skin-care/treatments-serums/face-masks.list"">Face Masks</a><br/><strong>Skin Type:</strong> <a href=""/skin-care/acne-prone-skin.list"">Acne-Prone Skin</a>, <a href=""/skin-care/combination-skin.list"">Combination Skin</a>, <a href=""/skin-care/dry-skin.list"">Dry Skin</a>, <a href=""/skin-care/mature-skin.list"">Mature Skin</a>, <a href=""/skin-care/normal-skin.list"">Normal Skin</a>, <a href=""/skin-care/oily-skin.list"">Oily Skin</a>, <a href=""/skin-care/sensitive-skin.list"">Sensitive Skin</a></p></div> </div> </div>",,1.7oz,https://static.thcdn.com/productimg/original/12901340-3904925407010610.jpg,1f31b785-6f03-5c77-bb5b-29fc1ccbf58e,2024-02-11 11:18:18
https://www.dermstore.com/p/valmont-spirit-of-purity-face-exfoliant-50ml/14678756/,Valmont Face Exfoliant 50ml,Valmont,14678756,14678756,110.0,USD,InStock,NewCondition,,,Brands / Valmont / Valmont Face Exfoliant 50ml," Discover the secret to silky skin with this unique formulation of cellulose microparticles delivered in a silky cream. An exceptionally gentle scrub, part of Valmont's Purity Skincare Collection, that cleanses the skin without compromising on comfort. ","Water (Aqua), Caprylic/Capric Triglyceride, Isopropyl Myristate, Isocetyl Stearoyl Stearate, Propylene Glycol, Cellulose Acetate, Glyceryl Stearate, Peg-100 Stearate, 1,2-Hexanediol, Behenyl Alcohol, Butyrospermum Parkii (Shea) Butter, Polyglycerin-3, Helianthus Annuus (Sunflower) Seed Oil, Tocopherol, Carbomer, Sodium Hydroxide, Xanthan Gum, Ethylhexylglycerin, Phenoxyethanol, Fragrance (Parfum), Citronellol, Hydroxycitronellal, Limonene, Linalool
Bl1A
For the latest information, it is recommended to review the ingredient list printed on the packaging of the product prior to usage or consumption.","<div aria-labelledby=""Ingredients"" class=""content max-h-0 invisible translate-y-1/4 underline-hyperlink"" id=""product-description-2""> <div class=""attribute-content break-words""> <div class=""flex flex-col gap-2""><p>Water (Aqua), Caprylic/Capric Triglyceride, Isopropyl Myristate, Isocetyl Stearoyl Stearate, Propylene Glycol, Cellulose Acetate, Glyceryl Stearate, Peg-100 Stearate, 1,2-Hexanediol, Behenyl Alcohol, Butyrospermum Parkii (Shea) Butter, Polyglycerin-3, Helianthus Annuus (Sunflower) Seed Oil, Tocopherol, Carbomer, Sodium Hydroxide, Xanthan Gum, Ethylhexylglycerin, Phenoxyethanol, Fragrance (Parfum), Citronellol, Hydroxycitronellal, Limonene, Linalool</p>
<p>Bl1A</p>
<p><em><strong>For the latest information, it is recommended to review the ingredient list printed on the packaging of the product prior to usage or consumption.</strong></em></p></div> </div> </div>","From one to three times weekly, apply a small amount to cleansed skin. Massage gently in tiny circular motions, taking care not to pull or drag on your skin. Rinse thoroughly with lukewarm water. For sensitive skin types, follow the same instructions, but moisten your skin beforehand. Always apply a mask afterwards.","<div aria-labelledby=""How-to-Use"" class=""content max-h-0 invisible translate-y-1/4 underline-hyperlink"" id=""product-description-1""> <div class=""attribute-content break-words""> <div class=""flex flex-col gap-2""><p>From one to three times weekly, apply a small amount to cleansed skin. Massage gently in tiny circular motions, taking care not to pull or drag on your skin. Rinse thoroughly with lukewarm water. For sensitive skin types, follow the same instructions, but moisten your skin beforehand. Always apply a mask afterwards.</p></div> </div> </div>",,,,,https://static.thcdn.com/productimg/original/14678756-1475181557724747.jpg,1996926e-3b30-5e6a-8d2a-7133ac13cb0e,2024-02-11 11:18:21
https://www.dermstore.com/p/rahua-heat-protectant-shield-7.5-oz/14197979/,Rahua Heat Protectant Shield 7.5 fl oz,Rahua,14197979,14197979,46.0,USD,InStock,NewCondition,,,Brands / Rahua / Rahua Heat Protectant Shield 7.5 fl oz," Plant-based leave-in spray protects against heat damage, nourishes strands and leaves hair smooth and healthy. 
  Key Benefits:  
 
  Acts as a primer 
  Protects from heat damage to reduce breakage 
  Hydrates and nourishes hair 
  Adds health and shine"" 
 
  Key Ingredients:  
 Heat Resistant Plant Complex: Shields strands from heat styling tools and improves hair's elasticity, preventing breakage 
 African Shea Butter: Provides advanced thermal protection 
 Amazonian Rahua, Sacha Inchi and Morete Oils treat and strengthen strands 
 Organic Hibiscus Flower Extract: Packed with antioxidants, reduces damage, supports healthy hair color, boosts shine and hair health. ","Aqua, Coco Glucoside*, Cetyl Alcohol*, Organic Hibiscus Flower Sabdariffa Extract, Stearalkonium Chloride*, Prunus Amygdalus Dulcis (Sweet Almond) Oil, Organic Avocado Oil, Organic Butyrospermum Parkii (Shea) Butter, Oenocarpus Bataua (Rahua Ungurahua) Oil, Organic Plukenetia Volubilis (Sacha Inchi) Seed Oil, Panthenol*, Mauritia Flexuosa (Morete) Fruit Oil, Ricinus Communis (Castor) Seed Oil, Citric Acid*, Propanediol*, Isopropyl Myristate*, Natural Aroma*, Hydrolyzed Quinoa Protein, Potassium Sorbate.  *Denotes plant derived ingredient
For the latest information, it is recommended to review the ingredient list printed on the packaging of the product prior to usage or consumption.","<div aria-labelledby=""Ingredients"" class=""content max-h-0 invisible translate-y-1/4 underline-hyperlink"" id=""product-description-2""> <div class=""attribute-content break-words""> <div class=""flex flex-col gap-2""><p>Aqua, Coco Glucoside*, Cetyl Alcohol*, Organic Hibiscus Flower Sabdariffa Extract, Stearalkonium Chloride*, Prunus Amygdalus Dulcis (Sweet Almond) Oil, Organic Avocado Oil, Organic Butyrospermum Parkii (Shea) Butter, Oenocarpus Bataua (Rahua Ungurahua) Oil, Organic Plukenetia Volubilis (Sacha Inchi) Seed Oil, Panthenol*, Mauritia Flexuosa (Morete) Fruit Oil, Ricinus Communis (Castor) Seed Oil, Citric Acid*, Propanediol*, Isopropyl Myristate*, Natural Aroma*, Hydrolyzed Quinoa Protein, Potassium Sorbate.  *Denotes plant derived ingredient</p>
<p><em><strong>For the latest information, it is recommended to review the ingredient list printed on the packaging of the product prior to usage or consumption.</strong></em></p></div> </div> </div>","Shake well. Mist generously on damp or dry hair, comb through and proceed to heat-style.","<div aria-labelledby=""How-to-Use"" class=""content max-h-0 invisible translate-y-1/4 underline-hyperlink"" id=""product-description-1""> <div class=""attribute-content break-words""> <div class=""flex flex-col gap-2""><p>Shake well. Mist generously on damp or dry hair, comb through and proceed to heat-style.</p></div> </div> </div>",,,,,"https://static.thcdn.com/productimg/original/14197979-1035010762108045.jpg, https://static.thcdn.com/productimg/original/14197979-1225133040857156.jpg",b898546c-44f3-5075-9a06-984917e6d8d9,2024-02-11 11:18:22
https://www.dermstore.com/p/clarityrx-get-clean-crushed-bamboo-exfoliator-1.7-oz./12901333/,ClarityRx Get Clean Crushed Bamboo Exfoliator (1.7 oz.),ClarityRx,12901333,12901333,37.0,USD,InStock,NewCondition,4.91,11,Brands / ClarityRx / ClarityRx Get Clean Crushed Bamboo Exfoliator (1.7 oz.)," ClarityRx Get Clean Crushed Bamboo Exfoliator delicately polishes away dull, dead skin, stimulating skin renewal for a fresher, glowing complexion. Jojoba beads further encourage skin cell turnover, while rosemary, calendula and cucumber soothe and calm irritations. Clarity is improved and skin texture is left refined and soft. ","Aloe Barbadensis Leaf Juice, Water, Cetyl Alcohol, Stearic Acid, Carthamus Tinctorius
(Safflower) Seed Oil, Bambusa Arundinacea Stem Extract, Glycerin, Jojoba Esters, Allantoin, Chamomile Recutia (Matricaria) Flower Extract, Cucumis Sativus (Cucumber) Fruit Extract, Calendula Officinalis Flower Extract, Rosmarinus Officinalis (Rosemary) Extract, Sodium PCA, Carica Papaya (Papaya) Fruit Extract, Ananas Sativus (Pinepple) Fruit Extract, Butyrospermum Parkii (Shea) Butter, Cellulose Gum, Xanthan Gum, Phenoxyethanol, Ethylhexylglycerin, Fragrance, Titanium Dioxide, Melia Azadirachta Leaf Extract, Melia Azadirachta Flower Extract, Coccinia Indica Fruit Extract, Solanum Melongena (Eggplant) Fruit Extract, Aloe Barbadensis Extract, Simmondsia Chinensis (Jojoba) Seed Oil, Ocimum Sanctum Leaf Extract, Ocimum Dasilcum (Basil) Extract, Coralina Officinalis Extract, Curcuma Longa (Turmeric) Root Extract, Melia Azadirachta Bark Extract, Moringa Oleifera Seed Oil, Vitis Vinifera (Grape) Seed Oil, Oryza Sativa (Rice) Powder, Bambusa Arundinacea Leaf Extract.
For the latest information, it is recommended to review the ingredient list printed on the packaging of the product prior to usage or consumption.","<div aria-labelledby=""Ingredients"" class=""content max-h-0 invisible translate-y-1/4 underline-hyperlink"" id=""product-description-3""> <div class=""attribute-content break-words""> <div class=""flex flex-col gap-2""><p>Aloe Barbadensis Leaf Juice, Water, Cetyl Alcohol, Stearic Acid, Carthamus Tinctorius</p>
<p>(Safflower) Seed Oil, Bambusa Arundinacea Stem Extract, Glycerin, Jojoba Esters, Allantoin, Chamomile Recutia (Matricaria) Flower Extract, Cucumis Sativus (Cucumber) Fruit Extract, Calendula Officinalis Flower Extract, Rosmarinus Officinalis (Rosemary) Extract, Sodium PCA, Carica Papaya (Papaya) Fruit Extract, Ananas Sativus (Pinepple) Fruit Extract, Butyrospermum Parkii (Shea) Butter, Cellulose Gum, Xanthan Gum, Phenoxyethanol, Ethylhexylglycerin, Fragrance, Titanium Dioxide, Melia Azadirachta Leaf Extract, Melia Azadirachta Flower Extract, Coccinia Indica Fruit Extract, Solanum Melongena (Eggplant) Fruit Extract, Aloe Barbadensis Extract, Simmondsia Chinensis (Jojoba) Seed Oil, Ocimum Sanctum Leaf Extract, Ocimum Dasilcum (Basil) Extract, Coralina Officinalis Extract, Curcuma Longa (Turmeric) Root Extract, Melia Azadirachta Bark Extract, Moringa Oleifera Seed Oil, Vitis Vinifera (Grape) Seed Oil, Oryza Sativa (Rice) Powder, Bambusa Arundinacea Leaf Extract.</p>
<p><em><strong>For the latest information, it is recommended to review the ingredient list printed on the packaging of the product prior to usage or consumption.</strong></em></p></div> </div> </div>","After cleansing, apply a small amount to wet face and massage gently. Avoid eye area. Rinse thoroughly and follow with moisturizer.","<div aria-labelledby=""How-to-Use"" class=""content max-h-0 invisible translate-y-1/4 underline-hyperlink"" id=""product-description-1""> <div class=""attribute-content break-words""> <div class=""flex flex-col gap-2""><p>After cleansing, apply a small amount to wet face and massage gently. Avoid eye area. Rinse thoroughly and follow with moisturizer.</p></div> </div> </div>","Application Area: FaceCleansers and Exfoliators: Exfoliants Peels and ScrubsPreferences: Natural, Paraben-FreeSkin Care: Cleansers and ExfoliatorsSkin Type: Acne-Prone Skin, Combination Skin, Dry Skin, Mature Skin, Normal Skin, Oily Skin, Sensitive Skin","<div aria-labelledby=""Skin-Type-&amp;-Concerns"" class=""content max-h-0 invisible translate-y-1/4 underline-hyperlink"" id=""product-description-2""> <div class=""attribute-content break-words""> <div class=""flex flex-col gap-2""><p><strong>Application Area:</strong> <a href=""/application-area/face.list"">Face</a><br/><strong>Cleansers and Exfoliators:</strong> <a href=""/skin-care/cleansers/exfoliants-peels-scrubs.list"">Exfoliants Peels and Scrubs</a><br/><strong>Preferences:</strong> <a href=""/organic-beauty/natural.list"">Natural</a>, <a href=""/preferences/paraben-free.list"">Paraben-Free</a><br/><strong>Skin Care:</strong> <a href=""/skin-care/cleansers.list"">Cleansers and Exfoliators</a><br/><strong>Skin Type:</strong> <a href=""/skin-care/acne-prone-skin.list"">Acne-Prone Skin</a>, <a href=""/skin-care/combination-skin.list"">Combination Skin</a>, <a href=""/skin-care/dry-skin.list"">Dry Skin</a>, <a href=""/skin-care/mature-skin.list"">Mature Skin</a>, <a href=""/skin-care/normal-skin.list"">Normal Skin</a>, <a href=""/skin-care/oily-skin.list"">Oily Skin</a>, <a href=""/skin-care/sensitive-skin.list"">Sensitive Skin</a></p></div> </div> </div>",,1.7oz,"https://static.thcdn.com/productimg/original/12901333-4174904473938060.jpg, https://static.thcdn.com/productimg/original/12901333-1764904473983102.jpg, https://static.thcdn.com/productimg/original/12901333-8824904474049798.jpg, https://static.thcdn.com/productimg/original/12901333-1724904474116515.jpg",f41137e6-c9a2-517a-8a11-f5addf29b908,2024-02-11 11:18:31
https://www.dermstore.com/p/r-co-two-way-mirror-smoothing-oil-2-fl.-oz./12902639/,R+Co Two-Way Mirror Smoothing Oil 2 oz,R+Co,12902639,12902639,37.0,USD,InStock,NewCondition,4.5,10,Brands / R+Co / R+Co Two-Way Mirror Smoothing Oil 2 oz," Boost softness and shine with R+Co's Two-Way Mirror Smoothing Oil. Infused with essential oils and vitamin E, it restores hydration and protects the hair, helping target and restore frizzy, damaged and dehydrated hair. 
  Key Ingredients:  
 
   Weightless Silicone Complex:  adds softness and shine without weighing hair down or feeling greasy 
   Tocopherol:  a form of vitamin E with powerful antioxidants, it fights against free radical damage and acts as a moisturizer 
   Bixa Orellana Seed Oil:  known for its powerful emollient benefits, it deeply hydrates and softens hair 
 
  Key Benefits:  
 
  Adds softness and shine 
  Doesn't weigh hair down or feel greasy 
  Fights against free radical damage 
  Vegan, cruelty and paraben-free 
 ","Cyclopentasiloxane, Coconut Alkanes, Dimethiconol, Caprylic/Capric Triglyceride, Limnanthes Alba (Meadowfoam) Seed Oil, Butyrospermum Parkii (Shea) Butter, Argania Spinosa Kernel Oil, Parfum/Fragrance, Coco-Caprylate/Caprate, Orbignya Speciosa Kernel Oil, Bixa Orellana Seed Oil, Brassica Campestris (Rapeseed) Seed Oil, Tocopherol, Astrocaryum Murumuru Seed Butter, Emblica Officinalis Fruit Extract, Sesamum Indicum (Sesame) Seed Oil, Eclipta Prostrata Extract, Melia Azadirachta Leaf Extract, Melia Azadirachta Flower Extract, Corallina Officinalis Extract, Moringa Oleifera Seed Oil, Coccinia Indica Leaf Extract, Solanum Melongena (Eggplant) Fruit Extract, Aloe Barbadensis Flower Extract, TBHQ, Simmondsia Chinensis (Jojoba) Seed Oil, Curcuma Longa (Turmeric) Root Extract, Ocimum Basilicum (Basil) Flower/Leaf Extract, Ocimum Sanctum Leaf Extract, Citric Acid, Citral, Limonene.
For the latest information, it is recommended to review the ingredient list printed on the packaging of the product prior to usage or consumption.","<div aria-labelledby=""Ingredients"" class=""content max-h-0 invisible translate-y-1/4 underline-hyperlink"" id=""product-description-3""> <div class=""attribute-content break-words""> <div class=""flex flex-col gap-2""><p>Cyclopentasiloxane, Coconut Alkanes, Dimethiconol, Caprylic/Capric Triglyceride, Limnanthes Alba (Meadowfoam) Seed Oil, Butyrospermum Parkii (Shea) Butter, Argania Spinosa Kernel Oil, Parfum/Fragrance, Coco-Caprylate/Caprate, Orbignya Speciosa Kernel Oil, Bixa Orellana Seed Oil, Brassica Campestris (Rapeseed) Seed Oil, Tocopherol, Astrocaryum Murumuru Seed Butter, Emblica Officinalis Fruit Extract, Sesamum Indicum (Sesame) Seed Oil, Eclipta Prostrata Extract, Melia Azadirachta Leaf Extract, Melia Azadirachta Flower Extract, Corallina Officinalis Extract, Moringa Oleifera Seed Oil, Coccinia Indica Leaf Extract, Solanum Melongena (Eggplant) Fruit Extract, Aloe Barbadensis Flower Extract, TBHQ, Simmondsia Chinensis (Jojoba) Seed Oil, Curcuma Longa (Turmeric) Root Extract, Ocimum Basilicum (Basil) Flower/Leaf Extract, Ocimum Sanctum Leaf Extract, Citric Acid, Citral, Limonene.</p>
<p><em><strong>For the latest information, it is recommended to review the ingredient list printed on the packaging of the product prior to usage or consumption.</strong></em></p></div> </div> </div>",Apply a small amount to damp or dry hair from mid-shaft and work downward with a smoothing motion.,"<div aria-labelledby=""How-to-Use"" class=""content max-h-0 invisible translate-y-1/4 underline-hyperlink"" id=""product-description-1""> <div class=""attribute-content break-words""> <div class=""flex flex-col gap-2""><p>Apply a small amount to damp or dry hair from mid-shaft and work downward with a smoothing motion.</p></div> </div> </div>","Application Area: HairIdeal for these Concerns: Damaged Hair, Free Radical Damage, Frizzy HairHair Care: Hair TreatmentsHair Treatments: Hair OilHair Type: Color-Treated Hair, Dry or Damaged Hair, Normal HairIngredient: Aloe Vera, Antioxidants, Dimethicone, Essential Oils, Herbal Extracts, Shea Butter, Vitamin C, Vitamin EPreferences: Certified Cruelty-Free, Paraben-Free, Vegan","<div aria-labelledby=""Skin-Type-&amp;-Concerns"" class=""content max-h-0 invisible translate-y-1/4 underline-hyperlink"" id=""product-description-2""> <div class=""attribute-content break-words""> <div class=""flex flex-col gap-2""><p><strong>Application Area:</strong> <a href=""/application-area/hair.list"">Hair</a><br/><strong>Ideal for these Concerns:</strong> <a href=""/treatment/damaged-hair.list"">Damaged Hair</a>, <a href=""/treatment/free-radical-damage.list"">Free Radical Damage</a>, <a href=""/hair-care/frizzy-hair.list"">Frizzy Hair</a><br/><strong>Hair Care:</strong> <a href=""/hair-care/hair-treatments.list"">Hair Treatments</a><br/><strong>Hair Treatments:</strong> <a href=""/hair-care/hair-treatments/hair-oil.list"">Hair Oil</a><br/><strong>Hair Type:</strong> <a href=""/hair-care/color-treated-hair.list"">Color-Treated Hair</a>, <a href=""/hair-care/dry-or-damaged-hair.list"">Dry or Damaged Hair</a>, <a href=""/hair-care/normal-hair.list"">Normal Hair</a><br/><strong>Ingredient:</strong> <a href=""/ingredient/aloe-vera.list"">Aloe Vera</a>, <a href=""/ingredient/antioxidants.list"">Antioxidants</a>, <a href=""/ingredient/dimethicone.list"">Dimethicone</a>, <a href=""/bath-body/body-care/essential-oils.list"">Essential Oils</a>, <a href=""/ingredient/herbal-extracts.list"">Herbal Extracts</a>, <a href=""/ingredient/shea-butter.list"">Shea Butter</a>, <a href=""/ingredient/vitamin-c.list"">Vitamin C</a>, <a href=""/ingredient/vitamin-e.list"">Vitamin E</a><br/><strong>Preferences:</strong> <a href=""/cruelty-free.list"">Certified Cruelty-Free</a>, <a href=""/preferences/paraben-free.list"">Paraben-Free</a>, <a href=""/vegan.list"">Vegan</a></p></div> </div> </div>",,,https://static.thcdn.com/productimg/original/12902639-2034866427517991.jpg,676374f7-7e58-506c-848b-3d54e7962be1,2024-02-11 11:18:32
https://www.dermstore.com/p/virtue-texturising-spray-travel-size-65g/12526895/,VIRTUE Texturizing Spray Travel Size 65g,VIRTUE,12526895,12526895,20.0,USD,OutOfStock,NewCondition,,,Brands / VIRTUE  / VIRTUE Texturizing Spray Travel Size 65g," Virtue Labs Texturizing Spray is a lightweight texturizing mist and styling spray that instantly adds definition, texture and to your hair. Formulated with our revolutionary Alpha Keratin 60ku® protein, this lightweight styling mist delivers lustrous, healthy shine while infusing hair with immediate, flexible and buildable texture. It helps to protect against UV damage and keep hair looking its healthiest. Non-sticky formula. Protects against UV damage. Color-safe, paraben-free, gluten-free. ","Hydrofluorocarbon 152A, Dimethyl Ether, Alcohol Denat., VP/VA Copolymer, Calcium Carbonate, Dimethicone, Alpha Keratin, Panthenol, AMP-Isostearoyl Hydrolyzed Wheat Protein, Salvia Officinalis (Sage) Leaf Extract, Melissa Officinalis Leaf Extract, Juniperus Communis (Juniper) Fruit Extract, Geranium Maculatum Extract, Fucus Vesiculosus Extract, Echinacea Angustifolia Extract, Chamomilla Recutita (Matricaria) Flower Extract, Calendula Officinalis Flower Extract, Arnica Montana Flower Extract, Aloe Barbadensis Leaf Extract, Tocopherol, Helianthus Annuus (Sunflower) Seed Extract, Tocopheryl Acetate, Ethylhexylglycerin, Parfum (Fragrance), Aqua (Water, Eau), Glycerin, Acetyl Triethyl Citrate, PEG/PPG-17/18 Dimethicone, Butylene Glycol, Benzophenone-4, Phenoxyethanol, Chlorphenesin, Sorbic Acid, Benzoic Acid, Linalool, Hydroxycitronellal, Limonene.
For the latest information, it is recommended to review the ingredient list printed on the packaging of the product prior to usage or consumption.","<div aria-labelledby=""Ingredients"" class=""content max-h-0 invisible translate-y-1/4 underline-hyperlink"" id=""product-description-2""> <div class=""attribute-content break-words""> <div class=""flex flex-col gap-2""><p>Hydrofluorocarbon 152A, Dimethyl Ether, Alcohol Denat., VP/VA Copolymer, Calcium Carbonate, Dimethicone, Alpha Keratin, Panthenol, AMP-Isostearoyl Hydrolyzed Wheat Protein, Salvia Officinalis (Sage) Leaf Extract, Melissa Officinalis Leaf Extract, Juniperus Communis (Juniper) Fruit Extract, Geranium Maculatum Extract, Fucus Vesiculosus Extract, Echinacea Angustifolia Extract, Chamomilla Recutita (Matricaria) Flower Extract, Calendula Officinalis Flower Extract, Arnica Montana Flower Extract, Aloe Barbadensis Leaf Extract, Tocopherol, Helianthus Annuus (Sunflower) Seed Extract, Tocopheryl Acetate, Ethylhexylglycerin, Parfum (Fragrance), Aqua (Water, Eau), Glycerin, Acetyl Triethyl Citrate, PEG/PPG-17/18 Dimethicone, Butylene Glycol, Benzophenone-4, Phenoxyethanol, Chlorphenesin, Sorbic Acid, Benzoic Acid, Linalool, Hydroxycitronellal, Limonene.</p>
<p><em><strong>For the latest information, it is recommended to review the ingredient list printed on the packaging of the product prior to usage or consumption.</strong></em></p></div> </div> </div>","Shake well before using. Hold can 10 inches from hair and spray evenly through roots to mid-length. For volume and texture, spray on dry hair.","<div aria-labelledby=""How-to-Use"" class=""content max-h-0 invisible translate-y-1/4 underline-hyperlink"" id=""product-description-1""> <div class=""attribute-content break-words""> <div class=""flex flex-col gap-2""><p>Shake well before using. Hold can 10 inches from hair and spray evenly through roots to mid-length. For volume and texture, spray on dry hair.</p></div> </div> </div>",,,,2.3oz,https://static.thcdn.com/productimg/original/12526895-1664897450375830.jpg,bca5e90d-8276-595f-bd10-85a35a694820,2024-02-11 11:18:33
https://www.dermstore.com/p/oribe-cote-d-azur-restorative-body-creme-300ml/13798735/,Oribe Côte d’Azur Restorative Body Crème 10.1 oz,Oribe,13798735,13798735,65.0,USD,InStock,NewCondition,5,2,Brands / Oribe / Oribe Côte d’Azur Restorative Body Crème 10.1 oz," Indulgently rich, this crème envelops the skin in the scent of Côte d'Azur, Valley of Flowers and Desertland while providing the deepest hydration. 
  The Scent: Côte d'Azur, seductively rich and effervescently fresh, the Oribe signature scent awakens with citrusy Calabrian bergamot, la mariposa blanca, or white butterfly jasmine - the Cuban national flower - and sandalwood. ","Aqua/Water/Eau, Parfum/Fragrance, Propanediol, Caprylic/Capric Triglyceride, Glycerin, Glyceryl Stearate, Peg-100 Stearate, C12-15 Alkyl Benzoate, Myristyl Myristate, Isocetyl Stearate, Cetearyl Alcohol, Dimethicone, Hydrogenated Ethylhexyl Olivate, Prunus Amygdalus Dulcis (Sweet Almond) Oil, Steareth-2, Ethylhexylglycerin, Phenoxyethanol, Butyrospermum Parkii (Shea) Butter, Ammonium Acryloyldimethyltaurate/Vp Copolymer, Cetyl Alcohol, Palmitic Acid, Stearic Acid, Hydrogenated Olive Oil Unsaponifiables, Benzyl Alcohol, Chlorphenesin, Oryza Sativa (Rice) Bran Oil, Vitis Vinifera (Grape) Seed Oil, Disodium Edta, Benzoic Acid, Sorbic Acid, Xanthan Gum, Oryza Sativa (Rice) Bran Extract, Panthenol, Shorea Stenoptera Seed Butter, Aloe Barbadensis Leaf Juice, Jojoba Esters, Glycine Soja (Soybean) Oil, Helianthus Annuus (Sunflower) Extract, Borago Officinalis Seed Oil, Limnanthes Alba (Meadowfoam) Seed Oil, Passiflora Edulis Seed Oil, Tocopherol, Rosmarinus Officinalis (Rosemary) Leaf Extract, Leontopodium Alpinum Extract, Tocopheryl Acetate, Sodium Hyaluronate, Citric Acid, Potassium Sorbate, Sodium Benzoate, Caprylyl Glycol, Beta-Carotene, Daucus Carota Sativa (Carrot) Root Extract, Aminomethyl Propanol, Limonene, Hexyl Cinnamal, Citral, Linalool, Citronellol, Cinnamal. A111
For the latest information, it is recommended to review the ingredient list printed on the packaging of the product prior to usage or consumption.","<div aria-labelledby=""Ingredients"" class=""content max-h-0 invisible translate-y-1/4 underline-hyperlink"" id=""product-description-2""> <div class=""attribute-content break-words""> <div class=""flex flex-col gap-2""><p>Aqua/Water/Eau, Parfum/Fragrance, Propanediol, Caprylic/Capric Triglyceride, Glycerin, Glyceryl Stearate, Peg-100 Stearate, C12-15 Alkyl Benzoate, Myristyl Myristate, Isocetyl Stearate, Cetearyl Alcohol, Dimethicone, Hydrogenated Ethylhexyl Olivate, Prunus Amygdalus Dulcis (Sweet Almond) Oil, Steareth-2, Ethylhexylglycerin, Phenoxyethanol, Butyrospermum Parkii (Shea) Butter, Ammonium Acryloyldimethyltaurate/Vp Copolymer, Cetyl Alcohol, Palmitic Acid, Stearic Acid, Hydrogenated Olive Oil Unsaponifiables, Benzyl Alcohol, Chlorphenesin, Oryza Sativa (Rice) Bran Oil, Vitis Vinifera (Grape) Seed Oil, Disodium Edta, Benzoic Acid, Sorbic Acid, Xanthan Gum, Oryza Sativa (Rice) Bran Extract, Panthenol, Shorea Stenoptera Seed Butter, Aloe Barbadensis Leaf Juice, Jojoba Esters, Glycine Soja (Soybean) Oil, Helianthus Annuus (Sunflower) Extract, Borago Officinalis Seed Oil, Limnanthes Alba (Meadowfoam) Seed Oil, Passiflora Edulis Seed Oil, Tocopherol, Rosmarinus Officinalis (Rosemary) Leaf Extract, Leontopodium Alpinum Extract, Tocopheryl Acetate, Sodium Hyaluronate, Citric Acid, Potassium Sorbate, Sodium Benzoate, Caprylyl Glycol, Beta-Carotene, Daucus Carota Sativa (Carrot) Root Extract, Aminomethyl Propanol, Limonene, Hexyl Cinnamal, Citral, Linalool, Citronellol, Cinnamal. A111</p>
<p><em><strong>For the latest information, it is recommended to review the ingredient list printed on the packaging of the product prior to usage or consumption.</strong></em></p></div> </div> </div>",Start with our Replenishing Body Wash. Massage into a lather. Relax. Rinse. Follow with the Restorative Body Wash and massage onto skin. Indulge.,"<div aria-labelledby=""How-to-Use"" class=""content max-h-0 invisible translate-y-1/4 underline-hyperlink"" id=""product-description-1""> <div class=""attribute-content break-words""> <div class=""flex flex-col gap-2""><p>Start with our Replenishing Body Wash. Massage into a lather. Relax. Rinse. Follow with the Restorative Body Wash and massage onto skin. Indulge.</p></div> </div> </div>",,,,300ml,"https://static.thcdn.com/productimg/original/13798735-4884952864194314.jpg, https://static.thcdn.com/productimg/original/13798735-1324952864252052.jpg, https://static.thcdn.com/productimg/original/13798735-3674952864302254.jpg, https://static.thcdn.com/productimg/original/13798735-1024952864357475.jpg, https://static.thcdn.com/productimg/original/13798735-2334952864412858.jpg",e3c08428-6971-53c0-9b63-d1a627da58e8,2024-02-11 11:18:34
https://www.dermstore.com/p/chantecaille-silver-willow-eye-duet-2.5g-various-shades/15648702/,Chantecaille Silver Willow Eye Duet 2.5g (Various Shades),Chantecaille,15648702,15648702,65.0,USD,InStock,NewCondition,,,Brands / Chantecaille / Chantecaille Silver Willow Eye Duet 2.5g (Various Shades), Limited-edition eye duo that pairs a luminous shimmer hue with a rich matte shade to create festive eye looks. ,"Shade 1: Mica, Talc, Zinc Stearate, Phenyl Trimethicone, Triethylhexanoin, Dimethicone, Octyldodecanol, Octyldodecyl Stearoyl Stearate, Squalane, Nylon-12, Caprylyl Glycol, Ethylhexylglycerin, Polyisoprene, Bht, Tocopherol, Iron Oxides (Ci 77491/Ci 77492/Ci 77499), Titanium Dioxide (Ci 77891)
Shade 2: Synthetic Fluorphlogopite, Mica, Zea Mays (Corn) Starch, Zinc Stearate, Caprylic/Capric Triglyceride, Diisostearyl Malate, Glyceryl Caprylate, P-Anisic Acid, Rosa Hybrid (English Rose) Flower Extract, Titanium Dioxide (Ci 77891), Iron Oxides (Ci 77491/Ci 77492/Ci 77499), Yellow 5 Lake (Ci 19140)
For the latest information, it is recommended to review the ingredient list printed on the packaging of the product prior to usage or consumption.","<div aria-labelledby=""Ingredients"" class=""content max-h-0 invisible translate-y-1/4 underline-hyperlink"" id=""product-description-2""> <div class=""attribute-content break-words""> <div class=""flex flex-col gap-2""><p><strong>Shade 1: </strong>Mica, Talc, Zinc Stearate, Phenyl Trimethicone, Triethylhexanoin, Dimethicone, Octyldodecanol, Octyldodecyl Stearoyl Stearate, Squalane, Nylon-12, Caprylyl Glycol, Ethylhexylglycerin, Polyisoprene, Bht, Tocopherol, Iron Oxides (Ci 77491/Ci 77492/Ci 77499), Titanium Dioxide (Ci 77891)</p>
<p><strong>Shade 2:</strong> Synthetic Fluorphlogopite, Mica, Zea Mays (Corn) Starch, Zinc Stearate, Caprylic/Capric Triglyceride, Diisostearyl Malate, Glyceryl Caprylate, P-Anisic Acid, Rosa Hybrid (English Rose) Flower Extract, Titanium Dioxide (Ci 77891), Iron Oxides (Ci 77491/Ci 77492/Ci 77499), Yellow 5 Lake (Ci 19140)</p>
<p><em><strong>For the latest information, it is recommended to review the ingredient list printed on the packaging of the product prior to usage or consumption.</strong></em></p></div> </div> </div>","Begin by prepping the eye with Next Generation Eye Base Primer. Sweep on and blend out shades with the Eye Basic Brush. Define corners of the eye and trace along the lower lashline with the Precision Brush. Intensify shimmer and add definition with the Eye Blend Brush. Pairs perfectly with Luster Glide Eye Liners in Slate, Raven and Violet Damask.","<div aria-labelledby=""How-to-Use"" class=""content max-h-0 invisible translate-y-1/4 underline-hyperlink"" id=""product-description-1""> <div class=""attribute-content break-words""> <div class=""flex flex-col gap-2""><p>Begin by prepping the eye with Next Generation Eye Base Primer. Sweep on and blend out shades with the Eye Basic Brush. Define corners of the eye and trace along the lower lashline with the Precision Brush. Intensify shimmer and add definition with the Eye Blend Brush. Pairs perfectly with Luster Glide Eye Liners in Slate, Raven and Violet Damask.</p></div> </div> </div>",,,Gilded Garden Collection,,"https://static.thcdn.com/productimg/original/15459341-1595170421306604.jpg, https://static.thcdn.com/productimg/original/15459341-7255170421374242.jpg, https://static.thcdn.com/productimg/original/15459341-1665170421437704.jpg, https://static.thcdn.com/productimg/original/15459341-2005170421523963.jpg, https://static.thcdn.com/productimg/original/15459341-1205170421601024.jpg, https://static.thcdn.com/productimg/original/15459341-7565170421679183.jpg, https://static.thcdn.com/productimg/original/15459341-1665170421762808.jpg",8889531e-ce23-50a9-b7d4-728c77e8957b,2024-02-11 11:18:35
https://www.dermstore.com/p/phyto-hair-colour-by-phytocolor-5.7-light-chestnut-180g/12267722/,Phyto Hair Colour by Phytocolor - 5.7 Light Chestnut 180g,Phyto,12267722,12267722,18.0,USD,OutOfStock,NewCondition,,,Brands / Phyto / Phyto Hair Colour by Phytocolor - 5.7 Light Chestnut 180g," PHYTO COLOR is a combination of cutting-edge technology and botanical research for a radiant, ultra shiny color: 
 Covers 100% of gray hair right from the 1st application Guarantees long-lasting color As it is formulated like a treatment, PHYTO COLOR respects the hair and scalp and minimizes the risk of allergies. This easy-to-apply, smooth cream does not run and allows for precise, even distribution from the roots of the hair to the ends. ","The botanical pigments contained in PHYTO COLOR have been used since Ancient times for their coloring properties: India wood, Brazilwood, madder, small horse and coreopsis. Their high concentrations provide a radiant, natural color and stunning glints.
Enriched with botanical extracts, its nourishing formula acts deep within the hair fiber, offering protection and leaving hair soft, supple and ultra shiny.","<div aria-labelledby=""Ingredients"" class=""content max-h-0 invisible translate-y-1/4 underline-hyperlink"" id=""product-description-2""> <div class=""attribute-content break-words""> <div class=""flex flex-col gap-2""><p>The botanical pigments contained in PHYTO COLOR have been used since Ancient times for their coloring properties: India wood, Brazilwood, madder, small horse and coreopsis. Their high concentrations provide a radiant, natural color and stunning glints.</p>
<p>Enriched with botanical extracts, its nourishing formula acts deep within the hair fiber, offering protection and leaving hair soft, supple and ultra shiny.</p></div> </div> </div>","HUILE D'ALÈS is recommended for use before a color or highlighting process to protect the fiber and scalp. If more than 50% of hair is gray, we recommend blending a natural color with a highlighted color for optimum results.","<div aria-labelledby=""How-to-Use"" class=""content max-h-0 invisible translate-y-1/4 underline-hyperlink"" id=""product-description-1""> <div class=""attribute-content break-words""> <div class=""flex flex-col gap-2""><p>HUILE D'ALÈS is recommended for use before a color or highlighting process to protect the fiber and scalp. If more than 50% of hair is gray, we recommend blending a natural color with a highlighted color for optimum results.</p></div> </div> </div>",,,,180g,https://static.thcdn.com/productimg/1600/1600/12267722-1104729524940626.jpg,87ee692e-3086-506d-979c-2ac06d6e23bf,2024-02-11 11:18:35
https://www.dermstore.com/p/jane-iredale-purebronze-shimmer-bronzer-refill-peaches-cream-0.9g/14512017/,jane iredale PureBronze Shimmer Bronzer Refill - Peaches & Cream 0.9g,jane iredale,14512017,14512017,48.0,USD,InStock,NewCondition,5,1,Brands / jane iredale / jane iredale PureBronze Shimmer Bronzer Refill - Peaches & Cream 0.9g," Brilliant shimmer bronzer palette with four complementary shades – blend together to create radiant, glowing looks or use individually as bronzer, highlighter, blush, and shadow. 
  Key Benefits  
 
  Versatile bronze palette refill for a naturally radiant glow. 
  Pairs with our Refillable Compact for less waste. 
  Blend shades together for a soft, glowy appearance. 
  Use shades individually as bronzer, highlighter, blush and shadow. 
  Lightweight, breathable coverage. 
  Creamy formula won't settle into fine lines. 
  Builds and blends effortlessly. 
 
  Key Ingredients  
 
  Pine Bark Extract protects, calms and soothes. 
  Pomegranate Seed Oil protects, soothes and delivers antioxidant protection to help fight free radical production caused by sun exposure. 
  Sunflower Seed Oil soothes and conditions skin and helps prevent trans epidermal water loss. 
 ","Mica, Boron Nitride, Dimethicone, Stearic Acid, Helianthus Annuus (Sunflower) Seed Oil, Pinus Strobus (Pine Bark) Extract, Punica Granatum (Pomegranate) Extract. [+/-] Titanium Dioxide (CI 77891), Iron Oxides (CI 77489, CI 77491, CI 77492, CI 77499), Red 30 Lake (CI 73360), Red 7 Lake (CI 15850).
For the latest information, it is recommended to review the ingredient list printed on the packaging of the product prior to usage or consumption.","<div aria-labelledby=""Ingredients"" class=""content max-h-0 invisible translate-y-1/4 underline-hyperlink"" id=""product-description-2""> <div class=""attribute-content break-words""> <div class=""flex flex-col gap-2""><p>Mica, Boron Nitride, Dimethicone, Stearic Acid, Helianthus Annuus (Sunflower) Seed Oil, Pinus Strobus (Pine Bark) Extract, Punica Granatum (Pomegranate) Extract. [+/-] Titanium Dioxide (CI 77891), Iron Oxides (CI 77489, CI 77491, CI 77492, CI 77499), Red 30 Lake (CI 73360), Red 7 Lake (CI 15850).</p>
<p><em><strong>For the latest information, it is recommended to review the ingredient list printed on the packaging of the product prior to usage or consumption.</strong></em></p></div> </div> </div>","For allover bronzing, swirl the shades together with the White Fan Brush and apply to the top of the forehead, cheeks, and jawline. To highlight, sweep the White Fan Brush across the lightest shade and apply to the top of the nose and cheekbones. To use as a palette, swipe stripes individually and use as bronzer, highlighter, blush, and shadow.","<div aria-labelledby=""How-to-Use"" class=""content max-h-0 invisible translate-y-1/4 underline-hyperlink"" id=""product-description-1""> <div class=""attribute-content break-words""> <div class=""flex flex-col gap-2""><p>For allover bronzing, swirl the shades together with the White Fan Brush and apply to the top of the forehead, cheeks, and jawline. To highlight, sweep the White Fan Brush across the lightest shade and apply to the top of the nose and cheekbones. To use as a palette, swipe stripes individually and use as bronzer, highlighter, blush, and shadow.</p></div> </div> </div>",,,,1g,"https://static.thcdn.com/productimg/original/14512017-5165040535202649.jpg, https://static.thcdn.com/productimg/original/14512017-8895040535279788.jpg, https://static.thcdn.com/productimg/original/14512017-1865040535351740.jpg, https://static.thcdn.com/productimg/original/14512017-2055040535425612.jpg",223861dc-5c02-52f7-8f22-fa11c9b8538b,2024-02-11 11:18:35
https://www.dermstore.com/p/clarityrx-take-it-easy-calming-serum-15ml/14925194/,ClarityRx Take It Easy Calming Serum 15ml,ClarityRx,14925194,14925194,48.94,USD,InStock,NewCondition,,,Brands / ClarityRx / ClarityRx Take It Easy Calming Serum 15ml," Take It Easy™ Calming Serum&nbsp;is an all-natural formula used to reduce the appearance of redness and inflammation.&nbsp; Helps to significantly calm the skin while also improving texture, enhancing hydration and softening the skin. 
  Key Ingredients:  
 Hyaluronic Acid –&nbsp;helps reduce the visibility of fine lines and wrinkles by retaining moisture, creating a plumping effect in the skin. Also contains anti-inflammatory properties, which can help reduce the redness associated with rosacea and inflammation. 
 Saccharide Isomerate –&nbsp;a deeply moisturizing, plant derived ingredient based on its unique composition, similar to that of the carbohydrate complex found in human skin and on its unique ability to bind to skin cells. Provides deep hydration and creates moisture that lasts. 
 Chrysanthellum indicum –&nbsp;provides a documented effect on vascular wall permeability, improving the mechanical resistance of capillaries. ","Water, Phenoxyethanol, Sodium Hyaluronate, Chrysanthellum Indicum Extract, Saccharide Isomerate, Ethylhexylglycerin, Butylene Glycol.
For the latest information, it is recommended to review the ingredient list printed on the packaging of the product prior to usage or consumption.","<div aria-labelledby=""Ingredients"" class=""content max-h-0 invisible translate-y-1/4 underline-hyperlink"" id=""product-description-2""> <div class=""attribute-content break-words""> <div class=""flex flex-col gap-2""><p>Water, Phenoxyethanol, Sodium Hyaluronate, Chrysanthellum Indicum Extract, Saccharide Isomerate, Ethylhexylglycerin, Butylene Glycol.</p>
<p><em><strong>For the latest information, it is recommended to review the ingredient list printed on the packaging of the product prior to usage or consumption.</strong></em></p></div> </div> </div>",Use AM and/or PM as needed. Apply 2-3 drops in palm of hand and apply to face and neck. Follow with your favorite ClarityRx serum/moisturizer/SPF as needed.,"<div aria-labelledby=""How-to-Use"" class=""content max-h-0 invisible translate-y-1/4 underline-hyperlink"" id=""product-description-1""> <div class=""attribute-content break-words""> <div class=""flex flex-col gap-2""><p>Use AM and/or PM as needed. Apply 2-3 drops in palm of hand and apply to face and neck. Follow with your favorite ClarityRx serum/moisturizer/SPF as needed.</p></div> </div> </div>",,,,,"https://static.thcdn.com/productimg/original/14925194-5495085395908899.jpg, https://static.thcdn.com/productimg/original/14925194-5275085395948817.jpg, https://static.thcdn.com/productimg/original/14925194-1735085395997864.jpg",0fbb6ce1-0c40-50f0-97e8-47b683f2d7b0,2024-02-11 11:18:38
https://www.dermstore.com/p/pmd-personal-microderm-man-unit-black/11443354/,PMD Personal Microderm Man (1 kit),PMD,11443354,11443354,175.0,USD,InStock,NewCondition,,,Brands / PMD / PMD Personal Microderm Man (1 kit)," Achieve professional, spa-like results in the comfort of your home with PMD Personal MicroDerm - Man. This hand-held microdermabrasion device acts as a vacuum, suctioning off dead, dull skin cells while gently exfoliating to smooth the surface of both your face and body. As a result, the appearance of acne, large pores, fine lines and wrinkles are diminished. 
  PMD Personal Microderm - Man includes:  
 
   Personal Microdermabrasion Tool  
   Large Body Exfoliation Cap (1 count)  
   Small Facial Exfoliation Cap(1 count)  
   Red Exfoliating Disk - very coarse (2count)  
   Blue Exfoliating Disk - sensitive (4 count)  
   Green Exfoliating Disk - medium (2 count)  
 ","N/A
For the latest information, it is recommended to review the ingredient list printed on the packaging of the product prior to usage or consumption.","<div aria-labelledby=""Ingredients"" class=""content max-h-0 invisible translate-y-1/4 underline-hyperlink"" id=""product-description-3""> <div class=""attribute-content break-words""> <div class=""flex flex-col gap-2""><p>N/A</p>
<p><em><strong>For the latest information, it is recommended to review the ingredient list printed on the packaging of the product prior to usage or consumption.</strong></em></p></div> </div> </div>","Step 1: Cleanse the skin, and allow it to dry completely. We recommend using the PMD Soothing Antioxidant Cleanser. Step 2: Use the Personal Microderm tool. Remember to watch the instructional video and carefully follow all directions. Step 3: Apply a toner. We recommend using the PMD Calming Balancing Toner. Step 4: Apply a moisturizer daily. We recommend using the PMD Anti-Aging Recovery Moisturizer.","<div aria-labelledby=""How-to-Use"" class=""content max-h-0 invisible translate-y-1/4 underline-hyperlink"" id=""product-description-1""> <div class=""attribute-content break-words""> <div class=""flex flex-col gap-2""><p>Step 1: Cleanse the skin, and allow it to dry completely. We recommend using the PMD Soothing Antioxidant Cleanser. Step 2: Use the Personal Microderm tool. Remember to watch the instructional video and carefully follow all directions. Step 3: Apply a toner. We recommend using the PMD Calming Balancing Toner. Step 4: Apply a moisturizer daily. We recommend using the PMD Anti-Aging Recovery Moisturizer.</p></div> </div> </div>","Acne: Acne ScarsApplication Area: Body, FaceIdeal for these Concerns: Acne, Ingrown Hairs, Large PoresMen: Men's EssentialsProfessional Tools and Devices: MicrodermabrasionSkin Care: Professional Tools and Devices","<div aria-labelledby=""Skin-Type-&amp;-Concerns"" class=""content max-h-0 invisible translate-y-1/4 underline-hyperlink"" id=""product-description-2""> <div class=""attribute-content break-words""> <div class=""flex flex-col gap-2""><p><strong>Acne:</strong> <a href=""/treatment/acne-scars.list"">Acne Scars</a><br/><strong>Application Area:</strong> <a href=""/application-area/body.list"">Body</a>, <a href=""/application-area/face.list"">Face</a><br/><strong>Ideal for these Concerns:</strong> <a href=""/skin-care/skin-care-treatments/acne-clearing-products.list"">Acne</a>, <a href=""/treatment/ingrown-hairs.list"">Ingrown Hairs</a>, <a href=""/treatment/large-pores.list"">Large Pores</a><br/><strong>Men:</strong> <a href=""/men.list"">Men's Essentials</a><br/><strong>Professional Tools and Devices:</strong> <a href=""/skin-care/tools/microdermabrasion.list"">Microdermabrasion</a><br/><strong>Skin Care:</strong> <a href=""/skin-care/tools.list"">Professional Tools and Devices</a></p></div> </div> </div>",,,"https://static.thcdn.com/productimg/original/11443354-1074969505605272.jpg, https://static.thcdn.com/productimg/original/11443354-1294969505673816.jpg, https://static.thcdn.com/productimg/original/11443354-9204969505755557.jpg",af82f548-9b11-5db5-ac1f-fedcc397e2ae,2024-02-11 11:18:40
https://www.dermstore.com/p/christophe-robin-shade-variation-mask-warm-chestnut-250-ml/12635442/,Christophe Robin Shade Variation Mask - Warm Chestnut 250 ml,Christophe Robin,12635442,12635442,53.0,USD,InStock,NewCondition,,,Brands / Christophe Robin / Christophe Robin Shade Variation Mask - Warm Chestnut 250 ml," Enhance your colour with the Christophe Robin New Shade Variation Care in Warm Chestnut, a nourishing hair mask designed to enrich natural and colour-treated hair with rich caramel tones. 
 The rich hair mask seeks to refresh your hair colour by enveloping the hair with a highly-pigmented formula. Hair appears more vibrant, bolder and silky-smooth as the colour-protecting hair mask delivers a vibrancy-boosting effect. ","Aqua/Water/Eau, Cetearyl Alcohol, Cetyl Alcohol, Behentrimonium Chloride, Glycerin, Cetrimonium Chloride, Fragrance (Parfum), Mauritia Flexuosa Fruit Oil, Ethylhexyl Methoxycinnamate, Sodium Benzoate, Prunus Amygdalus Dulcis (Sweet Almond) Oil, Potassium Sorbate, Disodium Edta, Hydrogenated Vegetable Oil, Theobroma Cacao (Cocoa) Seed Butter, Tocopheryl Acetate, Butyrospermum Parkii (Shea) Butter, Citric Acid, Tocopherol, Sericin, Bht, Basic Brown 17, Basic Blue 99, Basic Brown 16, Basic Red 76, Basic Yellow 57, Ci 60730 (Ext. Violet 2).","<div aria-labelledby=""Ingredients"" class=""content max-h-0 invisible translate-y-1/4 underline-hyperlink"" id=""product-description-2""> <div class=""attribute-content break-words""> <div class=""flex flex-col gap-2""><p>Aqua/Water/Eau, Cetearyl Alcohol, Cetyl Alcohol, Behentrimonium Chloride, Glycerin, Cetrimonium Chloride, Fragrance (Parfum), Mauritia Flexuosa Fruit Oil, Ethylhexyl Methoxycinnamate, Sodium Benzoate, Prunus Amygdalus Dulcis (Sweet Almond) Oil, Potassium Sorbate, Disodium Edta, Hydrogenated Vegetable Oil, Theobroma Cacao (Cocoa) Seed Butter, Tocopheryl Acetate, Butyrospermum Parkii (Shea) Butter, Citric Acid, Tocopherol, Sericin, Bht, Basic Brown 17, Basic Blue 99, Basic Brown 16, Basic Red 76, Basic Yellow 57, Ci 60730 (Ext. Violet 2).</p></div> </div> </div>","☼ AM / ☽ PM​
When to Use: ​After shampoo.
Application:​ apply to towel-dried hair from root to tip and allow to sit for 5-20 minutes depending on the desired intensity. Rinse thoroughly. Washes out after 3-5 shampoos. Does not cover greys. Upon first use, leave the mask on for a maximum of 5 minutes to evaluate colour.","<div aria-labelledby=""How-to-Use"" class=""content max-h-0 invisible translate-y-1/4 underline-hyperlink"" id=""product-description-1""> <div class=""attribute-content break-words""> <div class=""flex flex-col gap-2""><ul>
<li>☼ AM / ☽ PM​</li>
<li>When to Use: ​After shampoo.</li>
<li>Application:​ apply to towel-dried hair from root to tip and allow to sit for 5-20 minutes depending on the desired intensity. Rinse thoroughly. Washes out after 3-5 shampoos. Does not cover greys. Upon first use, leave the mask on for a maximum of 5 minutes to evaluate colour.</li>
</ul></div> </div> </div>",,,Shade Variation,250ml,"https://static.thcdn.com/productimg/original/12635442-1574978576231143.jpg, https://static.thcdn.com/productimg/original/12635442-5584936839440475.jpg, https://static.thcdn.com/productimg/original/12635442-1034936839488460.jpg",507484f5-665a-56a4-9392-4433c8ab2ff5,2024-02-11 11:18:47
https://www.dermstore.com/p/illamasqua-skin-base-foundation/11264625/,Illamasqua Skin Base Foundation 1 fl. oz.,Illamasqua,11264625,11264625,37.0,USD,OutOfStock,NewCondition,,,Brands / Illamasqua / Illamasqua Skin Base Foundation 1 fl. oz.," Create a flawless complexion every day with Illamasqua's Skin Base Foundation. This lightweight, easily blendable foundation smooths, softens and conditions your skin. Its buildable coverage allows you to create the coverage you desire ranging from a matte look with a subtle sheen to a more natural finish for a fresh-faced look. 
  Key Benefits:  
 
  Lightweight and blendable 
  Suitable for most skin types 
  Softens and conditions skin 
  Matte look with a subtle sheen 
  Cruelty-free 
 ","Aqua (Water), Cyclopentasiloxane, Butylene Glycol, Glycerin, Hydrogenated Polyisobutene, Paraffinum Liquidum (Mineral Oil), Phenyl Trimethicone, Talc, Peg-10 Dimethicone, Mica, Dimethicone, Silica, Cetyl Peg/Ppg-10/1 Dimethicone, Polymethyl Methacrylate, Disteardimonium Hectorite, Cyclometahicone, Phenoxyethanol, Isostearic Acid, Stearic Acid, Peg/Ppg-18/18 Dimethicone, Methylparaben, Dimethicone Crosspolymer, Niacinamide, Sodium Ascorbyl Phosphate, Tocopheryl Acetate, Dimethicone/Methicone Copolymer, Sodium Hyaluronate,Parfum (Fragrance) [+/- May Contain: Ci 77491 (Iron Oxides), Ci 77492 (Iron Oxides), Ci 77499 (Iron Oxides), Ci 77891 (Titanium Dioxide), Ci 77002 (Aluminum Hydroxide)].
For the latest information, it is recommended to review the ingredient list printed on the packaging of the product prior to usage or consumption.","<div aria-labelledby=""Ingredients"" class=""content max-h-0 invisible translate-y-1/4 underline-hyperlink"" id=""product-description-3""> <div class=""attribute-content break-words""> <div class=""flex flex-col gap-2""><p>Aqua (Water), Cyclopentasiloxane, Butylene Glycol, Glycerin, Hydrogenated Polyisobutene, Paraffinum Liquidum (Mineral Oil), Phenyl Trimethicone, Talc, Peg-10 Dimethicone, Mica, Dimethicone, Silica, Cetyl Peg/Ppg-10/1 Dimethicone, Polymethyl Methacrylate, Disteardimonium Hectorite, Cyclometahicone, Phenoxyethanol, Isostearic Acid, Stearic Acid, Peg/Ppg-18/18 Dimethicone, Methylparaben, Dimethicone Crosspolymer, Niacinamide, Sodium Ascorbyl Phosphate, Tocopheryl Acetate, Dimethicone/Methicone Copolymer, Sodium Hyaluronate,Parfum (Fragrance) [+/- May Contain: Ci 77491 (Iron Oxides), Ci 77492 (Iron Oxides), Ci 77499 (Iron Oxides), Ci 77891 (Titanium Dioxide), Ci 77002 (Aluminum Hydroxide)].</p>
<p><em><strong>For the latest information, it is recommended to review the ingredient list printed on the packaging of the product prior to usage or consumption.</strong></em></p></div> </div> </div>","Using the Foundation Brush, apply an even layer all over the face, starting from the center of the face, blending outwards. A pea sized amount of foundation is all you need, as a little goes a long way.","<div aria-labelledby=""How-to-Use"" class=""content max-h-0 invisible translate-y-1/4 underline-hyperlink"" id=""product-description-1""> <div class=""attribute-content break-words""> <div class=""flex flex-col gap-2""><p>Using the Foundation Brush, apply an even layer all over the face, starting from the center of the face, blending outwards. A pea sized amount of foundation is all you need, as a little goes a long way.</p></div> </div> </div>","Application Area: FaceCoverage: BuildableFace Makeup: FoundationFinish: MatteFoundation: Liquid FoundationMakeup: Face MakeupPreferences: Certified Cruelty-FreeIdeal for these Skin Types: Acne-Prone Skin,Combination Skin,Dry Skin,Mature Skin,Normal Skin,Oily Skin,Sensitive Skin","<div aria-labelledby=""Skin-Type-&amp;-Concerns"" class=""content max-h-0 invisible translate-y-1/4 underline-hyperlink"" id=""product-description-2""> <div class=""attribute-content break-words""> <div class=""flex flex-col gap-2""><p><strong>Application Area:</strong> <a href=""/application-area/face.list"">Face</a><br/><strong>Coverage:</strong> <a href=""/makeup/buildable.list"">Buildable</a><br/><strong>Face Makeup:</strong> <a href=""/makeup/face-makeup/foundation.list"">Foundation</a><br/><strong>Finish:</strong> <a href=""/makeup/matte.list"">Matte</a><br/><strong>Foundation:</strong> <a href=""/makeup/face-makeup/foundation/liquid-foundation.list"">Liquid Foundation</a><br/><strong>Makeup:</strong> <a href=""/makeup/face-makeup.list"">Face Makeup</a><br/><strong>Preferences:</strong> <a href=""/cruelty-free.list"">Certified Cruelty-Free</a><br/><strong>Ideal for these Skin Types:</strong> <a href=""/skin-care/acne-prone-skin.list"">Acne-Prone Skin</a>,<a href=""/skin-care/combination-skin.list"">Combination Skin</a>,<a href=""/skin-care/dry-skin.list"">Dry Skin</a>,<a href=""/skin-care/mature-skin.list"">Mature Skin</a>,<a href=""/skin-care/normal-skin.list"">Normal Skin</a>,<a href=""/skin-care/oily-skin.list"">Oily Skin</a>,<a href=""/skin-care/sensitive-skin.list"">Sensitive Skin</a></p></div> </div> </div>",Skin Base Foundation,30ml,"https://static.thcdn.com/productimg/original/11264625-1294880122592832.jpg, https://static.thcdn.com/productimg/original/11264625-6114869428256768.jpg, https://static.thcdn.com/productimg/original/11264625-2074869428298771.jpg, https://static.thcdn.com/productimg/original/11264625-8164869428354817.jpg, https://static.thcdn.com/productimg/original/11264625-1764880122639605.jpg",f0114066-82aa-50e3-be28-5dd8c3114401,2024-02-11 11:18:47
https://www.dermstore.com/p/estee-lauder-revitalizing-supreme-night-power-bounce-creme-moisturiser-50ml/15415609/,Estée Lauder Revitalizing Supreme+ Night Power Bounce Crème Moisturiser 50ml,Estée Lauder,15415609,15415609,135.0,USD,InStock,NewCondition,,,Brands / Estée Lauder / Estée Lauder Revitalizing Supreme+ Night Power Bounce Crème Moisturiser 50ml," The nighttime revolution. Boost. Protect. Optimize. 
 Boost your skin's bounce and firmness at night-and see a more lifted look. Plump and deeply hydrate skin until morning and beyond. Soon visible signs of collagen loss are reduced-skin looks more lifted, feels firmer, with wrinkles and neck lines visibly reduced. 
 And every night, you'll love the magical sensation of the transformative texture melting from dense to weightless on your skin. 
  With this peptide night cream:  
 
  15% visible line reduction in just one sleep.(1) 
  Wrinkles and neck lines look reduced over time. 
  Bounce back in just 4 hours.(2) 
  92% said skin bounce improved.(3) 
 
  CLINICAL TESTING PROVED: MORE NIGHT POWER BENEFITS  
 
  +116% moisture boost immediately. (4) 
  In just 4 hours, skin is bouncier. (2) 
  -31% visible irritation within hours. (5) 
  +20% radiance boost upon waking. (1) 
  +15% smoother feeling upon waking. (1) 
  100% of panelists woke up to significantly higher moisture levels. (1) 
  Skin looks more youthful-firmer and less lined. 
 
  UNIQUE TRANSFORMING TEXTURE, IDEAL AT NIGHT  
 The extraordinary Bounce Creme texture magically transforms from dense in the jar to weightless on your skin. 
 
  Bi-layer bouncy texture. 
  Melts on contact to glide over your skin with a silky caress. 
  Absorbs quickly-perfect for bedtime. 
 
 Plus, Double Anti-Pore Power: 
 1. OILY PORES look reduced 
 2. SAGGING PORES bounce back 
 Overall, oil control is boosted. 
 The glass jar is recyclable. 
 For all ages, skintypes and skintones. 
 
  (1) Clinical testing on 25 women 12 hours after a single nighttime product application. 
  (2) Clinical testing on 28 women after 1 product application. 
  (3) Consumer testing on 165 women, after using product for 3 weeks. 
  (4) Clinical testing on 25 women after a single product application. 
 
  Key Ingredients:  
 OPTIMIZE WITH COLLANIGHT-8 TM  
 Did you know? Skin's natural collagen production peaks at night. Night Power Bounce Creme, with exclusive CollaNight-8 TM  technology, leverages our 40 years of Night Science Expertise-and 30 years of Collagen Research. Keeps skin feeling firm and bouncy, and looking younger and smoother. 
 Our CollaNight-8 TM  superblend includes eight powerhouse ingredients to help support skin's natural collagen, including potent Acetyl Hexapeptide-8, our exclusive Moringa Extract, our exclusive Hibiscus Morning Bloom Extract, concentrated Algae Extract, Sigesbeckia Extract and Vitamin E. 
 The anti-oxidants and skin-soothing ingredients in CollaNight-8 TM  help address irritation and environmental stressors that can impact collagen, leading to the appearance of lines, wrinkles, loss of firmness and other signs of aging. ","Water\Aqua\Eau, C9-12 Alkane, Butylene Glycol, Cetyl Alcohol, Ppg-2 Myristyl Ether Propionate, Glycerin, Bis-Diglyceryl Polyacyladipate-2, Butyrospermum Parkii (Shea) Butter, Hydrogenated Polyisobutene, Peg-40 Stearate, Glyceryl Stearate, Isododecane, Methyl Methacrylate Crosspolymer, Moringa Oleifera Seed Extract, Hibiscus Sinensis Flower Extract, Sodium Hyaluronate, Acetyl Hexapeptide-8, Laminaria Digitata Extract, Whey Protein\Lactis Protein\Protéine Du Petit-Lait, Algae Extract, Sigesbeckia Orientalis (St. Paul'S Wort) Extract, Tocopheryl Acetate, Acetyl Glucosamine, Narcissus Tazetta Bulb Extract, Opuntia Tuna Extract, Cucumis Sativus (Cucumber) Fruit Extract, Laminaria Saccharina Extract, Silybum Marianum Fruit Extract, Helianthus Annuus (Sunflower) Seed Extract, Caffeine, Hordeum Vulgare Extract\Extrait D'Orge, Hydrolyzed Rice Extract, Glycine Soja (Soybean) Seed Extract, Castor Oil/Ipdi Copolymer, Butylene/Ethylene/Styrene Copolymer, Carbomer, Coco-Caprylate/Caprate, Sorbitan Stearate, Ethylene/Propylene/Styrene Copolymer, Sucrose (Organic Brown Sugar), Propylene Glycol Dicaprate, Sodium Hydroxide, Isoceteth-20, Tetrahexyldecyl Ascorbate, Acrylates/C10-30 Alkyl Acrylate Crosspolymer, Peg-20 Methyl Glucose Sesquistearate, C12-15 Alkyl Ethylhexanoate, Polyethylene, Hydroxyacetophenone, Triheptanoin, Fragrance (Parfum), Bht, Disodium Edta, Dilinoleic Acid/Butanediol Copolymer, Phenoxyethanol, Chlorphenesin, Potassium Sorbate
For the latest information, it is recommended to review the ingredient list printed on the packaging of the product prior to usage or consumption.","<div aria-labelledby=""Ingredients"" class=""content max-h-0 invisible translate-y-1/4 underline-hyperlink"" id=""product-description-2""> <div class=""attribute-content break-words""> <div class=""flex flex-col gap-2""><p>Water\Aqua\Eau, C9-12 Alkane, Butylene Glycol, Cetyl Alcohol, Ppg-2 Myristyl Ether Propionate, Glycerin, Bis-Diglyceryl Polyacyladipate-2, Butyrospermum Parkii (Shea) Butter, Hydrogenated Polyisobutene, Peg-40 Stearate, Glyceryl Stearate, Isododecane, Methyl Methacrylate Crosspolymer, Moringa Oleifera Seed Extract, Hibiscus Sinensis Flower Extract, Sodium Hyaluronate, Acetyl Hexapeptide-8, Laminaria Digitata Extract, Whey Protein\Lactis Protein\Protéine Du Petit-Lait, Algae Extract, Sigesbeckia Orientalis (St. Paul'S Wort) Extract, Tocopheryl Acetate, Acetyl Glucosamine, Narcissus Tazetta Bulb Extract, Opuntia Tuna Extract, Cucumis Sativus (Cucumber) Fruit Extract, Laminaria Saccharina Extract, Silybum Marianum Fruit Extract, Helianthus Annuus (Sunflower) Seed Extract, Caffeine, Hordeum Vulgare Extract\Extrait D'Orge, Hydrolyzed Rice Extract, Glycine Soja (Soybean) Seed Extract, Castor Oil/Ipdi Copolymer, Butylene/Ethylene/Styrene Copolymer, Carbomer, Coco-Caprylate/Caprate, Sorbitan Stearate, Ethylene/Propylene/Styrene Copolymer, Sucrose (Organic Brown Sugar), Propylene Glycol Dicaprate, Sodium Hydroxide, Isoceteth-20, Tetrahexyldecyl Ascorbate, Acrylates/C10-30 Alkyl Acrylate Crosspolymer, Peg-20 Methyl Glucose Sesquistearate, C12-15 Alkyl Ethylhexanoate, Polyethylene, Hydroxyacetophenone, Triheptanoin, Fragrance (Parfum), Bht, Disodium Edta, Dilinoleic Acid/Butanediol Copolymer, Phenoxyethanol, Chlorphenesin, Potassium Sorbate</p>
<p><em><strong>For the latest information, it is recommended to review the ingredient list printed on the packaging of the product prior to usage or consumption.</strong></em></p></div> </div> </div>","Apply this peptide night cream all over face and neck, AM and PM. Ideal at night.","<div aria-labelledby=""How-to-Use"" class=""content max-h-0 invisible translate-y-1/4 underline-hyperlink"" id=""product-description-1""> <div class=""attribute-content break-words""> <div class=""flex flex-col gap-2""><p>Apply this peptide night cream all over face and neck, AM and PM. Ideal at night.</p></div> </div> </div>",,,,,"https://static.thcdn.com/productimg/original/15415609-2085176628465694.jpg, https://static.thcdn.com/productimg/original/15415609-2035176628478264.jpg, https://static.thcdn.com/productimg/original/15415609-2055176628496621.jpg, https://static.thcdn.com/productimg/original/15415609-7225176628519385.jpg, https://static.thcdn.com/productimg/original/15415609-4225176628549775.jpg, https://static.thcdn.com/productimg/original/15415609-1655176628576988.jpg, https://static.thcdn.com/productimg/original/15415609-1255176628603619.jpg, https://static.thcdn.com/productimg/original/15415609-1375176628623245.jpg",0dad186a-83aa-556a-b366-c91afd41c0fd,2024-02-11 11:18:48
https://www.dermstore.com/p/nudestix-nudescreen-daily-mineral-veil-spf30-50ml-various-shades/13534987/,NUDESTIX Nudescreen Daily Mineral Veil SPF30 50ml (Various Shades),NUDESTIX,13534987,13534987,36.0,USD,InStock,NewCondition,,,Brands / NUDESTIX / NUDESTIX Nudescreen Daily Mineral Veil SPF30 50ml (Various Shades)," A multi-tasking mineral sunscreen, NUDESTIX’s Nudescreen Daily Mineral Veil SPF30 works to protect skin from UVA, UVB and blue light rays with a tinted glow. 
 The hydrating formula helps to moisturise, prime and protect the complexion, while encouraging a skin warming colour for cool, warm, and deep tones. Featuring green algae and passionflower, the SPF cream seeks to brighten and nourish the visage for an ultra-radiant-looking result. 
 Vegan and cruelty-free. ","Cool: Active Ingredients: Zinc Oxide 15%. Inactive Ingredients: Aqua/Water/Eau, Coconut Alkanes, Caprylic/Capric Triglyceride, Propanediol, Coco-Caprylate/Caprate, Polyglyceryl-4 Diisostearate/Polyhydroxystearate/Sebacate, Methyl Dihydroabietate, Spirulina Platensis Extract, C13-15 Alkane, Sodium Chloride, Distarch Phosphate, Isostearic Acid, Polyhydroxystearic Acid, Quaternium-90 Bentonite, 1,2-Hexanediol, Benzyl Alcohol, Hydroxyacetophenone, Zinc Stearate, Ethyl Ferulate, Triethyl Citrate, Butylene Glycol, Lactobacillus Ferment, Passiflora Edulis Fruit Extract, Camellia Sinensis Leaf Extract.
Warm: Active Ingredients: Zinc Oxide 15%. Inactive Ingredients: Aqua/Water/Eau, Coconut Alkanes, Caprylic/Capric Triglyceride, Propanediol, Polyglyceryl-4 Diisostearate/Polyhydroxystearate/Sebacate, Coco-Caprylate/Caprate, Methyl Dihydroabietate, Spirulina Platensis Extract, C13-15 Alkane, Octyldodecanol, Sodium Chloride, Distarch Phosphate, Iron Oxides (Ci 77492), Polyhydroxystearic Acid, Isostearic Acid, Quaternium-90 Bentonite, Hydroxyacetophenone, Benzyl Alcohol, 1,2-Hexanediol, Zinc Stearate, Ethyl Ferulate, Iron Oxides (Ci77491), Butylene Glycol, Mica (Ci 77019), Triethyl Citrate, Iron Oxides (Ci 77499), Lactobacillus Ferment, Titanium Dioxide (Ci 77891), Passiflora Edulis Fruit Extract, Sorbitan Oleate, Camellia Sinensis Leaf Extract.
Hot: Active Ingredients: Zinc Oxide 15%. Inactive Ingredients: Aqua/Water/Eau, Coconut Alkanes, Caprylic/Capric Triglyceride, Propanediol, Octyldodecanol, Polyglyceryl-4 Diisostearate/Polyhydroxystearate/Sebacate, Coco-Caprylate/Caprate, Methyl Dihydroabietate, Spirulina Platensis Extract, C13-15 Alkane, Sodium Chloride, Iron Oxides (Ci 77492), Iron Oxides (Ci 77491), Distarch Phosphate, Polyhydroxystearic Acid, Isostearic Acid, Quaternium-90 Bentonite, Hydroxyacetophenone, Benzyl Alcohol, 1,2-Hexanediol, Zinc Stearate, Ethyl Ferulate, Iron Oxides (Ci 77499), Butylene Glycol, Mica (Ci77019), Triethyl Citrate, Lactobacillus Ferment, Titanium Dioxide (Ci 77891), Passiflora Edulis Fruit Extract, Sorbitan Oleate, Camellia Sinensis Leaf Extract.
**Nudestix formulations are updated from time to time as part of the brand's commitment to innovation and maintaining global compliance. Therefore, ingredient lists or claims shown here may differ from the box of the product depending on time and global region of purchase.","<div aria-labelledby=""Ingredients"" class=""content max-h-0 invisible translate-y-1/4 underline-hyperlink"" id=""product-description-2""> <div class=""attribute-content break-words""> <div class=""flex flex-col gap-2""><p>Cool: Active Ingredients: Zinc Oxide 15%. Inactive Ingredients: Aqua/Water/Eau, Coconut Alkanes, Caprylic/Capric Triglyceride, Propanediol, Coco-Caprylate/Caprate, Polyglyceryl-4 Diisostearate/Polyhydroxystearate/Sebacate, Methyl Dihydroabietate, Spirulina Platensis Extract, C13-15 Alkane, Sodium Chloride, Distarch Phosphate, Isostearic Acid, Polyhydroxystearic Acid, Quaternium-90 Bentonite, 1,2-Hexanediol, Benzyl Alcohol, Hydroxyacetophenone, Zinc Stearate, Ethyl Ferulate, Triethyl Citrate, Butylene Glycol, Lactobacillus Ferment, Passiflora Edulis Fruit Extract, Camellia Sinensis Leaf Extract.</p>
<p>Warm: Active Ingredients: Zinc Oxide 15%. Inactive Ingredients: Aqua/Water/Eau, Coconut Alkanes, Caprylic/Capric Triglyceride, Propanediol, Polyglyceryl-4 Diisostearate/Polyhydroxystearate/Sebacate, Coco-Caprylate/Caprate, Methyl Dihydroabietate, Spirulina Platensis Extract, C13-15 Alkane, Octyldodecanol, Sodium Chloride, Distarch Phosphate, Iron Oxides (Ci 77492), Polyhydroxystearic Acid, Isostearic Acid, Quaternium-90 Bentonite, Hydroxyacetophenone, Benzyl Alcohol, 1,2-Hexanediol, Zinc Stearate, Ethyl Ferulate, Iron Oxides (Ci77491), Butylene Glycol, Mica (Ci 77019), Triethyl Citrate, Iron Oxides (Ci 77499), Lactobacillus Ferment, Titanium Dioxide (Ci 77891), Passiflora Edulis Fruit Extract, Sorbitan Oleate, Camellia Sinensis Leaf Extract.</p>
<p>Hot: Active Ingredients: Zinc Oxide 15%. Inactive Ingredients: Aqua/Water/Eau, Coconut Alkanes, Caprylic/Capric Triglyceride, Propanediol, Octyldodecanol, Polyglyceryl-4 Diisostearate/Polyhydroxystearate/Sebacate, Coco-Caprylate/Caprate, Methyl Dihydroabietate, Spirulina Platensis Extract, C13-15 Alkane, Sodium Chloride, Iron Oxides (Ci 77492), Iron Oxides (Ci 77491), Distarch Phosphate, Polyhydroxystearic Acid, Isostearic Acid, Quaternium-90 Bentonite, Hydroxyacetophenone, Benzyl Alcohol, 1,2-Hexanediol, Zinc Stearate, Ethyl Ferulate, Iron Oxides (Ci 77499), Butylene Glycol, Mica (Ci77019), Triethyl Citrate, Lactobacillus Ferment, Titanium Dioxide (Ci 77891), Passiflora Edulis Fruit Extract, Sorbitan Oleate, Camellia Sinensis Leaf Extract.</p>
<p>**Nudestix formulations are updated from time to time as part of the brand's commitment to innovation and maintaining global compliance. Therefore, ingredient lists or claims shown here may differ from the box of the product depending on time and global region of purchase.</p></div> </div> </div>","☼ AM
When to Use: ​Apply 15 minutes before sun exposure. Reapply at least every 2 hours.
Recommended Amount:​ A generous amount.
Application:​ Pump onto your fingers and distribute evenly over the face, neck and décolleté.
Routine:​ Use in conjunction with sunscreen on the rest of your body.","<div aria-labelledby=""How-to-Use"" class=""content max-h-0 invisible translate-y-1/4 underline-hyperlink"" id=""product-description-1""> <div class=""attribute-content break-words""> <div class=""flex flex-col gap-2""><ul>
<li>☼ AM</li>
<li>When to Use: ​Apply 15 minutes before sun exposure. Reapply at least every 2 hours.</li>
<li>Recommended Amount:​ A generous amount.</li>
<li>Application:​ Pump onto your fingers and distribute evenly over the face, neck and décolleté.</li>
<li>Routine:​ Use in conjunction with sunscreen on the rest of your body.</li>
</ul></div> </div> </div>",,,,50ml,"https://static.thcdn.com/productimg/original/13534988-1264928322164574.jpg, https://static.thcdn.com/productimg/original/13534988-6164928318445003.jpg, https://static.thcdn.com/productimg/original/13534988-1604928318515206.jpg, https://static.thcdn.com/productimg/original/13534988-1094928318594973.jpg, https://static.thcdn.com/productimg/original/13534988-6254928318689632.jpg, https://static.thcdn.com/productimg/original/13534988-1604928318789556.jpg, https://static.thcdn.com/productimg/original/13534988-1924928318882457.jpg",16ec25ef-e1e9-562a-89fa-934ab4a9303b,2024-02-11 11:18:48
https://www.dermstore.com/p/eminence-hibiscus-ultra-lift-neck-cream/11370452/,Eminence Organic Skin Care Hibiscus Ultra Lift Neck Cream 1.7 fl. oz,Eminence Organic Skin Care,11370452,11370452,98.0,USD,InStock,NewCondition,4.42,19,Brands / Eminence Organic Skin Care / Eminence Organic Skin Care Hibiscus Ultra Lift Neck Cream 1.7 fl. oz," Eminence Organics Hibiscus Ultra Lift Neck Cream is a miracle worker for your neck and decolletage area, the most tell-tale areas to show signs of aging. This highly potent neck lift cream helps rejuvenate and tighten the skin. The blend of hibiscus and botanical hyaluronic acid keeps skin looking firm and rich in moisture. All-natural active ingredients give sagging skin a boost from paprika and edelweiss to ensure the neck looks smooth and instantly lifted. Gluten-free, Nut-free, Vegan. 
  Key Benefits  
 
  Visible results in as little as 2 minutes. 
  The elasticity of skin is improved to instantly look lifted and tightened 
  Wrinkles are smoothed and appear reduced 
  The neck and décolletage area is revitalized and hydrated for younger-looking skin 
 ","Organic Phytonutrient BlendTM [Aloe Barbadensis (Aloe) Leaf Juice*, Helianthus Annuus (Sunflower) Seed Oil*, Olea Europaea (Olive) Leaf Extract*, Centaurea Cyanus (Cornflower) Extract*, Hibiscus Sabdariffa (Hibiscus) Flower Extract*, Trifolium Pratense (Red Clover) Flower Extract*, Sambucus Nigra (Elderflower) Flower Extract*, Vitis Vinifera (Grape) Seed Extract*, Daucus Carota Sativa (Carrot) Root Extract*, Beta Vulgaris (Beet) Root Extract*, Glycine Soja (Soybean) Germ Extract*, Rosmarinus Officinalis (Rosemary) Leaf Extract* and Vegetable Glycerin*], Aqua (Water), Helianthus Annuus (Sunflower) Seed Oil*, Cetearyl Alcohol, Vegetable Glycerin, Glyceryl Stearate, Butyrospermum Parkii (Shea) Butter*, Hydrolyzed Soy Protein, Arachidyl Alcohol, Acacia Senegal (Acacia) Gum, Behenyl Alcohol, Glycerin, Arachidyl Glucoside, Leontopodium Alpinum (Edelweiss) Callus Culture Extract, Zingiber Officinale (Ginger) Root Extract, Euphorbia Cerifera (Candelilla) Wax, Lauryl Lactate, 1,2-Hexanediol, Caprylyl Glycol, Tropolone, Rosmarinus Officinalis (Rosemary) Leaf Extract*, Tocopheryl Acetate (Vitamin E), Lithium Magnesium Sodium Silicate, Sodium Hyaluronate (Botanical Hyaluronic Acid), Niacinamide (Vitamin B3), Persea Gratissima (Avocado) Oil*, Tetrasodium Glutamate Diacetate, Sodium Hydroxide, Xanthan Gum, Gardenia Taitensis (Monoi) Flower Extract, Cocos Nucifera (Coconut) Oil, Butyrospermum Parkii (Shea) Butter, Theobroma Cacao (Cocoa) Seed Butter, Panthenol (Provitamin B5), Pipterus Albidus (Māmaki) Leaf Extract, Dodonaea Viscosa ('A'ali'i) Flower Extract, Gardenia Florida Oil, Arginine, Sodium Citrate, Ferulic Acid, Orbignya Oleifera (Babassu) Seed Oil*, Schizandra Chinensis (Five Flavor Berry) Extract*, Capsicum Annuum (Paprika) Extract*, Iron Oxides, Ribes Rubrum (Red Currant) Fruit Extract, Vegetable Heptyl Glucoside, Biocomplex2TM [Euterpe Oleracea (Acai) Fruit Extract*, Citrus Limon (Lemon) Juice*, Malpighia Glabra (Barbados Cherry) Fruit Extract*, Emblica Officinalis (Indian Gooseberry) Fruit Extract*, Adansonia Digitata (Baobab) Fruit Extract*, Myrciaria Dubia (Camu Camu) Fruit Extract*, Daucus Carota Sativa (Carrot) Root Extract*, Cocos Nucifera (Coconut) Water*, Lycium Barbarum (Goji) Fruit Extract*, Plant-Derived Maltodextrin*, Vegetable Glycerin*, Thioctic Acid (Alpha Lipoic Acid) and Ubiquinone (Coenzyme Q10)].
*Certified organic ingredient
Eminence Organics is constantly innovating their product formulations to deliver the best results.
For the latest information, it is recommended to review the ingredient list printed on the packaging of the product prior to usage or consumption.","<div aria-labelledby=""Ingredients"" class=""content max-h-0 invisible translate-y-1/4 underline-hyperlink"" id=""product-description-4""> <div class=""attribute-content break-words""> <div class=""flex flex-col gap-2""><p>Organic Phytonutrient Blend<sup>TM</sup> [Aloe Barbadensis (Aloe) Leaf Juice*, Helianthus Annuus (Sunflower) Seed Oil*, Olea Europaea (Olive) Leaf Extract*, Centaurea Cyanus (Cornflower) Extract*, Hibiscus Sabdariffa (Hibiscus) Flower Extract*, Trifolium Pratense (Red Clover) Flower Extract*, Sambucus Nigra (Elderflower) Flower Extract*, Vitis Vinifera (Grape) Seed Extract*, Daucus Carota Sativa (Carrot) Root Extract*, Beta Vulgaris (Beet) Root Extract*, Glycine Soja (Soybean) Germ Extract*, Rosmarinus Officinalis (Rosemary) Leaf Extract* and Vegetable Glycerin*], Aqua (Water), Helianthus Annuus (Sunflower) Seed Oil*, Cetearyl Alcohol, Vegetable Glycerin, Glyceryl Stearate, Butyrospermum Parkii (Shea) Butter*, Hydrolyzed Soy Protein, Arachidyl Alcohol, Acacia Senegal (Acacia) Gum, Behenyl Alcohol, Glycerin, Arachidyl Glucoside, Leontopodium Alpinum (Edelweiss) Callus Culture Extract, Zingiber Officinale (Ginger) Root Extract, Euphorbia Cerifera (Candelilla) Wax, Lauryl Lactate, 1,2-Hexanediol, Caprylyl Glycol, Tropolone, Rosmarinus Officinalis (Rosemary) Leaf Extract*, Tocopheryl Acetate (Vitamin E), Lithium Magnesium Sodium Silicate, Sodium Hyaluronate (Botanical Hyaluronic Acid), Niacinamide (Vitamin B3), Persea Gratissima (Avocado) Oil*, Tetrasodium Glutamate Diacetate, Sodium Hydroxide, Xanthan Gum, Gardenia Taitensis (Monoi) Flower Extract, Cocos Nucifera (Coconut) Oil, Butyrospermum Parkii (Shea) Butter, Theobroma Cacao (Cocoa) Seed Butter, Panthenol (Provitamin B5), Pipterus Albidus (Māmaki) Leaf Extract, Dodonaea Viscosa ('A'ali'i) Flower Extract, Gardenia Florida Oil, Arginine, Sodium Citrate, Ferulic Acid, Orbignya Oleifera (Babassu) Seed Oil*, Schizandra Chinensis (Five Flavor Berry) Extract*, Capsicum Annuum (Paprika) Extract*, Iron Oxides, Ribes Rubrum (Red Currant) Fruit Extract, Vegetable Heptyl Glucoside, Biocomplex2<sup>TM</sup> [Euterpe Oleracea (Acai) Fruit Extract*, Citrus Limon (Lemon) Juice*, Malpighia Glabra (Barbados Cherry) Fruit Extract*, Emblica Officinalis (Indian Gooseberry) Fruit Extract*, Adansonia Digitata (Baobab) Fruit Extract*, Myrciaria Dubia (Camu Camu) Fruit Extract*, Daucus Carota Sativa (Carrot) Root Extract*, Cocos Nucifera (Coconut) Water*, Lycium Barbarum (Goji) Fruit Extract*, Plant-Derived Maltodextrin*, Vegetable Glycerin*, Thioctic Acid (Alpha Lipoic Acid) and Ubiquinone (Coenzyme Q10)].</p>
<p>*Certified organic ingredient</p>
<p>Eminence Organics is constantly innovating their product formulations to deliver the best results.</p>
<p><em><strong>For the latest information, it is recommended to review the ingredient list printed on the packaging of the product prior to usage or consumption.</strong></em></p></div> </div> </div>","Lightly massage 1-2 pumps of the cream onto the neck and décolletage area using upward sweeping motions for dramatic instant lifting, tightening and firming. Apply once or twice daily. Leave on.","<div aria-labelledby=""How-to-Use"" class=""content max-h-0 invisible translate-y-1/4 underline-hyperlink"" id=""product-description-2""> <div class=""attribute-content break-words""> <div class=""flex flex-col gap-2""><p>Lightly massage 1-2 pumps of the cream onto the neck and décolletage area using upward sweeping motions for dramatic instant lifting, tightening and firming. Apply once or twice daily. Leave on.</p></div> </div> </div>","Aging Skin: Fine Lines and Wrinkles, Loss of FirmnessApplication Area: Decollete, NeckIdeal for these Concerns: Aging Skin, Free Radical DamageIngredient: Aloe Vera, Coconut Oil, Essential Oils, Hyaluronic Acid, Panthenol, Shea Butter, Vitamin EPreferences: Certified Cruelty-Free, Certified Organic, Fragrance-Free, Gluten-Free, Natural, Paraben-Free, Phthalate-Free, Sulfate-Free, VeganSkin Care: Skin Care TreatmentsSkin Care Treatments: Decollete Neck CreamsSkin Type: Combination Skin, Dry Skin, Mature Skin, Normal Skin, Oily Skin, Sensitive Skin","<div aria-labelledby=""Skin-Type-&amp;-Concerns"" class=""content max-h-0 invisible translate-y-1/4 underline-hyperlink"" id=""product-description-3""> <div class=""attribute-content break-words""> <div class=""flex flex-col gap-2""><p><strong>Aging Skin:</strong> <a href=""/skin-care/treatments-serums/wrinkle-cream.list"">Fine Lines and Wrinkles</a>, <a href=""/treatment/loss-of-firmness.list"">Loss of Firmness</a><br/><strong>Application Area:</strong> <a href=""/application-area/decollete.list"">Decollete</a>, <a href=""/application-area/neck.list"">Neck</a><br/><strong>Ideal for these Concerns:</strong> <a href=""/skin-care/skin-care-treatments/anti-aging-products.list"">Aging Skin</a>, <a href=""/treatment/free-radical-damage.list"">Free Radical Damage</a><br/><strong>Ingredient:</strong> <a href=""/ingredient/aloe-vera.list"">Aloe Vera</a>, <a href=""/ingredient/coconut-oil.list"">Coconut Oil</a>, <a href=""/bath-body/body-care/essential-oils.list"">Essential Oils</a>, <a href=""/ingredient/hyaluronic-acid.list"">Hyaluronic Acid</a>, <a href=""/ingredient/panthenol.list"">Panthenol</a>, <a href=""/ingredient/shea-butter.list"">Shea Butter</a>, <a href=""/ingredient/vitamin-e.list"">Vitamin E</a><br/><strong>Preferences:</strong> <a href=""/cruelty-free.list"">Certified Cruelty-Free</a>, <a href=""/organic-beauty/certified-organic.list"">Certified Organic</a>, <a href=""/fragrance/fragrance-free.list"">Fragrance-Free</a>, <a href=""/organic-beauty/gluten-free.list"">Gluten-Free</a>, <a href=""/organic-beauty/natural.list"">Natural</a>, <a href=""/preferences/paraben-free.list"">Paraben-Free</a>, <a href=""/preferences/phthalate-free.list"">Phthalate-Free</a>, <a href=""/preferences/sulfate-free.list"">Sulfate-Free</a>, <a href=""/vegan.list"">Vegan</a><br/><strong>Skin Care:</strong> <a href=""/skin-care/treatments-serums.list"">Skin Care Treatments</a><br/><strong>Skin Care Treatments:</strong> <a href=""/skin-care/treatments-serums/neck-cream.list"">Decollete Neck Creams</a><br/><strong>Skin Type:</strong> <a href=""/skin-care/combination-skin.list"">Combination Skin</a>, <a href=""/skin-care/dry-skin.list"">Dry Skin</a>, <a href=""/skin-care/mature-skin.list"">Mature Skin</a>, <a href=""/skin-care/normal-skin.list"">Normal Skin</a>, <a href=""/skin-care/oily-skin.list"">Oily Skin</a>, <a href=""/skin-care/sensitive-skin.list"">Sensitive Skin</a></p></div> </div> </div>",,,"https://static.thcdn.com/productimg/original/11370452-9244872074089377.jpg, https://static.thcdn.com/productimg/original/11370452-1774866732444582.jpg, https://static.thcdn.com/productimg/original/11370452-1024864246443564.jpg, https://static.thcdn.com/productimg/original/11370452-7284864246532478.jpg",4110243a-807d-59b0-992a-7bb203efaace,2024-02-11 11:18:50
https://www.dermstore.com/p/miriam-quevedo-dermstore-exclusive-black-baccara-set/13175660/,Dermstore Exclusive Black Baccara Set (Worth $125.00),Miriam Quevedo,13175660,13175660,95.0,USD,OutOfStock,NewCondition,5,1,Brands / miriam quevedo / Dermstore Exclusive Black Baccara Set (Worth $125.00)," Restore hair and scalp with the Black Baccara Haircare Christmas Set from miriam quevedo. This festive hair care set is designed to reverse the signs of aging and transform hair back to a healthier state.&nbsp; It works from the follicle to the fiber to stimulate growth and delivers superior rejuvenation, strength and hydration for healthier, shinier hair with renewed texture and manageability.&nbsp; 
  Black Baccara Haircare Christmas Set 2021 includes:&nbsp;&nbsp;  
 
  Shampoo (250 ml.): A luxurious and restorative treatment shampoo.&nbsp; 
  Mask (250 ml.): A reparative hair growth mask.&nbsp; 
  Texturizing Wave Mist Spray (150 ml.): A hair texturizing spray to give your hair a shinier look.&nbsp; 
 
  Key Ingredients:&nbsp;  
  Black Baccara Rose Youth Concentrate:  provides intense protection against internal and external stressors, while constantly adapting based on lifestyle and environment to prevent and defend against aging caused prematurely by our daily routines&nbsp; 
  Fresh Rose Stem Cells:  contains special epigenetic factors and metabolites to preserve hair follicle’s stem cells’ function, increasing stem cell vitality, boosting regeneration and protecting against environmental stress&nbsp; 
  Hair Growth Factors:  act at the heart of hair follicle, targeting multiple hair growth regulators, to prevent and stop hair loss while also stimulating growth&nbsp; 
  Key Benefits:&nbsp;  
 
  Gently cleanses while preventing hair growth disturbances due to our environment and lifestyle&nbsp; 
  Intensely moisturizes, nourishes and revitalizes hair and scalp while preventing hair growth disturbances due to our environment and lifestyle&nbsp; 
  Adds volume and texture&nbsp; 
 ","Texturizing Wave Mist: Aqua (Water), Propanediol, Peg-40 Hydrogenated Castor Oil, Betaine, Peg-7 Glyceryl Cocoate, Polyquaternium-6, Rosa Hybrid Flower Extract, Panthenol, Rhodiola Rosea Root Extract, Glutamylamidoethyl Imidazole, Gluconolactone, Oryza Sativa (Rice) Extract, Oryza Sativa (Rice) Seed Protein, Arginine Hcl, Sepiolite Extract, Ascorbyl Tetraisopalmitate, Glycerin, Rhododendron Ferrugineum Leaf Cell Culture Extract, Hydrolyzed Chestnut Extract, Wheat Amino Acids, Moringa Oleifera Seed Extract/Moringa Pterygosperma Seed Extract, Threonine, Tocopherol, Serine, Phospholipids, Isomalt, Phytic Acid, Mica, Tartaric Acid, Pvp, Gold, Soy Amino Acids, Maltodextrin, Hydroxypropylgluconamide, Hydroxypropylammonium Gluconate, Propylene Glycol, Maltodextrin/Vp Copolymer, Copper, Silver, Calcium Gluconate, Sorbic Acid, Sodium Benzoate, Hydroxyacetophenone, Caprylyl Glycol, 1,2-hexanediol, Phenoxyethanol, Citric Acid, Ethylhexylglycerin, Potassium Sorbate, Parfum (Fragrance), Benzyl Alcohol, Ci 77891 (Titanium Dioxide), Ci 77491 (Iron Oxides).
Mask: Aqua (Water), Behentrimonium Methosulfate, Cetyl Alcohol, C12-15 Alkyl Benzoate, Cetearyl Alcohol, Panthenol, Biotin, Tocopheryl Acetate, Hydroxypinacolone Retinoate, Arginine Hcl, Glutamylamidoethyl Imidazole, Inositol, Yeast Extract, Boswellia Serrata Resin Extract, Rhodiola Rosea Root Extract, Maltodextrin, Rosa Hybrid Flower Extract, Salvia Hispanica Seed Oil, Sodium Ascorbyl Phosphate, Rhododendron Ferrugineum Leaf Cell Culture Extract, Threonine, Riboflavin, Moringa Oleifera Seed Extract, Wheat Amino Acids, Vitis Vinifera (Grape) Fruit Extract, Zingiber Officinale (Ginger) Root Extract, Lecithin, Dextran, Acetyl Tetrapeptide-3, Arginine, Serine, Trifolium Pratense (Clover) Flower Extract, Niacinamide, Xylitol, Lactitol, Isomalt, Tartaric Acid, Hydroxypropylammonium Gluconate, Soy Amino Acids, Hydroxypropylgluconamide, Sodium Hydroxide, Lactic Acid, Dimethyl Isosorbide, Glycerin, Hydroxyacetophenone, Caprylyl Glycol, 1,2-hexanediol, Citric Acid, Sodium Benzoate, Potassium Sorbate, Phenoxyethanol, Sorbic Acid, Butylene Glycol, Parfum (Fragrance), Benzyl Alcohol.
Shampoo: Aqua (Water), Sodium Lauroyl Methyl Isethionate, Cocamidopropyl Betaine, Glycol Distearate, Peg-120 Methyl Glucose Trioleate, Rosa Hybrid Flower Extract, Panthenol, Hydroxypinacolone Retinoate, Biotin, Rhodiola Rosea Root Extract, Yeast Extract, Boswellia Serrata Resin Extract, Maltodextrin, Inositol, Tocopheryl Acetate, Arginine Hcl, Glutamylamidoethyl Imidazole, Rhododendron Ferrugineum Leaf Cell Culture Extract, Sodium Ascorbyl Phosphate, Wheat Amino Acids, Vitis Vinifera (Grape) Fruit Extract, Moringa Oleifera Seed Extract, Zingiber Officinale (Ginger) Root Extract, Threonine, Riboflavin, Lecithin, Trifolium Pratense (Clover) Flower Extract, Dextran, Niacinamide, Serine, Lactitol, Arginine, Xylitol, Acetyl Tetrapeptide-3, Isomalt, Sodium Cocoyl Apple Amino Acids, Tartaric Acid, Tetrasodium Glutamate Diacetate, Hydroxypropylgluconamide, Sodium Hydroxide, Soy Amino Acids, Hexylene Glycol, Hydroxypropylammonium Gluconate, Hydroxypropyl Guar Hydroxypropyltrimonium Chloride, Polyquaternium-7, Lactic Acid, Dimethyl Isosorbide, Glycerin, Sodium Chloride, Propanediol, Hydroxyacetophenone, Caprylyl Glycol, 1,2-hexanediol, Citric Acid, Sodium Benzoate, Potassium Sorbate, Phenoxyethanol, Sorbic Acid, Butylene Glycol, Parfum (Fragrance). 
For the latest information, it is recommended to review the ingredient list printed on the packaging of the product prior to usage or consumption.","<div aria-labelledby=""Ingredients"" class=""content max-h-0 invisible translate-y-1/4 underline-hyperlink"" id=""product-description-3""> <div class=""attribute-content break-words""> <div class=""flex flex-col gap-2""><p><strong>Texturizing Wave Mist: </strong>Aqua (Water), Propanediol, Peg-40 Hydrogenated Castor Oil, Betaine, Peg-7 Glyceryl Cocoate, Polyquaternium-6, Rosa Hybrid Flower Extract, Panthenol, Rhodiola Rosea Root Extract, Glutamylamidoethyl Imidazole, Gluconolactone, Oryza Sativa (Rice) Extract, Oryza Sativa (Rice) Seed Protein, Arginine Hcl, Sepiolite Extract, Ascorbyl Tetraisopalmitate, Glycerin, Rhododendron Ferrugineum Leaf Cell Culture Extract, Hydrolyzed Chestnut Extract, Wheat Amino Acids, Moringa Oleifera Seed Extract/Moringa Pterygosperma Seed Extract, Threonine, Tocopherol, Serine, Phospholipids, Isomalt, Phytic Acid, Mica, Tartaric Acid, Pvp, Gold, Soy Amino Acids, Maltodextrin, Hydroxypropylgluconamide, Hydroxypropylammonium Gluconate, Propylene Glycol, Maltodextrin/Vp Copolymer, Copper, Silver, Calcium Gluconate, Sorbic Acid, Sodium Benzoate, Hydroxyacetophenone, Caprylyl Glycol, 1,2-hexanediol, Phenoxyethanol, Citric Acid, Ethylhexylglycerin, Potassium Sorbate, Parfum (Fragrance), Benzyl Alcohol, Ci 77891 (Titanium Dioxide), Ci 77491 (Iron Oxides).</p>
<p><strong>Mask: </strong>Aqua (Water), Behentrimonium Methosulfate, Cetyl Alcohol, C12-15 Alkyl Benzoate, Cetearyl Alcohol, Panthenol, Biotin, Tocopheryl Acetate, Hydroxypinacolone Retinoate, Arginine Hcl, Glutamylamidoethyl Imidazole, Inositol, Yeast Extract, Boswellia Serrata Resin Extract, Rhodiola Rosea Root Extract, Maltodextrin, Rosa Hybrid Flower Extract, Salvia Hispanica Seed Oil, Sodium Ascorbyl Phosphate, Rhododendron Ferrugineum Leaf Cell Culture Extract, Threonine, Riboflavin, Moringa Oleifera Seed Extract, Wheat Amino Acids, Vitis Vinifera (Grape) Fruit Extract, Zingiber Officinale (Ginger) Root Extract, Lecithin, Dextran, Acetyl Tetrapeptide-3, Arginine, Serine, Trifolium Pratense (Clover) Flower Extract, Niacinamide, Xylitol, Lactitol, Isomalt, Tartaric Acid, Hydroxypropylammonium Gluconate, Soy Amino Acids, Hydroxypropylgluconamide, Sodium Hydroxide, Lactic Acid, Dimethyl Isosorbide, Glycerin, Hydroxyacetophenone, Caprylyl Glycol, 1,2-hexanediol, Citric Acid, Sodium Benzoate, Potassium Sorbate, Phenoxyethanol, Sorbic Acid, Butylene Glycol, Parfum (Fragrance), Benzyl Alcohol.</p>
<p><strong>Shampoo:</strong> Aqua (Water), Sodium Lauroyl Methyl Isethionate, Cocamidopropyl Betaine, Glycol Distearate, Peg-120 Methyl Glucose Trioleate, Rosa Hybrid Flower Extract, Panthenol, Hydroxypinacolone Retinoate, Biotin, Rhodiola Rosea Root Extract, Yeast Extract, Boswellia Serrata Resin Extract, Maltodextrin, Inositol, Tocopheryl Acetate, Arginine Hcl, Glutamylamidoethyl Imidazole, Rhododendron Ferrugineum Leaf Cell Culture Extract, Sodium Ascorbyl Phosphate, Wheat Amino Acids, Vitis Vinifera (Grape) Fruit Extract, Moringa Oleifera Seed Extract, Zingiber Officinale (Ginger) Root Extract, Threonine, Riboflavin, Lecithin, Trifolium Pratense (Clover) Flower Extract, Dextran, Niacinamide, Serine, Lactitol, Arginine, Xylitol, Acetyl Tetrapeptide-3, Isomalt, Sodium Cocoyl Apple Amino Acids, Tartaric Acid, Tetrasodium Glutamate Diacetate, Hydroxypropylgluconamide, Sodium Hydroxide, Soy Amino Acids, Hexylene Glycol, Hydroxypropylammonium Gluconate, Hydroxypropyl Guar Hydroxypropyltrimonium Chloride, Polyquaternium-7, Lactic Acid, Dimethyl Isosorbide, Glycerin, Sodium Chloride, Propanediol, Hydroxyacetophenone, Caprylyl Glycol, 1,2-hexanediol, Citric Acid, Sodium Benzoate, Potassium Sorbate, Phenoxyethanol, Sorbic Acid, Butylene Glycol, Parfum (Fragrance). </p>
<p><em><strong>For the latest information, it is recommended to review the ingredient list printed on the packaging of the product prior to usage or consumption.</strong></em></p></div> </div> </div>","Texturizing Wave Mist: Always shake upside down vigorously before use. This versatile hair mist can be applied in two ways for different hairstyles: To define natural waves and curls: Spray on damp hair, lock by lock. Work well with your hand to define the natural wave and then activate the product using a hair dryer. For enhanced results, use a hair diffuser, section by section. To create waves with heat tools: Spray on damp hair, lock by lock. Dry the hair completely before starting to work the hair. Then, create the desired waves with your favorite heat tool, section by section. Uniquely formulated to be layered with other Miriam Quevedo Treatment Stylers as desired. Miriam’s tips: Apply the Black Baccara Hair Repairing & Multiplying Serum on damp hair before spraying the mist to achieve lightness in the hair while taming frizz and static.
Mask: Apply to wet hair and scalp and gently massage. Distribute with downwards strokes starting near the tips working upwards to the roots. Leave on for 5 to 15 minutes. Rinse thoroughly.
Shampoo: Apply to wet hair and scalp. Massage in gently to create lather. Leave on for 2 to 5 minutes. Rinse thoroughly. In case of contact with eyes, rinse immediately.","<div aria-labelledby=""How-to-Use"" class=""content max-h-0 invisible translate-y-1/4 underline-hyperlink"" id=""product-description-1""> <div class=""attribute-content break-words""> <div class=""flex flex-col gap-2""><p><strong>Texturizing Wave Mist: </strong>Always shake upside down vigorously before use. This versatile hair mist can be applied in two ways for different hairstyles: To define natural waves and curls: Spray on damp hair, lock by lock. Work well with your hand to define the natural wave and then activate the product using a hair dryer. For enhanced results, use a hair diffuser, section by section. To create waves with heat tools: Spray on damp hair, lock by lock. Dry the hair completely before starting to work the hair. Then, create the desired waves with your favorite heat tool, section by section. Uniquely formulated to be layered with other Miriam Quevedo Treatment Stylers as desired. Miriam’s tips: Apply the Black Baccara Hair Repairing &amp; Multiplying Serum on damp hair before spraying the mist to achieve lightness in the hair while taming frizz and static.</p>
<p><strong>Mask: </strong>Apply to wet hair and scalp and gently massage. Distribute with downwards strokes starting near the tips working upwards to the roots. Leave on for 5 to 15 minutes. Rinse thoroughly.</p>
<p><strong>Shampoo:</strong> Apply to wet hair and scalp. Massage in gently to create lather. Leave on for 2 to 5 minutes. Rinse thoroughly. In case of contact with eyes, rinse immediately.</p></div> </div> </div>","Application Area: Hair, ScalpConcern: Damaged Hair, Dryness and Dehydration, Frizzy Hair, Hair Loss and Thinning Hair, Hypersensitive SkinFragrance Note: FloralHair Care: Hair Care Kits and Value SetsHair Type: Coarse Hair, Color-Treated Hair, Curly Hair, Dry or Damaged Hair, Fine Hair, Normal Hair, Oily HairIngredient: Essential Oils, Keratin, Peptides, Plant Stem CellsPreferences: Certified Cruelty-Free, Clean, Paraben-Free, VeganSkin Type: Acne-Prone Skin, Combination Skin, Dry Skin, Mature Skin, Normal Skin, Oily Skin, Sensitive Skin","<div aria-labelledby=""Skin-Type-&amp;-Concerns"" class=""content max-h-0 invisible translate-y-1/4 underline-hyperlink"" id=""product-description-2""> <div class=""attribute-content break-words""> <div class=""flex flex-col gap-2""><p><strong>Application Area: </strong><a href=""/hair-care.list"">Hair</a>, <a href=""/hair-care/scalp.list"">Scalp</a><br/><strong>Concern: </strong><a href=""/treatment/damaged-hair.list"">Damaged Hair</a>, <a href=""/skin-care/dryness-dehydration.list"">Dryness and Dehydration</a>, <a href=""/hair-care/frizzy-hair.list"">Frizzy Hair</a>, <a href=""/hair-care/hair-loss-thinning-hair.list"">Hair Loss and Thinning Hair</a>, <a href=""/treatment/hypersensitive-skin.list"">Hypersensitive Skin</a><br/><strong>Fragrance Note: </strong><a href=""/fragrance/floral.list"">Floral</a><br/><strong>Hair Care: </strong><a href=""/hair-care/hair-care-kits-value-sets.list"">Hair Care Kits and Value Sets</a><br/><strong>Hair Type: </strong><a href=""/hair-care/coarse-hair-treatments.list"">Coarse Hair</a>, <a href=""/hair-care/color-treated-hair.list"">Color-Treated Hair</a>, <a href=""/hair-care/curly-hair.list"">Curly Hair</a>, <a href=""/hair-care/dry-or-damaged-hair.list"">Dry or Damaged Hair</a>, <a href=""/hair-care/fine-hair.list"">Fine Hair</a>, <a href=""/hair-care/normal-hair.list"">Normal Hair</a>, <a href=""/hair-care/oily-hair.list"">Oily Hair</a><br/><strong>Ingredient: </strong><a href=""/bath-body/body-care/essential-oils.list"">Essential Oils</a>, <a href=""/hair-care/keratin.list"">Keratin</a>, <a href=""/ingredient/peptides.list"">Peptides</a>, <a href=""/ingredient/plant-stem-cells.list"">Plant Stem Cells</a><br/><strong>Preferences: </strong><a href=""/cruelty-free.list"">Certified Cruelty-Free</a>, <a href=""/organic-beauty/clean.list"">Clean</a>, <a href=""/preferences/paraben-free.list"">Paraben-Free</a>, <a href=""/vegan.list"">Vegan</a><br/><strong>Skin Type: </strong><a href=""/skin-care/acne-prone-skin.list"">Acne-Prone Skin</a>, <a href=""/skin-care/combination-skin.list"">Combination Skin</a>, <a href=""/skin-care/dry-skin.list"">Dry Skin</a>, <a href=""/skin-care/mature-skin.list"">Mature Skin</a>, <a href=""/skin-care/normal-skin.list"">Normal Skin</a>, <a href=""/skin-care/oily-skin.list"">Oily Skin</a>, <a href=""/skin-care/sensitive-skin.list"">Sensitive Skin</a></p></div> </div> </div>",,,"https://static.thcdn.com/productimg/original/13175660-1024884692706069.jpg, https://static.thcdn.com/productimg/original/13175660-1794876484432508.jpg, https://static.thcdn.com/productimg/original/13175660-3924876484469840.jpg",dd04a193-3aca-565f-ace7-5b4095c583e4,2024-02-11 11:18:50
https://www.dermstore.com/p/espa-energising-body-oil/12226489/,ESPA Energising Body Oil 3.3 fl. oz.,ESPA,12226489,12226489,70.0,USD,InStock,NewCondition,4,1,Brands / ESPA / ESPA Energising Body Oil 3.3 fl. oz.," ESPA's Energising Body Oil harnesses the power of aromatherapy to awaken and refresh the skin and senses. This nourishing body oil combines stimulating peppermint, refreshing eucalyptus and clarifying rosemary to combat fatigue, reenergize the skin and invigorate the senses with a pleasant aromatic experience. 
  Key Ingredients:  
 
   Peppermint:  re-energizes 
   Eucalyptus:  refreshes 
   Rosemary:  clarifies and awakens 
 
  Key Benefits:  
 
  This lightweight body oil deeply nourishes the skin 
  Blended with essential oils that provide a refreshing aromatic experience 
  Ideal for all skin types 
 ","Caprylic/Capric Triglyceride, Glycine Soja (Soybean) Oil, Prunus Amygdalus Dulcis (Sweet Almond) Oil, Persea Gratissima (Avocado) Oil, Helianthus Annuus (Sunflower) Seed Oil, Litsea Cubeba Fruit Oil, Rosmarinus Officinalis (Rosemary) Leaf Oil, Lavandula Angustifolia (Lavender) Oil, Citral, Eucalyptus Globulus Leaf Oil, Linalool, Mentha Piperita (Peppermint) Oil, Limonene, Tocopheryl Acetate, Fragrance* (Parfum), Geraniol, Citronellol, Coumarin, Beta-Carotene, Daucus Carota Sativa (Carrot) Root Extract, Daucus Carota Sativa (Carrot) Seed Oil, Ascorbyl Palmitate. *100% Natural Fragrance.
For the latest information, it is recommended to review the ingredient list printed on the packaging of the product prior to usage or consumption.","<div aria-labelledby=""Ingredients"" class=""content max-h-0 invisible translate-y-1/4 underline-hyperlink"" id=""product-description-3""> <div class=""attribute-content break-words""> <div class=""flex flex-col gap-2""><p>Caprylic/Capric Triglyceride, Glycine Soja (Soybean) Oil, Prunus Amygdalus Dulcis (Sweet Almond) Oil, Persea Gratissima (Avocado) Oil, Helianthus Annuus (Sunflower) Seed Oil, Litsea Cubeba Fruit Oil, Rosmarinus Officinalis (Rosemary) Leaf Oil, Lavandula Angustifolia (Lavender) Oil, Citral, Eucalyptus Globulus Leaf Oil, Linalool, Mentha Piperita (Peppermint) Oil, Limonene, Tocopheryl Acetate, Fragrance* (Parfum), Geraniol, Citronellol, Coumarin, Beta-Carotene, Daucus Carota Sativa (Carrot) Root Extract, Daucus Carota Sativa (Carrot) Seed Oil, Ascorbyl Palmitate. *100% Natural Fragrance.</p>
<p><em><strong>For the latest information, it is recommended to review the ingredient list printed on the packaging of the product prior to usage or consumption.</strong></em></p></div> </div> </div>","This revitalising body oil can be used whenever you feel the need to awaken your senses. Massage into skin in firm, upward movements until fully absorbed to leave skin feeling beautifully soft and supple.","<div aria-labelledby=""How-to-Use"" class=""content max-h-0 invisible translate-y-1/4 underline-hyperlink"" id=""product-description-1""> <div class=""attribute-content break-words""> <div class=""flex flex-col gap-2""><p>This revitalising body oil can be used whenever you feel the need to awaken your senses. Massage into skin in firm, upward movements until fully absorbed to leave skin feeling beautifully soft and supple.</p></div> </div> </div>","Application Area: BodyBath and Body: Lotions and OilsIdeal for these Concerns: Dryness and DehydrationFragrance Note: FreshIngredient: Essential OilsLotions and Oils: Body OilPreferences: Certified Cruelty-Free,Non-Comedogenic,Paraben-Free,Phthalate-Free,Sulfate-FreeIdeal for these Skin Types: Dry Skin","<div aria-labelledby=""Skin-Type-&amp;-Concerns"" class=""content max-h-0 invisible translate-y-1/4 underline-hyperlink"" id=""product-description-2""> <div class=""attribute-content break-words""> <div class=""flex flex-col gap-2""><p><strong>Application Area:</strong> <a href=""/application-area/body.list"">Body</a><br/><strong>Bath and Body:</strong> <a href=""/bath-body/lotions-oils.list"">Lotions and Oils</a><br/><strong>Ideal for these Concerns:</strong> <a href=""/skin-care/dryness-dehydration.list"">Dryness and Dehydration</a><br/><strong>Fragrance Note:</strong> <a href=""/fragrance/fresh.list"">Fresh</a><br/><strong>Ingredient:</strong> <a href=""/bath-body/body-care/essential-oils.list"">Essential Oils</a><br/><strong>Lotions and Oils:</strong> <a href=""/bath-body/lotions-oils/body-oil.list"">Body Oil</a><br/><strong>Preferences:</strong> <a href=""/cruelty-free.list"">Certified Cruelty-Free</a>,<a href=""/skin-care/non-comedogenic-skin-care.list"">Non-Comedogenic</a>,<a href=""/preferences/paraben-free.list"">Paraben-Free</a>,<a href=""/preferences/phthalate-free.list"">Phthalate-Free</a>,<a href=""/preferences/sulfate-free.list"">Sulfate-Free</a><br/><strong>Ideal for these Skin Types:</strong> <a href=""/skin-care/dry-skin.list"">Dry Skin</a></p></div> </div> </div>",Energising,100ml,"https://static.thcdn.com/productimg/1600/1600/12226489-7684768410015780.jpg, https://static.thcdn.com/productimg/1600/1600/12226489-2354768410176208.jpg",0b425e08-c8ce-5868-9b69-b0152aecaaf0,2024-02-11 11:18:50
https://www.dermstore.com/p/alterna-caviar-anti-ageing-seasilk-moisture-conditioner-250ml/10360329/,Alterna CAVIAR Anti-Aging Replenishing Moisture Conditioner 8.5 oz,Alterna,10360329,10360329,37.0,USD,InStock,NewCondition,,,Brands / Alterna / Alterna CAVIAR Anti-Aging Replenishing Moisture Conditioner 8.5 oz," A luxurious conditioner that works to restore moisture while protecting hair from color fade, daily stresses and future damage. ","Water/Aqua/Eau, Cetearyl Alcohol, Behentrimonium Chloride, Cetrimonium Chloride, Isododecane, Glycerin, Dimethicone, Caviar Extract, Alaria Esculenta Extract, Butyrospermum Parkii (Shea) Butter, Linum Usitatissimum (Linseed) Seed Oil, Helianthus Annuus (Sunflower) Seed Oil, Hydrolyzed Rice Protein, Jojoba Esters, Saccharomyces/Magnesium Ferment, Saccharomyces/Copper Ferment, Saccharomyces/Silicon Ferment, Saccharomyces/Zinc Ferment, Saccharomyces/ Iron Ferment, Phospholipids, Superoxide Dismutase, Hydrolyzed Vegetable Protein Pg-Propyl Silanetriol, Guar Hydroxypropyltrimonium Chloride, Tocopheryl Acetate, Amodimethicone, Caprylyl Glycol, Butylene Glycol, Isohexadecane, Tocopherol, Polysilicone-15, Disodium Edta, Hydroxyethylcellulose, Sodium Acetate, Ascorbic Acid, Citric Acid, Acetic Acid, Glycereth-26, C11-15 Pareth-7, Laureth-9, Trideceth-12, Peg-4 Laurate, Peg-4 Dilaurate, Peg-4, Isopentyldiol, Isopropyl Alcohol, Phenoxyethanol, Potassium Sorbate, Benzyl Alcohol, Iodopropynyl Butylcarbamate, Sodium Benzoate, Fragrance (Parfum). (10-16-35826)
For the latest information, it is recommended to review the ingredient list printed on the packaging of the product prior to usage or consumption.","<div aria-labelledby=""Ingredients"" class=""content max-h-0 invisible translate-y-1/4 underline-hyperlink"" id=""product-description-2""> <div class=""attribute-content break-words""> <div class=""flex flex-col gap-2""><p>Water/Aqua/Eau, Cetearyl Alcohol, Behentrimonium Chloride, Cetrimonium Chloride, Isododecane, Glycerin, Dimethicone, Caviar Extract, Alaria Esculenta Extract, Butyrospermum Parkii (Shea) Butter, Linum Usitatissimum (Linseed) Seed Oil, Helianthus Annuus (Sunflower) Seed Oil, Hydrolyzed Rice Protein, Jojoba Esters, Saccharomyces/Magnesium Ferment, Saccharomyces/Copper Ferment, Saccharomyces/Silicon Ferment, Saccharomyces/Zinc Ferment, Saccharomyces/ Iron Ferment, Phospholipids, Superoxide Dismutase, Hydrolyzed Vegetable Protein Pg-Propyl Silanetriol, Guar Hydroxypropyltrimonium Chloride, Tocopheryl Acetate, Amodimethicone, Caprylyl Glycol, Butylene Glycol, Isohexadecane, Tocopherol, Polysilicone-15, Disodium Edta, Hydroxyethylcellulose, Sodium Acetate, Ascorbic Acid, Citric Acid, Acetic Acid, Glycereth-26, C11-15 Pareth-7, Laureth-9, Trideceth-12, Peg-4 Laurate, Peg-4 Dilaurate, Peg-4, Isopentyldiol, Isopropyl Alcohol, Phenoxyethanol, Potassium Sorbate, Benzyl Alcohol, Iodopropynyl Butylcarbamate, Sodium Benzoate, Fragrance (Parfum). (10-16-35826)</p>
<p><em><strong>For the latest information, it is recommended to review the ingredient list printed on the packaging of the product prior to usage or consumption.</strong></em></p></div> </div> </div>","After cleansing, massage throughout wet hair. Rinse.","<div aria-labelledby=""How-to-Use"" class=""content max-h-0 invisible translate-y-1/4 underline-hyperlink"" id=""product-description-1""> <div class=""attribute-content break-words""> <div class=""flex flex-col gap-2""><p>After cleansing, massage throughout wet hair. Rinse.</p></div> </div> </div>",,,Caviar ReplenishingCaviar,251ml,"https://static.thcdn.com/productimg/original/11524820-1575011482787017.jpg, https://static.thcdn.com/productimg/original/11524820-1684979067111099.jpg, https://static.thcdn.com/productimg/original/11524820-1264979067158382.jpg, https://static.thcdn.com/productimg/original/11524820-2064979067247980.jpg",911d484a-35e7-5f7c-ac95-6a39b9069cf6,2024-02-11 11:18:50
https://www.dermstore.com/p/replenix-acne-solutions-gly-sal-10-2-pads/11296433/,Replenix Gly-Sal 10-2 Clarifying Pads (60 count),Replenix,11296433,11296433,36.5,USD,InStock,NewCondition,4.54,26,Brands / Replenix / Replenix Gly-Sal 10-2 Clarifying Pads (60 count)," Replenix Gly-Sal 10-2 Clarifying Pads are medicated with 10% pure glycolic acid and 2% salicylic acid to effectively unclog pores, eliminate dead skin and gently exfoliate. Combined with witch hazel, these medicated pads deliver astringent and toning benefits, promoting glowing, clear skin. 
  Due to a manufacturer packaging change, item received may vary from product image  ","Active: Salicylic Acid 2%.
Innactive: Purified Water, Glycolic Acid, SD Alcohol (13& v/v), Witch Hazel, Ammonium Hydroxide, Polysorbate-20, Disodium EDTA, Sodium Benzoate, Acetone, Imidazolidinyl Urea.
For the latest information, it is recommended to review the ingredient list printed on the packaging of the product prior to usage or consumption.","<div aria-labelledby=""Ingredients"" class=""content max-h-0 invisible translate-y-1/4 underline-hyperlink"" id=""product-description-3""> <div class=""attribute-content break-words""> <div class=""flex flex-col gap-2""><p><strong>Active:</strong> Salicylic Acid 2%.</p>
<p><strong>Innactive: </strong>Purified Water, Glycolic Acid, SD Alcohol (13&amp; v/v), Witch Hazel, Ammonium Hydroxide, Polysorbate-20, Disodium EDTA, Sodium Benzoate, Acetone, Imidazolidinyl Urea.</p>
<p><em><strong>For the latest information, it is recommended to review the ingredient list printed on the packaging of the product prior to usage or consumption.</strong></em></p></div> </div> </div>","Wipe the entire affected area with a moist pad one to three times a day. If excessive drying of the skin occurs, start with one application a day, then gradually increase to two or three times a day if needed or as directed by a physician. If extreme dryness or peeling occurs, reduce application to once a day or every other day.","<div aria-labelledby=""How-to-Use"" class=""content max-h-0 invisible translate-y-1/4 underline-hyperlink"" id=""product-description-1""> <div class=""attribute-content break-words""> <div class=""flex flex-col gap-2""><p>Wipe the entire affected area with a moist pad one to three times a day. If excessive drying of the skin occurs, start with one application a day, then gradually increase to two or three times a day if needed or as directed by a physician. If extreme dryness or peeling occurs, reduce application to once a day or every other day.</p></div> </div> </div>","Acne: Acne ScarsApplication Area: FaceCleansers and Exfoliators: Exfoliants Peels and ScrubsIdeal for these Concerns: Acne, Large PoresIngredient: Glycolic Acid, Salicylic Acid, Witch HazelPreferences: Oil-Free, Paraben-Free, Sulfate-FreeSkin Type: Acne-Prone Skin","<div aria-labelledby=""Skin-Type-&amp;-Concerns"" class=""content max-h-0 invisible translate-y-1/4 underline-hyperlink"" id=""product-description-2""> <div class=""attribute-content break-words""> <div class=""flex flex-col gap-2""><p><strong>Acne:</strong> <a href=""/treatment/acne-scars.list"">Acne Scars</a><br/><strong>Application Area:</strong> <a href=""/application-area/face.list"">Face</a><br/><strong>Cleansers and Exfoliators:</strong> <a href=""/skin-care/cleansers/exfoliants-peels-scrubs.list"">Exfoliants Peels and Scrubs</a><br/><strong>Ideal for these Concerns:</strong> <a href=""/skin-care/skin-care-treatments/acne-clearing-products.list"">Acne</a>, <a href=""/treatment/large-pores.list"">Large Pores</a><br/><strong>Ingredient:</strong> <a href=""/ingredient/glycolic-acid.list"">Glycolic Acid</a>, <a href=""/ingredient/salicylic-acid.list"">Salicylic Acid</a>, <a href=""/ingredient/witch-hazel.list"">Witch Hazel</a><br/><strong>Preferences:</strong> <a href=""/preferences/oil-free.list"">Oil-Free</a>, <a href=""/preferences/paraben-free.list"">Paraben-Free</a>, <a href=""/preferences/sulfate-free.list"">Sulfate-Free</a><br/><strong>Skin Type:</strong> <a href=""/skin-care/acne-prone-skin.list"">Acne-Prone Skin</a></p></div> </div> </div>",,60 x Pads,https://static.thcdn.com/productimg/original/11296433-3034869687874020.jpg,b6efee0e-06f8-5135-a5b6-247956983338,2024-02-11 11:18:52
https://www.dermstore.com/p/sachajuan-silver-shampoo-250ml/11220951/,Sachajuan Silver Shampoo 8.4 oz,Sachajuan,11220951,11220951,31.0,USD,OutOfStock,NewCondition,4.83,23,Brands / Sachajuan / Sachajuan Silver Shampoo 8.4 oz," Sachajuan Silver Shampoo washes away impurities while maintaining cool-toned blondes with powerful UV protection and yellow-neutralizing violet pigments. Algae-derived carrageenan extracts work to nourish each individual strand to leave hair looking lustrous and sleek. As a result, color-treated hair holds onto light hues longer and is less susceptible to breakage. ","Aqua, Sodium Laureth Sulfate, Glycerin, Caprylyl/Capryl Glucoside, Cocamidopropyl Betaine Glycereth-2 Cocoate Peg-4 Rapeseedamide, Citric Acid, Chrondus Crispus Extract, Parfum, Hydroxypropyl Guar Hydroxypyl Trimonium Chloride, Sodium Chloride, Peg-7 Glyceryl Cocoate, Sodium Benzoate, Trisodium Sulfosuccinate CI 60730, Hexyl Cinnamal, Peg-150 Pentaerythrityl Tetrasterate, Polyquaternium-10, Sodium Sulfate, Peg-6 Caprylic/Capric Glycerides, Dimethtlpabamidopropyl Laurdimonium Tosylate, Limonene, Linalool, Sodium Acetate, Isopropyl Alcohol.
For the latest information, it is recommended to review the ingredient list printed on the packaging of the product prior to usage or consumption.","<div aria-labelledby=""Ingredients"" class=""content max-h-0 invisible translate-y-1/4 underline-hyperlink"" id=""product-description-3""> <div class=""attribute-content break-words""> <div class=""flex flex-col gap-2""><p>Aqua, Sodium Laureth Sulfate, Glycerin, Caprylyl/Capryl Glucoside, Cocamidopropyl Betaine Glycereth-2 Cocoate Peg-4 Rapeseedamide, Citric Acid, Chrondus Crispus Extract, Parfum, Hydroxypropyl Guar Hydroxypyl Trimonium Chloride, Sodium Chloride, Peg-7 Glyceryl Cocoate, Sodium Benzoate, Trisodium Sulfosuccinate CI 60730, Hexyl Cinnamal, Peg-150 Pentaerythrityl Tetrasterate, Polyquaternium-10, Sodium Sulfate, Peg-6 Caprylic/Capric Glycerides, Dimethtlpabamidopropyl Laurdimonium Tosylate, Limonene, Linalool, Sodium Acetate, Isopropyl Alcohol.</p>
<p><em><strong>For the latest information, it is recommended to review the ingredient list printed on the packaging of the product prior to usage or consumption.</strong></em></p></div> </div> </div>",Massage a small amount into wet hair. Rinse thoroughly. Follow with Sachajuan Silver Conditioner.,"<div aria-labelledby=""How-to-Use"" class=""content max-h-0 invisible translate-y-1/4 underline-hyperlink"" id=""product-description-1""> <div class=""attribute-content break-words""> <div class=""flex flex-col gap-2""><p>Massage a small amount into wet hair. Rinse thoroughly. Follow with Sachajuan Silver Conditioner.</p></div> </div> </div>",Application Area: HairHair Care: ShampooHair Type: Color-Treated HairIngredient: Algae ExtractShampoo: Color Shampoo,"<div aria-labelledby=""Skin-Type-&amp;-Concerns"" class=""content max-h-0 invisible translate-y-1/4 underline-hyperlink"" id=""product-description-2""> <div class=""attribute-content break-words""> <div class=""flex flex-col gap-2""><p><strong>Application Area:</strong> <a href=""/application-area/hair.list"">Hair</a><br/><strong>Hair Care:</strong> <a href=""/hair-care/shampoo.list"">Shampoo</a><br/><strong>Hair Type:</strong> <a href=""/hair-care/color-treated-hair.list"">Color-Treated Hair</a><br/><strong>Ingredient:</strong> <a href=""/ingredient/algae-extract.list"">Algae Extract</a><br/><strong>Shampoo:</strong> <a href=""/hair-care/shampoo/color-shampoo.list"">Color Shampoo</a></p></div> </div> </div>",,,"https://static.thcdn.com/productimg/original/11220951-5455065930605228.jpg, https://static.thcdn.com/productimg/original/11220951-4794885784524059.jpg",4e06f80c-d8d2-50f4-8cb6-1b76a882419a,2024-02-11 11:18:59
https://www.dermstore.com/p/dermalogica-active-moist-moisturiser-150ml/14220123/,Dermalogica Active Moist Moisturizer 5.1 oz,Dermalogica,14220123,14220123,98.0,USD,InStock,NewCondition,,,Brands / Dermalogica / Dermalogica Active Moist Moisturizer 5.1 oz," Dermalogica's Active Moist is a sheer, easytoapply formula contains Prebiotic Moisture Complex and a unique combination of plant extracts that help improve surface texture and combat surface dehydration. Natural botanical extracts of Lemon, Cucumber and Burdock help to refine the skin. ","Water/Aqua/Eau, Caprylic/Capric Triglyceride, Pentylene Glycol, Butylene Glycol, Methyl Gluceth-20, Coconut Alkanes, Cetearyl Alcohol, Palmitic Acid, Stearic Acid, Saccharide Isomerate, Dimethicone, Glyceryl Stearate, Hydrolyzed Jojoba Esters, Leuconostoc/Radish Root Ferment Filtrate, Arctium Lappa Root Extract, Citrus Limon (Lemon) Fruit Extract, Cucumis Sativus (Cucumber) Fruit Extract, Hedera Helix (Ivy) Extract, Malva Sylvestris (Mallow) Flower Extract, Nasturtium Officinale Extract, Propanediol, Polysorbate 60, Caprylyl Glycol, Acrylates/C10-30 Alkyl Acrylate Crosspolymer, Allantoin, Tetrasodium Glutamate Diacetate, Coco-Caprylate/Caprate, Polyquaternium-10, Ethylhexylglycerin, Triethyl Citrate, Myristic Acid, Citrus Aurantium Bergamia (Bergamot) Fruit Extract, Citrus Limon (Lemon) Peel Extract, Lavandula Angustifolia (Lavender) Flower/Leaf/Stem Extract, Lavandula Hybrida Flower Extract, Citric Acid, Sodium Citrate, Sodium Hydroxide, Aminomethyl Propanol, Citral, Linalool, Limonene.
For the latest information, it is recommended to review the ingredient list printed on the packaging of the product prior to usage or consumption.","<div aria-labelledby=""Ingredients"" class=""content max-h-0 invisible translate-y-1/4 underline-hyperlink"" id=""product-description-2""> <div class=""attribute-content break-words""> <div class=""flex flex-col gap-2""><p>Water/Aqua/Eau, Caprylic/Capric Triglyceride, Pentylene Glycol, Butylene Glycol, Methyl Gluceth-20, Coconut Alkanes, Cetearyl Alcohol, Palmitic Acid, Stearic Acid, Saccharide Isomerate, Dimethicone, Glyceryl Stearate, Hydrolyzed Jojoba Esters, Leuconostoc/Radish Root Ferment Filtrate, Arctium Lappa Root Extract, Citrus Limon (Lemon) Fruit Extract, Cucumis Sativus (Cucumber) Fruit Extract, Hedera Helix (Ivy) Extract, Malva Sylvestris (Mallow) Flower Extract, Nasturtium Officinale Extract, Propanediol, Polysorbate 60, Caprylyl Glycol, Acrylates/C10-30 Alkyl Acrylate Crosspolymer, Allantoin, Tetrasodium Glutamate Diacetate, Coco-Caprylate/Caprate, Polyquaternium-10, Ethylhexylglycerin, Triethyl Citrate, Myristic Acid, Citrus Aurantium Bergamia (Bergamot) Fruit Extract, Citrus Limon (Lemon) Peel Extract, Lavandula Angustifolia (Lavender) Flower/Leaf/Stem Extract, Lavandula Hybrida Flower Extract, Citric Acid, Sodium Citrate, Sodium Hydroxide, Aminomethyl Propanol, Citral, Linalool, Limonene.</p>
<p><em><strong>For the latest information, it is recommended to review the ingredient list printed on the packaging of the product prior to usage or consumption.</strong></em></p></div> </div> </div>","Apply over damp face and throat with light, upward strokes. Best when used following Multi-Active Toner. Can be applied over or mixed with prescribed Dermalogica Concentrated Booster for additional results.","<div aria-labelledby=""How-to-Use"" class=""content max-h-0 invisible translate-y-1/4 underline-hyperlink"" id=""product-description-1""> <div class=""attribute-content break-words""> <div class=""flex flex-col gap-2""><p>Apply over damp face and throat with light, upward strokes. Best when used following Multi-Active Toner. Can be applied over or mixed with prescribed Dermalogica Concentrated Booster for additional results.</p></div> </div> </div>",,,Daily Skin Health,150ml,https://static.thcdn.com/productimg/original/14220123-1215047315532937.jpg,a177f7c9-578b-55cc-b674-2c8e859048b9,2024-02-11 11:19:01
https://www.dermstore.com/p/neom-perfect-nights-sleep-essential-oil-blend-30ml/13482936/,NEOM Perfect Nights Sleep Essential Oil Blend 1 fl. oz,NEOM,13482936,13482936,48.0,USD,InStock,NewCondition,,,Brands / NEOM / NEOM Perfect Nights Sleep Essential Oil Blend 1 fl. oz," 100% NATURAL FRAGRANCES TO BOOST YOUR WELLBEING 
 Scent to sleep 
 English lavender, sweet basil &amp; jasmine 
 A complex blend of 19 of the purest possible essential oils including English lavender, sweet basil and jasmine, all expertly blended to help you relax and prepare for sleep. 
 NO HARSH CHEMICALS. NO ARTIFICIAL COLOURS. ","Lavandula Hybrida (Lavandin) Oil, Aniba Rosaeodora (Rosewood) Wood Oil, Lavandula Angustifolia (Lavender) Oil, Citrus Aurantium Dulcis (Orange) Peel Oil Expressed, Limonene, Juniperus Mexicana (Cedarwood) Wood Oil, Lavandula Hybrida Grosso (Lavandin) Herb Oil , Pogostemon Cablin (Patchouli) Leaf Oil, Pelargonium Graveolens (Geranium) Oil, Ocimum Basilicum (Basil) Oil, Geraniol, Illiceum Verum (Aniseed) Fruit / Seed Oil, Pelargonium Graveolens (Geranium) Extract, I-Limonene, Boswellia Carterii (Frankincense Oil, Anthemis Nobilis (Chamomile) Flower Oil, Benzyl Benzoate, Jasminum Officinale (Jasmine) Flower Extract, Linalool, Citral, Coumarin, Eugenol.
For the latest information, it is recommended to review the ingredient list printed on the packaging of the product prior to usage or consumption.","<div aria-labelledby=""Ingredients"" class=""content max-h-0 invisible translate-y-1/4 underline-hyperlink"" id=""product-description-2""> <div class=""attribute-content break-words""> <div class=""flex flex-col gap-2""><p>Lavandula Hybrida (Lavandin) Oil, Aniba Rosaeodora (Rosewood) Wood Oil, Lavandula Angustifolia (Lavender) Oil, Citrus Aurantium Dulcis (Orange) Peel Oil Expressed, Limonene, Juniperus Mexicana (Cedarwood) Wood Oil, Lavandula Hybrida Grosso (Lavandin) Herb Oil , Pogostemon Cablin (Patchouli) Leaf Oil, Pelargonium Graveolens (Geranium) Oil, Ocimum Basilicum (Basil) Oil, Geraniol, Illiceum Verum (Aniseed) Fruit / Seed Oil, Pelargonium Graveolens (Geranium) Extract, I-Limonene, Boswellia Carterii (Frankincense Oil, Anthemis Nobilis (Chamomile) Flower Oil, Benzyl Benzoate, Jasminum Officinale (Jasmine) Flower Extract, Linalool, Citral, Coumarin, Eugenol.</p>
<p><em><strong>For the latest information, it is recommended to review the ingredient list printed on the packaging of the product prior to usage or consumption.</strong></em></p></div> </div> </div>","Enjoy the wellbeing benefits of our 100% natural essential oil blends for vaporization and inhalation. Add 5 to 10 drops to your wellbeing pod. You can also add 5 drops to a warm bath, or 1 to 2 drops to your chosen base oil for a relaxing massage.","<div aria-labelledby=""How-to-Use"" class=""content max-h-0 invisible translate-y-1/4 underline-hyperlink"" id=""product-description-1""> <div class=""attribute-content break-words""> <div class=""flex flex-col gap-2""><p>Enjoy the wellbeing benefits of our 100% natural essential oil blends for vaporization and inhalation. Add 5 to 10 drops to your wellbeing pod. You can also add 5 drops to a warm bath, or 1 to 2 drops to your chosen base oil for a relaxing massage.</p></div> </div> </div>",,,Scent to Sleep,30ml,"https://static.thcdn.com/productimg/original/13482936-5734928014178337.jpg, https://static.thcdn.com/productimg/original/13482936-1914928013261519.jpg, https://static.thcdn.com/productimg/original/13482936-8974924386176685.jpg, https://static.thcdn.com/productimg/original/13482936-1734924384743846.jpg, https://static.thcdn.com/productimg/original/13482936-6134924385731707.jpg, https://static.thcdn.com/productimg/original/13482936-1514924384841637.jpg, https://static.thcdn.com/productimg/original/13482936-3744924385773815.jpg, https://static.thcdn.com/productimg/original/13482936-1174924384935834.jpg",c1978784-e991-5b47-a6f0-bbecd77a278b,2024-02-11 11:19:02
https://www.dermstore.com/p/chantecaille-24k-gold-energizing-face-cream-50ml/14235222/,Chantecaille 24K Gold Energizing Face Cream 50ml,Chantecaille,14235222,14235222,445.0,USD,InStock,NewCondition,,,Brands / Chantecaille / Chantecaille 24K Gold Energizing Face Cream 50ml," A luxurious treatment balm infused with 24-karat gold and a vegan gold peptide to create unparalleled anti-aging power. This lightly hydrating formula is enriched with high-performance botanicals that reduce the look of multiple signs of aging: lines, wrinkles and dullness. Crafted in Switzerland with the highest quality pure botanicals. 
 79% from Natural Origin 
  Key Benefits:  
 
  Gold Heptapeptide: Softens the appearance of wrinkles* 
  Bionymph Peptide Stem Cell Extract: Fights the anti-aging process on all fronts softening the appearance of fine lines * 
  Tripeptide: Reduces the appearance of lines and wrinkles to promote a smoother looking complexion* 
  Pullalan/Algae Extracts: A tensing agent that creates a smooth film on skin to instantly and visibly reduces the appearance of lines. It also works over time to promote more firm looking skin* 
  A blend of Butcher's Broom, Centella and Marigold helps sooth skin diminishing visible redness* 
  Plantago Extract: Allotted antioxidant and soothing properties 
  Microalgae Extract: Helps promote more toned looking skin and reduce the appearance of redness* 
  Vitamin E/White Tea/Coneflower Extracts: Powerful antioxidants 
  Borage and Evening Primrose Oil: Soften and moisturize skin 
  Jasmine/Orange/Mimosa Flower Waxes: Emollient and softening to skin 
 
  * Tests performed on ingredient.  ","Rosa Damascena Flower Water, Cyclopentasiloxane, Glycerin, Glyceryl Stearate Se, Propanediol, Ethylhexyl Palmitate, Peg-40 Stearate, Myristyl Myristate, Cetyl Alcohol, Sorbitan Tristearate, Stearic Acid, Butyrospermum Parkii (Shea) Butter, Dimethicone, Sorbitol, Methyl Methacrylate Crosspolymer, Polyacrylamide, Caprylyl Glycol, Diphenyl, Dimethicone, Ppg-25-Laureth-25, Mica, C13-14 Isoparaffin, Butylene Glycol, Pullulan, Bisabolol, Borago Officinalis Seed Oil, Oenothera Biennis (Evening Primrose) Oil, Squalane, Xanthan Gum, Dimethiconol, Ascorbyl Tetraisopalmitate, Laureth-7, Sodium Polyacrylate, Tocopheryl Acetate, Maltodextrin, Hexylene Glycol, Rosa Damascena Flower Oil, Acacia Dealbata Flower Wax, Citrus Aurantium Amara (Bitter Orange) Flower Wax, Jasminum Grandiflorum (Jasmine) Flower Wax, Nannochloropsis Oculata Extract, Panthenol, Phytic Acid, Sodium Hyaluronate, Pelargonium Graveolens Oil, Palmitoyl Tripeptide-5, Peg-8, Rosmarinus Officinalis (Rosemary) Extract, Alcohol, Escin, Tocopherol, Ruscus Aculeatus Root Extract, Ammonium Glycyrrhizate, Centella Asiatica Leaf Extract, Chlorella Vulgaris Extract, Hydrolyzed Yeast Protein, Ascorbyl Palmitate, Calendula Officinalis Flower Extract, Echinacea Angustifolia Extract, Nicotiana Sylvestris Leaf Cell Culture, Plantago Lanceolata Extract, Sodium Citrate, Ananas Sativus (Pineapple) Fruit Extract, Glyceryl Caprylate, Citric Acid, Camellia Sinensis Leaf Extract, Acetyl Heptapeptide-9, Colloidal Gold, Citronellol, Geraniol, Linalool, Citral, Phenoxyethanol, Sodium Benzoate, Potassium Sorbate, Benzyl Alcohol, Sodium Dehydroacetate, Sorbic Acid, Undecylenic Acid, Benzoic Acid, Titanium Dioxide (Ci 77891), Iron Oxides (Ci 77491) 79% D'Origine Naturelle.
79% From Natural Origin.
For the latest information, it is recommended to review the ingredient list printed on the packaging of the product prior to usage or consumption.","<div aria-labelledby=""Ingredients"" class=""content max-h-0 invisible translate-y-1/4 underline-hyperlink"" id=""product-description-2""> <div class=""attribute-content break-words""> <div class=""flex flex-col gap-2""><p>Rosa Damascena Flower Water, Cyclopentasiloxane, Glycerin, Glyceryl Stearate Se, Propanediol, Ethylhexyl Palmitate, Peg-40 Stearate, Myristyl Myristate, Cetyl Alcohol, Sorbitan Tristearate, Stearic Acid, Butyrospermum Parkii (Shea) Butter, Dimethicone, Sorbitol, Methyl Methacrylate Crosspolymer, Polyacrylamide, Caprylyl Glycol, Diphenyl, Dimethicone, Ppg-25-Laureth-25, Mica, C13-14 Isoparaffin, Butylene Glycol, Pullulan, Bisabolol, Borago Officinalis Seed Oil, Oenothera Biennis (Evening Primrose) Oil, Squalane, Xanthan Gum, Dimethiconol, Ascorbyl Tetraisopalmitate, Laureth-7, Sodium Polyacrylate, Tocopheryl Acetate, Maltodextrin, Hexylene Glycol, Rosa Damascena Flower Oil, Acacia Dealbata Flower Wax, Citrus Aurantium Amara (Bitter Orange) Flower Wax, Jasminum Grandiflorum (Jasmine) Flower Wax, Nannochloropsis Oculata Extract, Panthenol, Phytic Acid, Sodium Hyaluronate, Pelargonium Graveolens Oil, Palmitoyl Tripeptide-5, Peg-8, Rosmarinus Officinalis (Rosemary) Extract, Alcohol, Escin, Tocopherol, Ruscus Aculeatus Root Extract, Ammonium Glycyrrhizate, Centella Asiatica Leaf Extract, Chlorella Vulgaris Extract, Hydrolyzed Yeast Protein, Ascorbyl Palmitate, Calendula Officinalis Flower Extract, Echinacea Angustifolia Extract, Nicotiana Sylvestris Leaf Cell Culture, Plantago Lanceolata Extract, Sodium Citrate, Ananas Sativus (Pineapple) Fruit Extract, Glyceryl Caprylate, Citric Acid, Camellia Sinensis Leaf Extract, Acetyl Heptapeptide-9, Colloidal Gold, Citronellol, Geraniol, Linalool, Citral, Phenoxyethanol, Sodium Benzoate, Potassium Sorbate, Benzyl Alcohol, Sodium Dehydroacetate, Sorbic Acid, Undecylenic Acid, Benzoic Acid, Titanium Dioxide (Ci 77891), Iron Oxides (Ci 77491) 79% D'Origine Naturelle.</p>
<p>79% From Natural Origin.</p>
<p><em><strong>For the latest information, it is recommended to review the ingredient list printed on the packaging of the product prior to usage or consumption.</strong></em></p></div> </div> </div>","Apply to face, neck and décolleté. May be used day and night.

Use the flat side of the baton to scoop out the product, warm up between fingers, then press into the skin.
Using the flat end, massage from the center of the forehead down to the brow, using quick rainbow-like motions towards the temple. Repeat on the other side.
Use the flat faceted side and gently sweep from the cheekbone outward to the jawline. Repeat on the other side.
Tap the flat end of the baton three times at these targeted points of the face: The center of the brows, outer corner of the eyes, under the eyes (on the orbital bone) under the nose, and at the center of the chin.","<div aria-labelledby=""How-to-Use"" class=""content max-h-0 invisible translate-y-1/4 underline-hyperlink"" id=""product-description-1""> <div class=""attribute-content break-words""> <div class=""flex flex-col gap-2""><p>Apply to face, neck and décolleté. May be used day and night.</p>
<ol>
<li>Use the flat side of the baton to scoop out the product, warm up between fingers, then press into the skin.</li>
<li>Using the flat end, massage from the center of the forehead down to the brow, using quick rainbow-like motions towards the temple. Repeat on the other side.</li>
<li>Use the flat faceted side and gently sweep from the cheekbone outward to the jawline. Repeat on the other side.</li>
<li>Tap the flat end of the baton three times at these targeted points of the face: The center of the brows, outer corner of the eyes, under the eyes (on the orbital bone) under the nose, and at the center of the chin.</li>
</ol></div> </div> </div>",,,,50ml,"https://static.thcdn.com/productimg/original/14235222-5795045426860113.jpg, https://static.thcdn.com/productimg/original/14235222-4705045426906850.jpg, https://static.thcdn.com/productimg/original/14235222-8605045426947212.jpg, https://static.thcdn.com/productimg/original/14235222-5865045427001074.jpg, https://static.thcdn.com/productimg/original/14235222-1545045427046326.jpg",6bbf921f-677b-5ebe-b0f6-4474d24ba25a,2024-02-11 11:19:02
https://www.dermstore.com/p/sisley-paris-purifying-re-balancing-lotion-with-tropical-resins-125ml/14662431/,Sisley Paris Purifying Re-Balancing Lotion With Tropical Resins 125ml,Sisley Paris,14662431,14662431,115.0,USD,InStock,NewCondition,,,Brands / Sisley Paris / Sisley Paris Purifying Re-Balancing Lotion With Tropical Resins 125ml," A true 3-in-1 skin care lotion, Purifying Re-balancing Lotion purifies, refines and softens the skin. It visibly reduces imperfections and minimizes shiny areas; pores look smaller, the skin's texture is refined and the complexion appears fresh and luminous. The formula helps reduce the appearance of redness from skin imperfections creating a clear and comfortable, matte complexion. 
 Non-comedogenic. ","Water/Eau (Aqua), Alcohol Denat., Butylene Glycol, Glycerin, Panthenol, Salicylic Acid, Boswellia Carterii Resin Extract, Styrax Benzoin Resin Extract, Commiphora Abyssinica Resin Extract, Alchemilla Vulgaris Extract, Orthosiphon Stamineus Extract, Peg-40 Hydrogenated Castor Oil, Disodium Edta, Sodium Hydroxide, Citric Acid, Xanthan Gum, Maltodextrin, Fragrance (Parfum), Phenoxyethanol, Geraniol, Amyl Cinnamal, Alpha-Isomethyl Ionone, Linalool, Benzyl Benzoate, Limonene. Il#1APlease Note That The Ingredient List In The Composition Of Sisley And Hair Rituel By Sisley-Paris May Change Or Vary Over Time. Please Refer To The Product Packaging You Receive Before Using For The Most Up To Date Ingredient List.
For the latest information, it is recommended to review the ingredient list printed on the packaging of the product prior to usage or consumption.","<div aria-labelledby=""Ingredients"" class=""content max-h-0 invisible translate-y-1/4 underline-hyperlink"" id=""product-description-2""> <div class=""attribute-content break-words""> <div class=""flex flex-col gap-2""><p>Water/Eau (Aqua), Alcohol Denat., Butylene Glycol, Glycerin, Panthenol, Salicylic Acid, Boswellia Carterii Resin Extract, Styrax Benzoin Resin Extract, Commiphora Abyssinica Resin Extract, Alchemilla Vulgaris Extract, Orthosiphon Stamineus Extract, Peg-40 Hydrogenated Castor Oil, Disodium Edta, Sodium Hydroxide, Citric Acid, Xanthan Gum, Maltodextrin, Fragrance (Parfum), Phenoxyethanol, Geraniol, Amyl Cinnamal, Alpha-Isomethyl Ionone, Linalool, Benzyl Benzoate, Limonene. Il#1APlease Note That The Ingredient List In The Composition Of Sisley And Hair Rituel By Sisley-Paris May Change Or Vary Over Time. Please Refer To The Product Packaging You Receive Before Using For The Most Up To Date Ingredient List.</p>
<p><em><strong>For the latest information, it is recommended to review the ingredient list printed on the packaging of the product prior to usage or consumption.</strong></em></p>
<p></p></div> </div> </div>","Apply to the face and neck, morning and evening, after cleansing the skin with the Gentle Cleansing Gel with Tropical Resins. Use a cotton pad to target zones with imperfections or to apply all over the face, according to needs.","<div aria-labelledby=""How-to-Use"" class=""content max-h-0 invisible translate-y-1/4 underline-hyperlink"" id=""product-description-1""> <div class=""attribute-content break-words""> <div class=""flex flex-col gap-2""><p>Apply to the face and neck, morning and evening, after cleansing the skin with the Gentle Cleansing Gel with Tropical Resins. Use a cotton pad to target zones with imperfections or to apply all over the face, according to needs.</p></div> </div> </div>",,,Tropical Resins,,"https://static.thcdn.com/productimg/original/14662431-7355167581574632.jpg, https://static.thcdn.com/productimg/original/14662431-8705167581611949.jpg, https://static.thcdn.com/productimg/original/14662431-5565167581649365.jpg",0f15d86f-014e-586e-9bc0-f541557941a3,2024-02-11 11:19:05
https://www.dermstore.com/p/natura-bisse-c-c-vitamin-cream-75ml/11329109/,Natura Bissé C+C Vitamin Cream (2.5 oz.),Natura Bissé,11329109,11329109,148.0,USD,InStock,NewCondition,4.36,11,Brands / Natura Bissé / Natura Bissé C+C Vitamin Cream (2.5 oz.)," Natura Bisse's C+C Vitamin Cream helps you achieve a more hydrated, firm and glowing complexion. Designed to diminish the appearance of wrinkles, dark spots and free radical damage, this brightening moisturizer is powered by vitamin C, provitamin D and turmeric oil to guard your skin against environmental aggressors and thwart skin aging. 
  Key Ingredients:  
 
   Antioxidants:  shield your skin from damaging free radicals 
   Shea Butter:  rehydrates and nourishes your skin to diminish dryness 
   Vitamin C:  lightens dark spots and protects your skin against environmental stressors 
   Stabilized Ascorbic Acid:  a potent antioxidant that reduces and prevents wrinkles, and improves skin elasticity and firmness 
   Turmeric Oil:  enhances the skin’s cellular defense mechanisms against oxidative stress, thus protecting the skin against damage caused by sun exposure 
   Provitamin D:  contributes to the generation of optimal levels of vitamin D, a key vitamin to prevent skin aging 
 
  Key Benefits:  
 
  Hydrates and makes skin look firm and supple 
  Boosts luminosity to lend a revitalized complexion 
  Helps diminish the appearance of dark spots and evens out skin tone 
  Results in a radiant complexion 
 
  Tip:  For those exposed to plenty of sun, apply this regularly to help moisturize your skin and improve its appearance. For smokers, this is the ideal formula to restore a luminous appearance and revitalize dull complexions. ","Water (Aqua), Octyldodecanol, Cetearyl Ethylhexanoate, Vitis Vinifera (Grape) Seed Oil, Glycerin, Glyceryl Stearate, Butyrospermum Parkii (Shea) Butter, Cetearyl Alcohol, Cetyl Alcohol, 3-O-Ethyl Ascorbic Acid, Polyisobutene, PPG-3 Myristyl Ether, Curcuma Longa (Turmeric) Root Extract, Rosa Canina Fruit Oil, Anogeissus Leiocarpus Bark Extract, Hydrolyzed Collagen, Tocopheryl Acetate, Citrus Nobilis (Mandarin Orange) Oil, Citrus Aurantium Dulcis (Orange) Oil, 7-Dehydrocholesterol, Helianthus Annuus (Sunflower) Seed Oil, Daucus Carota Sativa (Carrot) Seed Oil, Beta-Carotene, Ascorbyl Palmitate, PEG-75 Stearate, Sodium Citrate, Propanediol, Cyclodextrin, Ascorbic Acid, Citric Acid, Ceteth-20, Steareth-20, Dimethicone, Carbomer, Ethylhexylglycerin, Disodium EDTA, Sodium Hydroxide, Benzotriazolyl Dodecyl p-Cresol, Octadecyl Di-t-Butyl-4-hydroxyhydrocinnamate, Phenoxyethanol, Fragrance (Parfum), Limonene, Linalool, Amyl Cinnamal.
Formulations and ingredients may be occasionally modified. You can find up to date information about this product on its package and its leaflet.
For the latest information, it is recommended to review the ingredient list printed on the packaging of the product prior to usage or consumption.","<div aria-labelledby=""Ingredients"" class=""content max-h-0 invisible translate-y-1/4 underline-hyperlink"" id=""product-description-3""> <div class=""attribute-content break-words""> <div class=""flex flex-col gap-2""><p>Water (Aqua), Octyldodecanol, Cetearyl Ethylhexanoate, Vitis Vinifera (Grape) Seed Oil, Glycerin, Glyceryl Stearate, Butyrospermum Parkii (Shea) Butter, Cetearyl Alcohol, Cetyl Alcohol, 3-O-Ethyl Ascorbic Acid, Polyisobutene, PPG-3 Myristyl Ether, Curcuma Longa (Turmeric) Root Extract, Rosa Canina Fruit Oil, Anogeissus Leiocarpus Bark Extract, Hydrolyzed Collagen, Tocopheryl Acetate, Citrus Nobilis (Mandarin Orange) Oil, Citrus Aurantium Dulcis (Orange) Oil, 7-Dehydrocholesterol, Helianthus Annuus (Sunflower) Seed Oil, Daucus Carota Sativa (Carrot) Seed Oil, Beta-Carotene, Ascorbyl Palmitate, PEG-75 Stearate, Sodium Citrate, Propanediol, Cyclodextrin, Ascorbic Acid, Citric Acid, Ceteth-20, Steareth-20, Dimethicone, Carbomer, Ethylhexylglycerin, Disodium EDTA, Sodium Hydroxide, Benzotriazolyl Dodecyl p-Cresol, Octadecyl Di-t-Butyl-4-hydroxyhydrocinnamate, Phenoxyethanol, Fragrance (Parfum), Limonene, Linalool, Amyl Cinnamal.</p>
<p>Formulations and ingredients may be occasionally modified. You can find up to date information about this product on its package and its leaflet.</p>
<p><em><strong>For the latest information, it is recommended to review the ingredient list printed on the packaging of the product prior to usage or consumption.</strong></em></p></div> </div> </div>","Apply a small amount to your face, neck and décolleté after your treatment serum. Gently massage using gentle circular motions until fully absorbed.","<div aria-labelledby=""How-to-Use"" class=""content max-h-0 invisible translate-y-1/4 underline-hyperlink"" id=""product-description-1""> <div class=""attribute-content break-words""> <div class=""flex flex-col gap-2""><p>Apply a small amount to your face, neck and décolleté after your treatment serum. Gently massage using gentle circular motions until fully absorbed.</p></div> </div> </div>","Aging Skin: Fine Lines and WrinklesApplication Area: Decollete, Face, NeckIdeal for these Concerns: Dryness and Dehydration, Free Radical Damage, HyperpigmentationFeatures: Adaptogenic Skin CareHyperpigmentation: Dark SpotsIngredient: Amino Acids, Antioxidants, Dimethicone, Essential Oils, Shea Butter, Vitamin C, Vitamin EMoisturizers: Face MoisturizerSkin Care: MoisturizersSkin Type: Acne-Prone Skin, Combination Skin, Dry Skin, Mature Skin, Normal Skin, Oily Skin, Sensitive Skin","<div aria-labelledby=""Skin-Type-&amp;-Concerns"" class=""content max-h-0 invisible translate-y-1/4 underline-hyperlink"" id=""product-description-2""> <div class=""attribute-content break-words""> <div class=""flex flex-col gap-2""><p><strong>Aging Skin:</strong> <a href=""/skin-care/treatments-serums/wrinkle-cream.list"">Fine Lines and Wrinkles</a><br/><strong>Application Area:</strong> <a href=""/application-area/decollete.list"">Decollete</a>, <a href=""/application-area/face.list"">Face</a>, <a href=""/application-area/neck.list"">Neck</a><br/><strong>Ideal for these Concerns:</strong> <a href=""/skin-care/dryness-dehydration.list"">Dryness and Dehydration</a>, <a href=""/treatment/free-radical-damage.list"">Free Radical Damage</a>, <a href=""/treatment/hyperpigmentation-treatments.list"">Hyperpigmentation</a><br/><strong>Features:</strong> <a href=""/adaptogens.list"">Adaptogenic Skin Care</a><br/><strong>Hyperpigmentation:</strong> <a href=""/skin-care/treatments-serums/dark-spot-corrector.list"">Dark Spots</a><br/><strong>Ingredient:</strong> <a href=""/ingredient/amino-acids.list"">Amino Acids</a>, <a href=""/ingredient/antioxidants.list"">Antioxidants</a>, <a href=""/ingredient/dimethicone.list"">Dimethicone</a>, <a href=""/bath-body/body-care/essential-oils.list"">Essential Oils</a>, <a href=""/ingredient/shea-butter.list"">Shea Butter</a>, <a href=""/ingredient/vitamin-c.list"">Vitamin C</a>, <a href=""/ingredient/vitamin-e.list"">Vitamin E</a><br/><strong>Moisturizers:</strong> <a href=""/skin-care/moisturizers/face-moisturizer.list"">Face Moisturizer</a><br/><strong>Skin Care:</strong> <a href=""/skin-care/moisturizers.list"">Moisturizers</a><br/><strong>Skin Type:</strong> <a href=""/skin-care/acne-prone-skin.list"">Acne-Prone Skin</a>, <a href=""/skin-care/combination-skin.list"">Combination Skin</a>, <a href=""/skin-care/dry-skin.list"">Dry Skin</a>, <a href=""/skin-care/mature-skin.list"">Mature Skin</a>, <a href=""/skin-care/normal-skin.list"">Normal Skin</a>, <a href=""/skin-care/oily-skin.list"">Oily Skin</a>, <a href=""/skin-care/sensitive-skin.list"">Sensitive Skin</a></p></div> </div> </div>",C+C Vitamin,75ml,"https://static.thcdn.com/productimg/original/11329109-1375054464711284.jpg, https://static.thcdn.com/productimg/original/11329109-5645054464762764.jpg, https://static.thcdn.com/productimg/original/11329109-5665054464814127.jpg, https://static.thcdn.com/productimg/original/11329109-1245054464879161.jpg",fa1ab84c-daa7-57aa-9439-12171e99608b,2024-02-11 11:19:07
https://www.dermstore.com/p/dermaquest-nourishing-peptide-cream/11287247/,DermaQuest Nourishing Peptide Cream (2 oz.),DermaQuest,11287247,11287247,102.0,USD,OutOfStock,NewCondition,5,1,Brands / DermaQuest / DermaQuest Nourishing Peptide Cream (2 oz.)," DermaQuest Nourishing Peptide Cream restores vitality to lackluster skin with a formula rich in antioxidants. Amino acids and peptides fade fine lines and wrinkles to restore youthful vibrancy while panthenol nourishes your complexion with essential hydration to restore health and luminosity. 
 Due to a manufacturer packaging change, item received may vary from product image. ","Water(Aqua),Caprylic/Capric Triglyceride, Glycerin, Cetyl Octanoate, Cetearyl Alcohol, Ceteareth-20, Dimethicone, Cetyl Alcohol, PPG-12/SMDI Copolymer, Hydrolyzed Elastin, Sodium Hyaluronate, Hydrolyzed Vegetable Protein, Adenosine Triphosphate, Sodium Chondroitin Sulfate, Brassica Campestris / Aleurites Fordi Oil Copolymer, Tocopheryl Acetate, Ubiquinone, Teprenone, Retinyl Palmitate, Tocopheryl Linoleate/Oleate, Camellia Sinensis Leaf Extract, Ergothioneine, Imperata Cylindrica Root Extract, Carbomer, Acrylates/C10-30 Alkyl Acrylate Crosspolymer, Linoleic Acid, Glycine Soja (Soybean) Sterols, Phospholipids, Plankton Extract, Lecithin, Micrococcus Lysate, Arabidopsis Thaliana Extract, Ethoxydiglycol, Sodium Polyacrylate, Butylene Glycol, Polysorbate 20, Palmitoyl Pentapeptide-4, Centella Asiatica Extract, Darutoside, Alcohol, Ectoin,Cyclotetrapeptide-24 Aminocyclohexane Carboxylate, Phenoxyethanol, Caprylyl Glycol, Ethylhexylglycerin, Hexylene Glycol, Xanthan Gum, Magnesium Aluminum Silicate, Disodium EDTA, Allantoin, Aloe Barbadensis Leaf Juice Powder, PEG-8,Tocopherol, Ascorbyl Palmitate, Ascorbic Acid, Citric Acid.
For the latest information, it is recommended to review the ingredient list printed on the packaging of the product prior to usage or consumption.","<div aria-labelledby=""Ingredients"" class=""content max-h-0 invisible translate-y-1/4 underline-hyperlink"" id=""product-description-3""> <div class=""attribute-content break-words""> <div class=""flex flex-col gap-2""><p>Water(Aqua),Caprylic/Capric Triglyceride, Glycerin, Cetyl Octanoate, Cetearyl Alcohol, Ceteareth-20, Dimethicone, Cetyl Alcohol, PPG-12/SMDI Copolymer, Hydrolyzed Elastin, Sodium Hyaluronate, Hydrolyzed Vegetable Protein, Adenosine Triphosphate, Sodium Chondroitin Sulfate, Brassica Campestris / Aleurites Fordi Oil Copolymer, Tocopheryl Acetate, Ubiquinone, Teprenone, Retinyl Palmitate, Tocopheryl Linoleate/Oleate, Camellia Sinensis Leaf Extract, Ergothioneine, Imperata Cylindrica Root Extract, Carbomer, Acrylates/C10-30 Alkyl Acrylate Crosspolymer, Linoleic Acid, Glycine Soja (Soybean) Sterols, Phospholipids, Plankton Extract, Lecithin, Micrococcus Lysate, Arabidopsis Thaliana Extract, Ethoxydiglycol, Sodium Polyacrylate, Butylene Glycol, Polysorbate 20, Palmitoyl Pentapeptide-4, Centella Asiatica Extract, Darutoside, Alcohol, Ectoin,Cyclotetrapeptide-24 Aminocyclohexane Carboxylate, Phenoxyethanol, Caprylyl Glycol, Ethylhexylglycerin, Hexylene Glycol, Xanthan Gum, Magnesium Aluminum Silicate, Disodium EDTA, Allantoin, Aloe Barbadensis Leaf Juice Powder, PEG-8,Tocopherol, Ascorbyl Palmitate, Ascorbic Acid, Citric Acid.</p>
<p><em><strong>For the latest information, it is recommended to review the ingredient list printed on the packaging of the product prior to usage or consumption.</strong></em></p></div> </div> </div>","After cleansing and treatment serums, apply cream using fingertips and gently massage into the skin, avoiding the eye area.","<div aria-labelledby=""How-to-Use"" class=""content max-h-0 invisible translate-y-1/4 underline-hyperlink"" id=""product-description-1""> <div class=""attribute-content break-words""> <div class=""flex flex-col gap-2""><p>After cleansing and treatment serums, apply cream using fingertips and gently massage into the skin, avoiding the eye area.</p></div> </div> </div>","Aging Skin: Fine Lines and WrinklesApplication Area: Face, NeckIdeal for these Concerns: Aging Skin, Free Radical DamageIngredient: Aloe Vera, Alpha Hydroxy Acids, Amino Acids, Antioxidants, Dimethicone, Hyaluronic Acid, Peptides, Vitamin A, Vitamin EMoisturizers: Face MoisturizerPreferences: Certified Cruelty-Free, Paraben-FreeSkin Care: MoisturizersSkin Type: Acne-Prone Skin, Combination Skin, Dry Skin, Mature Skin, Normal Skin, Oily Skin, Sensitive Skin","<div aria-labelledby=""Skin-Type-&amp;-Concerns"" class=""content max-h-0 invisible translate-y-1/4 underline-hyperlink"" id=""product-description-2""> <div class=""attribute-content break-words""> <div class=""flex flex-col gap-2""><p><strong>Aging Skin:</strong> <a href=""/skin-care/treatments-serums/wrinkle-cream.list"">Fine Lines and Wrinkles</a><br/><strong>Application Area:</strong> <a href=""/application-area/face.list"">Face</a>, <a href=""/application-area/neck.list"">Neck</a><br/><strong>Ideal for these Concerns:</strong> <a href=""/skin-care/skin-care-treatments/anti-aging-products.list"">Aging Skin</a>, <a href=""/treatment/free-radical-damage.list"">Free Radical Damage</a><br/><strong>Ingredient:</strong> <a href=""/ingredient/aloe-vera.list"">Aloe Vera</a>, <a href=""/ingredient/alpha-hydroxy-acids.list"">Alpha Hydroxy Acids</a>, <a href=""/ingredient/amino-acids.list"">Amino Acids</a>, <a href=""/ingredient/antioxidants.list"">Antioxidants</a>, <a href=""/ingredient/dimethicone.list"">Dimethicone</a>, <a href=""/ingredient/hyaluronic-acid.list"">Hyaluronic Acid</a>, <a href=""/ingredient/peptides.list"">Peptides</a>, <a href=""/ingredient/vitamin-a.list"">Vitamin A</a>, <a href=""/ingredient/vitamin-e.list"">Vitamin E</a><br/><strong>Moisturizers:</strong> <a href=""/skin-care/moisturizers/face-moisturizer.list"">Face Moisturizer</a><br/><strong>Preferences:</strong> <a href=""/cruelty-free.list"">Certified Cruelty-Free</a>, <a href=""/preferences/paraben-free.list"">Paraben-Free</a><br/><strong>Skin Care:</strong> <a href=""/skin-care/moisturizers.list"">Moisturizers</a><br/><strong>Skin Type:</strong> <a href=""/skin-care/acne-prone-skin.list"">Acne-Prone Skin</a>, <a href=""/skin-care/combination-skin.list"">Combination Skin</a>, <a href=""/skin-care/dry-skin.list"">Dry Skin</a>, <a href=""/skin-care/mature-skin.list"">Mature Skin</a>, <a href=""/skin-care/normal-skin.list"">Normal Skin</a>, <a href=""/skin-care/oily-skin.list"">Oily Skin</a>, <a href=""/skin-care/sensitive-skin.list"">Sensitive Skin</a></p></div> </div> </div>",Peptide Vitality,,https://static.thcdn.com/productimg/original/11287247-6024866308022564.jpg,8f0a7992-aa5b-5961-9a6c-5ace9064b255,2024-02-11 11:19:08
https://www.dermstore.com/p/elizabeth-arden-superstart-skin-renewal-booster-50ml/11282264/,Elizabeth Arden SuperStart Skin Renewal Booster 50ml,Elizabeth Arden,11282264,11282264,106.0,USD,InStock,NewCondition,,,Brands / Elizabeth Arden / Elizabeth Arden SuperStart Skin Renewal Booster 50ml," Boost your skin's moisture and resilience with  Elizabeth Arden's SUPERSTART Skin Renewal Booster , a hydrating elixir that works to strengthen skin's natural defences whilst boosting radiance. 
 Caring for the surface of your skin is important; the health and condition of your skin's surface layer has a direct correlation to how radiant and youthful your skin looks. With this in mind, the SuperStart Skin Renewal Booster expertly targets the skin's surface, supporting healthy skin cells and strengthening the natural moisture barrier to ensure skin is left resilient and hydrated. Boosting natural defences and the effectiveness of your skincare regimen, the formula will fortify the skin's ability to repair and renew itself, so you can feel confident your skin looks and feels protected, radiant and younger-looking. 
  Suitable for all skin types.  ",,,Apply 1 pump of Elizabeth Arden SUPERSTART Skin Renewal Booster onto a cleansed face. Avoid eye area. Use morning and night as the first step in your regimen. Follow with serum and/or moisturiser.,"<div aria-labelledby=""How-to-Use"" class=""content max-h-0 invisible translate-y-1/4 underline-hyperlink"" id=""product-description-1""> <div class=""attribute-content break-words""> <div class=""flex flex-col gap-2""><p>Apply 1 pump of Elizabeth Arden SUPERSTART Skin Renewal Booster onto a cleansed face. Avoid eye area. Use morning and night as the first step in your regimen. Follow with serum and/or moisturiser.</p></div> </div> </div>",,,SuperStart,50ml,"https://static.thcdn.com/productimg/original/11282264-2104918738516428.jpg, https://static.thcdn.com/productimg/original/11282264-1484918738464060.jpg, https://static.thcdn.com/productimg/original/11282264-1474911254162610.jpg, https://static.thcdn.com/productimg/original/11282264-6284911254201328.jpg, https://static.thcdn.com/productimg/original/11282264-1204911254250939.jpg, https://static.thcdn.com/productimg/original/11282264-5224911254291808.jpg",94eb43e2-05c7-5b95-8d24-d82e8ddfd3da,2024-02-11 11:19:13
https://www.dermstore.com/p/klorane-soothing-shampoo-13.5-fl.-oz/13888954/,KLORANE Soothing Shampoo 13.5 fl. oz,KLORANE,13888954,13888954,24.0,USD,InStock,NewCondition,4,1,Brands / Klorane / KLORANE Soothing Shampoo 13.5 fl. oz," Soothe sensitive scalp naturally with the plant-based Shampoo with Peony, a calming and pH balanced shampoo for immediate and 24-hour scalp comfort. ","Water (Aqua). Disodium Laureth Sulfosuccinate. Decyl Glucoside. Ceteareth-60 Myristyl Glycol. Lauryl Betaine. Laureth-3. Propylene Glycol. Paeonia Lactiflora Root Extract. Caprylyl Glycol. Citric Acid. Fragrance (Parfum). Maleic Acid. Polyquaternium-22. Red 33 (Ci 17200). Sodium Benzoate. Sodium Chloride. Trisodium Ethylenediamine Disuccinate
For the latest information, it is recommended to review the ingredient list printed on the packaging of the product prior to usage or consumption.","<div aria-labelledby=""Ingredients"" class=""content max-h-0 invisible translate-y-1/4 underline-hyperlink"" id=""product-description-2""> <div class=""attribute-content break-words""> <div class=""flex flex-col gap-2""><p>Water (Aqua). Disodium Laureth Sulfosuccinate. Decyl Glucoside. Ceteareth-60 Myristyl Glycol. Lauryl Betaine. Laureth-3. Propylene Glycol. Paeonia Lactiflora Root Extract. Caprylyl Glycol. Citric Acid. Fragrance (Parfum). Maleic Acid. Polyquaternium-22. Red 33 (Ci 17200). Sodium Benzoate. Sodium Chloride. Trisodium Ethylenediamine Disuccinate</p>
<p><em><strong>For the latest information, it is recommended to review the ingredient list printed on the packaging of the product prior to usage or consumption.</strong></em></p></div> </div> </div>","Apply to wet hair. Gently massage into scalp, then rinse. Use as a frequent use shampoo or as a complement to an anti-dandruff treatments. For best results, follow with Gel Conditioner with Peony.","<div aria-labelledby=""How-to-Use"" class=""content max-h-0 invisible translate-y-1/4 underline-hyperlink"" id=""product-description-1""> <div class=""attribute-content break-words""> <div class=""flex flex-col gap-2""><p>Apply to wet hair. Gently massage into scalp, then rinse. Use as a frequent use shampoo or as a complement to an anti-dandruff treatments. For best results, follow with Gel Conditioner with Peony.</p></div> </div> </div>",,,Peony,400ml,"https://static.thcdn.com/productimg/original/13888954-2075009645491809.jpg, https://static.thcdn.com/productimg/original/13888954-1214977029059245.jpg",d7955da5-f3f8-5131-9bcc-c69b83d4fc78,2024-02-11 11:19:14
https://www.dermstore.com/p/rms-beauty-kakadu-beauty-oil-30ml/15062869/,RMS Beauty Kakadu Beauty Oil 30ml,RMS Beauty,15062869,15062869,64.0,USD,InStock,NewCondition,,,Brands / RMS Beauty / RMS Beauty Kakadu Beauty Oil 30ml," Longwearing, crease-proof cream eyeshadows in 9 nourishing, metallic, buildable shades. 
  Key Ingredients:  
 Kakadu Plum Seed Oil: One of the most natural and stable forms of Vitamin C, this superfruit has a great source of antioxidants to help plump, brighten, and reduce the appearance of fine lines and wrinkles. 
 Organic Jojoba Oil: Rich in antioxidants, Jojoba Oil mimics the natural oils found in our skin to allow for easy absorption of nourishing skin benefits, while creating a protective barrier from environmental stressors and free radicals. 
 Wildcrafted Buriti Oil: Native to Brazil, Buriti Oil is rich with vitamins that offer potent antioxidant protection. 
 RMS Adaptogenic Herbal Blend: A proprietary blend of 9 rare adaptogenic herbs that help to balance, hydrate, soothe, and soften the skin. ","*Simmondsia Chinensis (Jojoba) Seed Oil, *Terminalia Ferdinandiana (Kakadu Plum) Seed Oil, *Rosa Canina (Rose Hip) Fruit Oil, **Mauritia Flexuosa (Buriti) Fruit Oil, *Olea Europaea (Olive) Fruit Oil, Helianthus Annuus (Sunflower) Seed Oil, *Calophyllum Inophyllum (Tamanu) Seed Oil, *Withania Somnifera (Ashwagandha) Root Extract, *Smilax Aristolochiifolia (Sarsaparilla) Root Extract, *Glycyrrhiza Glabra (Licorice) Root Extract, *Hypericum Perforatum (St. John's Wart) Leaf Extract, *Equisetum Arvense (Horsetail) Extract, *Curcuma Longa (Turmeric) Root Extract, *Calendula Officinalis (Marigold) Flower Extract, Tocopherol (non-GMO), Citrus Aurantium Bergamia (Bergamot) Peel Oil, Citrus Aurantium Dulcis (Orange) Peel Oil, Lavandula Angustifolia (Lavender) Oil, Juniperus Virginiana (Cedarwood) Oil, Pelargonium Graveolens (Geranium) Flower Oil, Copaifera Officinalis Resin, Artemisia Vulgaris (Mugwort) Oil, Myrtus Communis (Myrtle) Oil, Rosa Damascena (Rose) Flower Oil, Ferula Galbaniflua Resin Oil, Geraniol, Linalool, Limonene.
For the latest information, it is recommended to review the ingredient list printed on the packaging of the product prior to usage or consumption.","<div aria-labelledby=""Ingredients"" class=""content max-h-0 invisible translate-y-1/4 underline-hyperlink"" id=""product-description-2""> <div class=""attribute-content break-words""> <div class=""flex flex-col gap-2""><p>*Simmondsia Chinensis (Jojoba) Seed Oil, *Terminalia Ferdinandiana (Kakadu Plum) Seed Oil, *Rosa Canina (Rose Hip) Fruit Oil, **Mauritia Flexuosa (Buriti) Fruit Oil, *Olea Europaea (Olive) Fruit Oil, Helianthus Annuus (Sunflower) Seed Oil, *Calophyllum Inophyllum (Tamanu) Seed Oil, *Withania Somnifera (Ashwagandha) Root Extract, *Smilax Aristolochiifolia (Sarsaparilla) Root Extract, *Glycyrrhiza Glabra (Licorice) Root Extract, *Hypericum Perforatum (St. John's Wart) Leaf Extract, *Equisetum Arvense (Horsetail) Extract, *Curcuma Longa (Turmeric) Root Extract, *Calendula Officinalis (Marigold) Flower Extract, Tocopherol (non-GMO), Citrus Aurantium Bergamia (Bergamot) Peel Oil, Citrus Aurantium Dulcis (Orange) Peel Oil, Lavandula Angustifolia (Lavender) Oil, Juniperus Virginiana (Cedarwood) Oil, Pelargonium Graveolens (Geranium) Flower Oil, Copaifera Officinalis Resin, Artemisia Vulgaris (Mugwort) Oil, Myrtus Communis (Myrtle) Oil, Rosa Damascena (Rose) Flower Oil, Ferula Galbaniflua Resin Oil, Geraniol, Linalool, Limonene.</p>
<p><em><strong>For the latest information, it is recommended to review the ingredient list printed on the packaging of the product prior to usage or consumption.</strong></em></p></div> </div> </div>","Apply 2-3 drops to clean, damp skin as part of your morning and/or evening skincare regimen. Massage into face, neck and chest with gentle, circular motions. Use after cleansing as a nightly treatment or in the morning to hydrate and prep skin for makeup.","<div aria-labelledby=""How-to-Use"" class=""content max-h-0 invisible translate-y-1/4 underline-hyperlink"" id=""product-description-1""> <div class=""attribute-content break-words""> <div class=""flex flex-col gap-2""><p>Apply 2-3 drops to clean, damp skin as part of your morning and/or evening skincare regimen. Massage into face, neck and chest with gentle, circular motions. Use after cleansing as a nightly treatment or in the morning to hydrate and prep skin for makeup.</p></div> </div> </div>",,,,,"https://static.thcdn.com/productimg/original/15062869-1305129456998680.jpg, https://static.thcdn.com/productimg/original/15062869-1905129457019698.jpg, https://static.thcdn.com/productimg/original/15062869-2565130718265526.jpg, https://static.thcdn.com/productimg/original/15062869-1335130718296507.jpg, https://static.thcdn.com/productimg/original/15062869-1745132586878364.jpg, https://static.thcdn.com/productimg/original/15062869-4175129457042423.jpg, https://static.thcdn.com/productimg/original/15062869-1065129457072774.jpg, https://static.thcdn.com/productimg/original/15062869-1565129457100641.jpg",3ba6326f-0886-5463-96f0-d6b79787bf82,2024-02-11 11:19:19
https://www.dermstore.com/p/tarte-cosmetics-foundcealer-foundation-brush-1-piece/12915728/,Tarte Foundcealer Foundation Brush (1 piece),Tarte,12915728,12915728,34.0,USD,InStock,NewCondition,5,1,Brands / Tarte Cosmetics / Tarte Foundcealer Foundation Brush (1 piece)," Press and buff on comfortable, flawless medium-to-full coverage with this cruelty-free, vegan babassu Foundcealer™ Foundation Brush from Tarte Cosmetics. The high-density brush is made of extremely soft synthetic fibers of varying heights that mimic and outperform natural hair making it extremely easy to buff and blend this formula into the skin without streaking. Additionally, the hairs are ultra-dense so the gel formula does not absorb into the brush, leaving you with maximum pigment. 
  Key Benefits:  
 
  Dense, yet soft synthetic bristles 
  Easily blends foundation 
  Delivers custom coverage on the skin 
  Vegan, cruelty-free 
 ","N/A
For the latest information, it is recommended to review the ingredient list printed on the packaging of the product prior to usage or consumption.","<div aria-labelledby=""Ingredients"" class=""content max-h-0 invisible translate-y-1/4 underline-hyperlink"" id=""product-description-4""> <div class=""attribute-content break-words""> <div class=""flex flex-col gap-2""><p>N/A</p>
<p><em><strong>For the latest information, it is recommended to review the ingredient list printed on the packaging of the product prior to usage or consumption.</strong></em></p></div> </div> </div>","After dispensing foundation to the back of your hand, pick up product with the center tip of the brush and begin to buff into the skin, working from the center of the face outward for medium coverage. Gently rotate brush so its dome-shaped bristles lie at an angle to add coverage to corners of the nose and under the eyes.","<div aria-labelledby=""How-to-Use"" class=""content max-h-0 invisible translate-y-1/4 underline-hyperlink"" id=""product-description-2""> <div class=""attribute-content break-words""> <div class=""flex flex-col gap-2""><p>After dispensing foundation to the back of your hand, pick up product with the center tip of the brush and begin to buff into the skin, working from the center of the face outward for medium coverage. Gently rotate brush so its dome-shaped bristles lie at an angle to add coverage to corners of the nose and under the eyes.</p></div> </div> </div>","Application Area: FaceCosmetic Tools: Makeup BrushesCoverage: Buildable, Full, MediumMakeup: Cosmetic ToolsMakeup Brushes: Face BrushesPreferences: Certified Cruelty-Free","<div aria-labelledby=""Skin-Type-&amp;-Concerns"" class=""content max-h-0 invisible translate-y-1/4 underline-hyperlink"" id=""product-description-3""> <div class=""attribute-content break-words""> <div class=""flex flex-col gap-2""><p><strong>Application Area:</strong> <a href=""/application-area/face.list"">Face</a><br/><strong>Cosmetic Tools:</strong> <a href=""/makeup/makeup-brushes.list"">Makeup Brushes</a><br/><strong>Coverage:</strong> <a href=""/makeup/buildable.list"">Buildable</a>, <a href=""/makeup/full-coverage.list"">Full</a>, <a href=""/makeup/medium.list"">Medium</a><br/><strong>Makeup:</strong> <a href=""/makeup/cosmetic-tools.list"">Cosmetic Tools</a><br/><strong>Makeup Brushes:</strong> <a href=""/makeup/makeup-brushes/face-brushes.list"">Face Brushes</a><br/><strong>Preferences:</strong> <a href=""/cruelty-free.list"">Certified Cruelty-Free</a></p></div> </div> </div>",,,"https://static.thcdn.com/productimg/original/12915728-1054866567095796.jpg, https://static.thcdn.com/productimg/original/12915728-7174864794218829.jpg, https://static.thcdn.com/productimg/original/12915728-2145169119845431.jpg, https://static.thcdn.com/productimg/original/12915728-1735169119781318.jpg, https://static.thcdn.com/productimg/original/12915728-2075169119813898.jpg",d772ef30-f7ac-52ec-84ed-401466399068,2024-02-11 11:19:24
https://www.dermstore.com/p/erborian-skin-therapy-multi-perfecting-night-oil-serum-various-volume/13927692/,Erborian Skin Therapy Multi-Perfecting Night Oil-Serum (Various Volume),Erborian,13927692,13927692,59.0,USD,InStock,NewCondition,,,Brands / Erborian / Erborian Skin Therapy Multi-Perfecting Night Oil-Serum (Various Volume)," Skin Therapy is a new generation of face oil-serum, nourishing but not greasy, supercharged with 17 ingredients and 5 potent renowned add-ons that work from the very first night to visibly improve 7 skin concerns like appearance of fine lines, skin texture and complexion evenness. 
  IN A BI-PHASE OIL-SERUM FOR ALL SKIN TYPES​:  
  1/AQUEOUS PHASE​  
 
  Which delivers all the powers of our super ingredients​ 
 
  2/ OIL PHASE​  
 
  That improves absorption of the ingredients​ 
 
 ONCE SHAKEN THE 2 LAYERS BLEND TOGETHER TO CREATE THE PERFECT LIGHTWEIGHT TEXTURE SUITABLE FOR ALL SKIN TYPES (including combination and oily skins)! 
 
   FROM THE 1ST NIGHT: 95% said skin feels softer, suppler, and texture is smoother.*  
   AFTER 28 DAYS OF USE: 95% feel happier looking at their bare skin in the mirror*  
   AFTER 28 DAYS OF USE: 93% feel more confident in their bare skin*  
 
   *Consumer test on 41 volunteers#   
  A powerhouse of ingredients that work in combination to deliver 7 benefits:  
 
   APPEARANCE OF FINE LINES &amp; WRINKLES (2)​:  Thanks to White &amp; Red Ginseng Root Extracts, Wild yam, Kigelia, horsetail, Licorice​ 
   SKIN TEXTURE (1)​:  Thanks to PHA known to help improve skin texture and zinc, known to help improve skin quality​ 
   COMPLEXION EVENNESS (1)​:  Yuzu extract known to help complexion evenness.​ 
   LUMINOSITY (1)​:  Thanks to Red Pepper and PHA which target skin luminosity​ 
   PLUMPNESS (1)​:  Thanks to Squalane &amp; Bamboo extract known to moisturize, while Hyaluronic Acid helps to keep the skin looking plumper.​ 
   NOURISHMENT (1)​:  Thanks to its oil-serum texture. ​ 
   SUPPLENESS (1)​:  Thanks to Hyaluronic acid which targets skins’ hydration leaving the skin more supple.&nbsp; 
 
  SKIN THERAPY  also brings COMFORT to the skin thanks to Japanese knotweed, Scutellaire skullcap, Chamomile, Green tea and Rosemary. Centella Asiatica is known for soothing properties.​ 
  (1) Consumer test on 41 volunteers after 1st night​ 
   (2) Consumer test on 41 volunteers after 14 days  ","Aqua/Water - Glycerin - Caprylic/Capric Triglyceride - Gluconolactone - Helianthus Annuus (Sunflower) Seed Oil - Squalane - Coco-Caprylate/Caprate - Propanediol - Dicaprylyl Carbonate - Butylene Glycol - Arginine - Phyllostachys Bambusoides Extract - 1,2-Hexanediol - Citrus Junos Fruit Extract - Sodium Citrate - Sodium Chloride - Betaine - Zinc Pca - Avena Sativa Kernel Oil/Avena Sativa (Oat) Kernel Oil - Panax Ginseng Root Extract - Ophiopogon Japonicus Root Extract - Polygonatum Officinale Rhizome/Root Extract - Scrophularia Nodosa Extract - Phyllostachys Bambusoides Juice - Centella Asiatica Extract - Glycine Soja (Soybean) Oil - Glycyrrhiza Glabra (Licorice) Root Extract - Capsicum Annuum Fruit Extract - Dioscorea Villosa (Wild Yam) Root Extract - Polygonum Cuspidatum Root Extract - Kigelia Africana Fruit Extract - Scutellaria Baicalensis Root Extract - Equisetum Giganteum Extract - Rosmarinus Officinalis (Rosemary) Leaf Extract - Camellia Sinensis Leaf Extract- Chamomilla Recutita (Matricaria) Flower Extract - Lactobacillus Ferment - Sodium Hyaluronate - Pentylene Glycol - Tocopherol - Bisabolol - Citric Acid - Ethylhexylglycerin - Parfum/Fragrance - Hexyl Cinnamal - Alpha-Isomethyl Ionone - Linalool - Citronellol
For the latest information, it is recommended to review the ingredient list printed on the packaging of the product prior to usage or consumption.","<div aria-labelledby=""Ingredients"" class=""content max-h-0 invisible translate-y-1/4 underline-hyperlink"" id=""product-description-2""> <div class=""attribute-content break-words""> <div class=""flex flex-col gap-2""><p>Aqua/Water - Glycerin - Caprylic/Capric Triglyceride - Gluconolactone - Helianthus Annuus (Sunflower) Seed Oil - Squalane - Coco-Caprylate/Caprate - Propanediol - Dicaprylyl Carbonate - Butylene Glycol - Arginine - Phyllostachys Bambusoides Extract - 1,2-Hexanediol - Citrus Junos Fruit Extract - Sodium Citrate - Sodium Chloride - Betaine - Zinc Pca - Avena Sativa Kernel Oil/Avena Sativa (Oat) Kernel Oil - Panax Ginseng Root Extract - Ophiopogon Japonicus Root Extract - Polygonatum Officinale Rhizome/Root Extract - Scrophularia Nodosa Extract - Phyllostachys Bambusoides Juice - Centella Asiatica Extract - Glycine Soja (Soybean) Oil - Glycyrrhiza Glabra (Licorice) Root Extract - Capsicum Annuum Fruit Extract - Dioscorea Villosa (Wild Yam) Root Extract - Polygonum Cuspidatum Root Extract - Kigelia Africana Fruit Extract - Scutellaria Baicalensis Root Extract - Equisetum Giganteum Extract - Rosmarinus Officinalis (Rosemary) Leaf Extract - Camellia Sinensis Leaf Extract- Chamomilla Recutita (Matricaria) Flower Extract - Lactobacillus Ferment - Sodium Hyaluronate - Pentylene Glycol - Tocopherol - Bisabolol - Citric Acid - Ethylhexylglycerin - Parfum/Fragrance - Hexyl Cinnamal - Alpha-Isomethyl Ionone - Linalool - Citronellol</p>
<p><em><strong>For the latest information, it is recommended to review the ingredient list printed on the packaging of the product prior to usage or consumption.</strong></em></p></div> </div> </div>","Shake the bottle before each use to mix the Korean super ingredients. Empty the pipette fully, then refill. Warm the product into your palms before application. Use before or instead of your night cream.","<div aria-labelledby=""How-to-Use"" class=""content max-h-0 invisible translate-y-1/4 underline-hyperlink"" id=""product-description-1""> <div class=""attribute-content break-words""> <div class=""flex flex-col gap-2""><p>Shake the bottle before each use to mix the Korean super ingredients. Empty the pipette fully, then refill. Warm the product into your palms before application. Use before or instead of your night cream.</p></div> </div> </div>",,,,,"https://static.thcdn.com/productimg/original/13927692-4825171377775631.jpg, https://static.thcdn.com/productimg/original/13927692-7065171377812675.jpg, https://static.thcdn.com/productimg/original/13927692-1795171377848624.jpg, https://static.thcdn.com/productimg/original/13927692-2025171377890360.jpg",adf0f48a-d06e-5d7e-8ccc-11d5e7fe00c8,2024-02-11 11:19:36
https://www.dermstore.com/p/this-works-perfect-hands-intense-moisture-75ml/10524496/,this works Perfect Hands Intense Moisture (75ml),this works,10524496,10524496,29.0,USD,InStock,NewCondition,,,Brands / This Works / this works Perfect Hands Intense Moisture (75ml)," Keep your hands looking young with the this works Perfect Hands Intense Moisture; a multiple award winning hand cream which contains rose oil, mimosa and musk mallow to reduce the appearance of dark spots. With its fast penetrating, non-greasy formula, this hand cream even contains larch extract to tighten the skin and hyaluronic acid, coconut and glycerine to lock in moisture. -  E.D  
 
  this works Perfect Hands Intense Moisture (75ml) 
  Multiple award winning 
  Reduces the appearance of ageing and dark spots 
  Fast penetrating, non-greasy formula 
  Tightens the skin to keep it looking young 
  Unisex 
 ","Aqua, Glyceryl Stearate SE, Glycerin, Cetearyl Alcohol, Candelilla/Jojoba/Rice Bran Polyglyceryl-3 Esters, Caprylic/Capric Triglyceride, Glyceryl Stearate, Parfum, Phenoxyethanol, Sodium Stearoyl Lactylate, Galactoarabanin, Caprylyl Glycol, Brassica Napus (Rapeseed) Extract, Cananga Odorata (Ylang Ylang) Flower Oil, Pelargonium Graveolens (Geranium) Oil, Acacia Dealbata (Mimosa) Absolute, Citrus Aurantium Bergamia (Bergamot) Fruit Oil, Pogostemon Cablin (Patchouli) Oil, Cedrus Atlantica (Cedarwood) Bark Oil, Rosa Damascena (Rose) Flower Absolute, Hibiscus Abelmoschus (Musk Mallow) Seed Oil, Citronellol, Linalool, Galataric Acid, Geraniol, Limonene, Benzyl Benzoate, Benzyl Salicylate, Sodium Hyaluronate, Sodium Hydroxide, Farnesol, Citral, Benzyl Alcohol, Eugenol, Isoeugenol","<div aria-labelledby=""Ingredients"" class=""content max-h-0 invisible translate-y-1/4 underline-hyperlink"" id=""product-description-1""> <div class=""attribute-content break-words""> <div class=""flex flex-col gap-2""><p>Aqua, Glyceryl Stearate SE, Glycerin, Cetearyl Alcohol, Candelilla/Jojoba/Rice Bran Polyglyceryl-3 Esters, Caprylic/Capric Triglyceride, Glyceryl Stearate, Parfum, Phenoxyethanol, Sodium Stearoyl Lactylate, Galactoarabanin, Caprylyl Glycol, Brassica Napus (Rapeseed) Extract, Cananga Odorata (Ylang Ylang) Flower Oil, Pelargonium Graveolens (Geranium) Oil, Acacia Dealbata (Mimosa) Absolute, Citrus Aurantium Bergamia (Bergamot) Fruit Oil, Pogostemon Cablin (Patchouli) Oil, Cedrus Atlantica (Cedarwood) Bark Oil, Rosa Damascena (Rose) Flower Absolute, Hibiscus Abelmoschus (Musk Mallow) Seed Oil, Citronellol, Linalool, Galataric Acid, Geraniol, Limonene, Benzyl Benzoate, Benzyl Salicylate, Sodium Hyaluronate, Sodium Hydroxide, Farnesol, Citral, Benzyl Alcohol, Eugenol, Isoeugenol</p></div> </div> </div>",,,,,,75ml,https://static.thcdn.com/productimg/original/10524496-9154925715169614.jpg,f12c59b3-b21c-5ca2-8607-dde246c2a02d,2024-02-11 11:19:49
https://www.dermstore.com/p/kypris-clearing-serum-balance-soothe-facial-serum-47ml/13311528/,KYPRIS Clearing Serum Balance & Soothe Facial Serum 47ml,KYPRIS,13311528,13311528,90.0,USD,InStock,NewCondition,,,Brands / KYPRIS / KYPRIS Clearing Serum Balance & Soothe Facial Serum 47ml," Sweet talk your fussy, blemished complexion. Clearing Serum enlists balancing zinc, soothing lilac leaf stem cells, beautiful cherry blossom, and a selection of phytonutrient rich, botanical gems for the appearance of a balanced, happy complexion. ","Aqua/Water/Eau, Glycerin, Chenopodium Quinoa Seed Oil, Leuconostoc/Radish Root Ferment Filtrate, Betaine, Zinc Pca Ahnfeltia Concinna Extract, Syringa Vulgaris (Lilac) Leaf Cell Culture Extract, Aloe Barbadensis Leaf Juice, Prunus Cerasus (Sour Cherry) Flower Extract, Asiaticoside, Larrea Divaricata (Chaparral) Leaf Extract, Camellia Oleifera Leaf Extract, Ceramide Np, Citrus Limon (Lemon) Fruit Extract, Helianthus Annuus (Sunflower) Seed Oil, Helianthus Annuus Hybrid Oil, Allantoin, Lavandula Angustifolia (Lavender) Oil, Lecithin, Butyrospermum Parkii (Shea) Butter, Caprylic/Capric Triglyceride, Ascorbyl Palmitate, Maltodextrin, Melaleuca Alternifolia (Tea Tree) Leaf Oil, Montmorillonite, Phospholipids, Phytosterols, Pyrus Malus (Apple) Fruit Extract, Salix Alba Bark Extract, Sarcosine, Sclerotium Gum, Sodium Anisate, Sodium Levulinate, Squalane, Tocopherol, Linalool
For the latest information, it is recommended to review the ingredient list printed on the packaging of the product prior to usage or consumption.","<div aria-labelledby=""Ingredients"" class=""content max-h-0 invisible translate-y-1/4 underline-hyperlink"" id=""product-description-2""> <div class=""attribute-content break-words""> <div class=""flex flex-col gap-2""><p>Aqua/Water/Eau, Glycerin, Chenopodium Quinoa Seed Oil, Leuconostoc/Radish Root Ferment Filtrate, Betaine, Zinc Pca Ahnfeltia Concinna Extract, Syringa Vulgaris (Lilac) Leaf Cell Culture Extract, Aloe Barbadensis Leaf Juice, Prunus Cerasus (Sour Cherry) Flower Extract, Asiaticoside, Larrea Divaricata (Chaparral) Leaf Extract, Camellia Oleifera Leaf Extract, Ceramide Np, Citrus Limon (Lemon) Fruit Extract, Helianthus Annuus (Sunflower) Seed Oil, Helianthus Annuus Hybrid Oil, Allantoin, Lavandula Angustifolia (Lavender) Oil, Lecithin, Butyrospermum Parkii (Shea) Butter, Caprylic/Capric Triglyceride, Ascorbyl Palmitate, Maltodextrin, Melaleuca Alternifolia (Tea Tree) Leaf Oil, Montmorillonite, Phospholipids, Phytosterols, Pyrus Malus (Apple) Fruit Extract, Salix Alba Bark Extract, Sarcosine, Sclerotium Gum, Sodium Anisate, Sodium Levulinate, Squalane, Tocopherol, Linalool</p>
<p><em><strong>For the latest information, it is recommended to review the ingredient list printed on the packaging of the product prior to usage or consumption.</strong></em></p></div> </div> </div>","Apply Clearing Serum to areas affected by blemishes, oiliness, or in-growns. Avoid eye area. For best results, we recommend pairing your Clearing Serum with your favorite KYPRIS Beauty Elixir. For external use only.","<div aria-labelledby=""How-to-Use"" class=""content max-h-0 invisible translate-y-1/4 underline-hyperlink"" id=""product-description-1""> <div class=""attribute-content break-words""> <div class=""flex flex-col gap-2""><p>Apply Clearing Serum to areas affected by blemishes, oiliness, or in-growns. Avoid eye area. For best results, we recommend pairing your Clearing Serum with your favorite KYPRIS Beauty Elixir. For external use only.</p></div> </div> </div>",,,,,"https://static.thcdn.com/productimg/original/13311528-1735149389661740.jpg, https://static.thcdn.com/productimg/original/13311528-2135149389688734.jpg, https://static.thcdn.com/productimg/original/13311528-1045149389735261.jpg, https://static.thcdn.com/productimg/original/13311528-4995149389765960.jpg, https://static.thcdn.com/productimg/original/13311528-1575149389793800.jpg, https://static.thcdn.com/productimg/original/13311528-1995149389819204.jpg, https://static.thcdn.com/productimg/original/13311528-1035149389862392.jpg",2c8039ee-10bf-5c95-80ce-9b86d8e9c1a6,2024-02-11 11:20:15
