title,brand,price,category,description,ingredients,skin_type_and_concerns,images
Exclusive NEOSTRATA Anti-Aging Firming Duo,Neostrata,188.0,Exclusive NEOSTRATA Anti-Aging Firming Duo,"This anti aging neck cream is formulated with three clinically proven matrix building ingredients, each with a unique action to deliver optimal lifting and firming. ProAmino Acid helps stimulate procollagen production in the skin’s deep layers, while NeoCitriate™ helps promote new collagen and NeoGlucosamine® builds the surrounding support matrix. This trio of state-of-the-art actives works together to plump, build volume and firm sagging skin. NeoGlucosamine® is also a gentle exfoliant that helps reduce the appearance of uneven pigment and age spots that often appear in the décolletage. This potent cream is fortified with Apple Stem Cell Extract to help protect the longevity of skin’s essential cells, helping your skin to behave like younger skin. ""Volumizes the look of slack skin with AMINOFIL® Amino acid derivative concentrated to target skin’s hydrating matrix for a more lifted appearance. Renews Tone with Gluconolactone A Polyhydroxy Acid &amp; antioxidant chelator that helps to gently exfoliate and promote a more even skin tone. Smooths Skin with LMW Hyaluronic Acid Due to its unique small size, LMW (Low Molecular Weight) Hyaluronic Acid penetrates skin’s surface to attract moisture, providing hydration to visibly improve skin’s texture.""","Aqua (Water), Polyacrylate-13, Isocetyl Stearoyl Stearate, Sodium Bisulfite, PEG100 Stearate, Methyl Decenol, Lecithin, Butyrospermum Parkii (Shea) Butter, Ceteareth20, Carbomer, Ethyl, Polymethylsilsesquioxane, (CI 17200), 2, Acetyl, Isostearic Acid, Acetoacetate, Tyrosinamide, Triethyl Citrate, Cyclohexasiloxane, Hydrogenated Palm Glycerides, Caprylyl Glycol, PEG40 Stearate, Ammonium Hydroxide, Isobutyl Methyl Tetrahydropyranol, Malus Domestica Fruit Cell Culture Extract, Tocopheryl (Vitamin E) Acetate, Biosaccharide Gum-1, 2-Hexanediol, CI 19140 (Yellow 5). Aqua/Water/Eau, Ethylene Brassylate, 1, it is recommended to review the ingredient list printed on the packaging of the product prior to usage or consumption., Dimethicone, Palmitoyl Glycine, Disodium EDTA, C1215 Alkyl Benzoate, Acetyl Glucosamine, Xanthan Gum, Chlorphenesin, Polyisobutene, BHT, Cetearyl Alcohol, Glycerin, Hydrogenated Palm Kernel Glycerides, Pentaerythrityl TetraDitButyl Hydroxyhydrocinnamate, Methyldihydrojasmonate, PEG-8, PEG-12 Dimethicone, 6-Dimethyl-7-Octen-2-ol, Nylon12, Red 33, Methyl Benzodioxepinone, Sodium Sulfite, Myristate, Blue 1 (CI 42090). For the latest information, Cyclopentasiloxane, Ethoxydiglycol Oleate, Ethoxydiglycol, Dimethiconol, lymethylsilsesquioxane, Isopropyl Myristate, Pentylene Glycol, Polysorbate 20, Gluconolactone, Isopropyl, Caramel, Glyceryl Stearate, Phenoxyethanol, Hydrolyzed Sodium Hyaluronate",,"https://static.thcdn.com/productimg/original/13441438-1074907545957458.jpg, https://static.thcdn.com/productimg/original/13441438-1474907545870668.jpg, https://static.thcdn.com/productimg/original/13441438-4344907545914069.jpg"
PMD Clean (1 piece),PMD,79.2,PMD Clean (1 piece),"Give yourself a mini facial with help from PMD's Clean. Chic and portable, this skin care device features SonicGlow™ technology with over 7,000 vibrations per minute that deeply cleanses, tones and lifts for a more youthful-looking complexion. Key Benefits: With 7,000 vibrations per minute, Clean deeply removes the skin’s impurities by breaking down dirt and oil from within the pores. Using ultra-hygienic silicone, Clean is odor-resistant, antibacterial, hypoallergenic and waterproof. This hassle-free brush head never needs replacing. A powerful cleansing device with bristles gentle enough for all skin types. With four customizable modes, Clean provides a full spectrum of cleansing options. Supercharge your skin care regimen by using their SonicGlow™ technology to massage serums and moisturizer into skin for a more youthful look. PMD recommends using mode 3 or 4 for massaging. Apply skincare products and use back side of the Clean to gently massage. Serum will be more effective and absorb deeper into the skin.","it is recommended to review the ingredient list printed on the packaging of the product prior to usage or consumption., Silicone AA Battery. For the latest information","Acne: BlackheadsAging Skin: Loss of FirmnessApplication Area: FaceIdeal for these Concerns: Acne, Large Pores, OilinessProfessional Tools and Devices: Cleansing DevicesSkin Care: Professional Tools and DevicesSkin Type: Acne-Prone Skin, Combination Skin, Dry Skin, Mature Skin, Normal Skin, Oily Skin, Sensitive Skin","https://static.thcdn.com/productimg/original/12905594-1484871062629315.jpg, https://static.thcdn.com/productimg/1600/1600/12049208-8044736872279569.jpg, https://static.thcdn.com/productimg/1600/1600/12049208-1474736874075255.jpg, https://static.thcdn.com/productimg/1600/1600/12049208-1754736874097824.jpg, https://static.thcdn.com/productimg/1600/1600/12049208-3964736874284442.jpg"
NEOM Focus the Mind Essential Oil Blend 0.3 fl. oz,NEOM,24.0,NEOM Focus the Mind Essential Oil Blend 0.3 fl. oz,"Bringing you back to the present moment in a snap, the Focus the Mind Essential Oil Blend from natural wellbeing brand NEOM zaps you with an energising aroma that promotes razor-sharp attention. It stimulates your senses with a complex blend of 100% natural essential oils from Pine, Cedarwood and Eucalyptus, a trio expertly curated to boost mental clarity and enhance concentration. Compatible with your NEOM Wellbeing Pod, the fragrant oil imbues your personal interior spaces with layers of Green Hibiscus notes mingled with deeper, woody undertones that create a balsamic effect. You can even add a few drops to a hot bath or use it for an oil massage to get your mind and body feeling active and in the zone. Made with 100% natural essential oils. Please note: This bottle contains up to 30 uses, with 5-10 drops per use.","Juniperus Mexicana Wood Oil, Cinnamaldehyde, Rosmarinus Officinalis Leaf Oil, Eugenia Caryophyllus Leaf Oil, Pinus Sylvestris Leaf Oil, Eucalyptus Globulus Leaf Oil, Pogostemon Cablin Leaf Oil, Linalool., Lavandula Angustifolia Flower Extract, Limonene, Maltol, Mentha Arvensis Leaf Oil, Thuja Occidentalis Leaf Oil, Geraniol, Cinnamomum Cassia Leaf Oil, Caprylic/Capric Triglyceride",,"https://static.thcdn.com/productimg/original/12540840-6904928010935181.jpg, https://static.thcdn.com/productimg/original/12540840-1944928010948786.jpg, https://static.thcdn.com/productimg/1600/1600/12540840-2084824854860206.jpg, https://static.thcdn.com/productimg/1600/1600/12540840-1664824854923758.jpg, https://static.thcdn.com/productimg/1600/1600/12540840-2074824854984676.jpg, https://static.thcdn.com/productimg/1600/1600/12540840-1484824855043251.jpg"
Briogeo Curl Charisma™ Rice Amino + Avocado Hydrating Shampoo 8 oz,Briogeo,28.0,Briogeo Curl Charisma™ Rice Amino + Avocado Hydrating Shampoo 8 oz,"Briogeo's Curl Charisma™ Rice Amino + Avocado Hydrating Shampoo gives waves, curls, and coils the gentle and nourishing care it needs. This creamy, sulfate-free shampoo-hydrates and cleanses without stripping hair of natural oils and minimizes frizz to enhance definition. Rice amino acids help seal the hair cuticle and lockout frizz-causing humidity while tomato fruit ferment enhances moisture retention to support uniform curl formation. Key Ingredients: Rice Amino Acids: smooth down and help control frizz Shea Butter: deeply hydrates and retains moisture in hair Vitamin E: protects hair from free-radical damage Tomato Fruit Ferment Extract: helps encourage curl formation Key Benefits: Cleanses and hydrates waves, curls, and coils Creamy, sulfate-free formula Combats frizz Enhances moisture retention","Lactobacillus/Tomato Fruit Ferment Extract*, Acanthus Mollis Leaf Extract*, Sodium Chloride*, Polyquaternium-71, Glycerin*, Aloe Barbadensis Leaf Juice*, Disodium Laureth Sulfosuccinate, Lauramidopropyl Betaine*, Acyl Coenzyme A Desaturase*, Citrus Aurantium Dulcis (Orange) Peel Oil*, Soyamidopropylamine Oxide*, Rosa Canina Fruit Oil*, it is recommended to review the ingredient list printed on the packaging of the product prior to usage or consumption., Fragrance (Parfum), Butyrospermum Parkii (Shea) Butter*, Leuconostoc/Radish Root Ferment Filtrate*, Sodium Lauroyl Sarcosinate, Dehydroacetic Acid, Sodium Lauryl Sulfoacetate, Oryza Sativa (Rice) Extract*, Water/Aqua/Eau, Keratin Amino Acids*, Benzyl Alcohol. For the latest information, Citrus Paradisi (Grapefruit) Peel Oil*, Persea Gratissima (Avocado) Oil*, Polyquaternium-7, Sodium Hyaluronate, Anhydroxylitol*, Sodium Cocoyl Isethionate*, Glycol Distearate*, Cocamidopropyl Hydroxysultaine*, Sodium C14-16 Olefin Sulfonate, Xylitylglucoside*, Xylitol*, Tocopheryl Acetate, Glucose*","Application Area: Hair, ScalpIdeal for these Concerns: Damaged Hair, Free Radical Damage, Frizzy HairHair Care: ShampooHair Type: Coarse Hair, Curly Hair, Dry or Damaged HairIngredient: Aloe Vera, Amino Acids, Antioxidants, Shea Butter, Vitamin C, Vitamin EPreferences: Certified Cruelty-Free, Gluten-Free, Natural, Paraben-Free, Sulfate-FreeShampoo: Smoothing Shampoo","https://static.thcdn.com/productimg/original/11271963-2024931365270023.jpg, https://static.thcdn.com/productimg/original/11271963-1094931365309008.jpg, https://static.thcdn.com/productimg/original/11271963-1704931365358871.jpg, https://static.thcdn.com/productimg/original/11271963-1954931365401507.jpg, https://static.thcdn.com/productimg/original/11271963-1404931365446102.jpg, https://static.thcdn.com/productimg/original/11271963-7154931365492125.jpg, https://static.thcdn.com/productimg/original/11271963-1834931365559946.jpg, https://static.thcdn.com/productimg/original/11271963-3694931365624458.jpg, https://static.thcdn.com/productimg/original/11271963-1994931365679205.jpg, https://static.thcdn.com/productimg/original/11271963-1244931365724199.jpg, https://static.thcdn.com/productimg/original/11271963-1274931368513974.jpg"
Dermalogica Retinol Renewal Gift Set ($186 Value),Dermalogica,129.0,Dermalogica Retinol Renewal Gift Set ($186 Value),"Renew skin with a transformative duo that transcends the ordinary. Dynamic Skin Retinol Serum visibly reduces the 4 signs of skin aging in just 2 weeks,* and Super Rich Repair helps replenish skin's natural moisture levels to nourish and defend against environmental assaults. *Clinical results on reduced appearance of wrinkles, pores, dark spots, and uneven texture after 2 weeks with Dynamic Skin Retinol Serum. Independent clinical test, 59 subjects, 8 weeks. Products Included: Dermalogica Dynamic Skin Retinol Serum (0.34 fl. Oz) Dermalogica Super Rich Repair (1.7 fl. Oz)","Polyglyceryl-4 Isostearate, Aniba Rosodora (Rosewood) Wood Oil, Linalool. For the latest information, Borago Officinalis Seed Oil, Isostearic Acid, Rosmarinus Officinalis (Rosemary) Leaf Extract, Helianthus Annuus (Sunflower) Extract, Laminaria Digitata Extract, Hydroxystearic Acid, Urea, Hexyldecanol, Polyacrylate Crosspolymer-6, Helianthus Annuus (Sunflower) Seed Oil, Hydrogenated Coconut Oil, Hydroxyethyl Acrylate/Sodium Acryloyldimethyl Taurate Copolymer, Citric Acid, Isohexadecane, Cetyl Palmitate, Santalum Album (Sandalwood) Oil, Retinol, Citronellol, Hydroxyacetophenone, Glucosamine HCL, Squalane, Abies Sibirica Oil, Linalool, 1, Dimethyl Isosorbide, Sodium Benzoate, Hydrogenated Castor Oil, Phenoxyethanol. Dynamic Skin Retinol Serum: Water/Aqua/Eau, Tetrasodium Glutamate Diacetate, Glycerin, Sodium Chloride, Cedrus Atlantica Bark Oil, Juniperus Virginiana Oil, Trideceth-6 Phosphate, Madecassoside, Octyldodecyl Neopentanoate, Colloidal Oatmeal, Propanediol, Tocopheryl Acetate, Yeast Extract, Cupressus Sempervirens Leaf/Stem Extract, Lauryl PEG-9 Polydimethylsiloxyethyl Dimethicone, Dipropylene Glycol, Sodium Hydroxide, Simmondsia Chinensis (Jojoba) Seed Oil, 2-Hexanediol, Caprylic/Capric/Myristic/Stearic Triglyceride, Super Rich Repair: Water/Aqua/Eau, Eucalyptus Globulus Leaf Oil, Benzyl Alcohol, Palmitoyl Tripeptide-5, Polysorbate 60, Cupressus Sempervirens Oil, Hydroxypinacolone Retinoate, Arginine/Lysine Polypeptide, Laureth-23, Butyrospermum Parkii (Shea) Butter, Butylene Glycol, Caprylic/Capric Triglyceride, Oryza Sativa (Rice) Bran Extract, Oenothera Biennis (Evening Primrose) Oil, Caprylyl Glycol, Tocopherol, Sorbitan Isostearate, Geraniol, Hexylene Glycol, it is recommended to review the ingredient list printed on the packaging of the product prior to usage or consumption., Dimethicone, Pyrus Malus (Apple) Seed Extract, Beta-Glucan, Avena Sativa (Oat) Kernel Extract, Cetyl Dimethicone, BHT, Pelargonium Graveolens Flower Oil, Ethylhexylglycerin, Sodium Hyaluronate, Polysorbate 20, Gardenia Taitensis Flower, Ceramide NP",,"https://static.thcdn.com/productimg/original/15508780-2315175808008735.jpg, https://static.thcdn.com/productimg/original/15508780-5645175808042353.jpg, https://static.thcdn.com/productimg/original/15508780-5935175808074687.jpg, https://static.thcdn.com/productimg/original/15508780-9185175808122333.jpg, https://static.thcdn.com/productimg/original/15508780-4505175808159497.jpg"
Miriam Quevedo Sublime Gold Shampoo 250ml,Miriam Quevedo,80.0,Miriam Quevedo Sublime Gold Shampoo 250ml,"Exquisite ultra-nourishing and restorative shampoo that has rejuvenating properties and adds an exceptional shine to hair. Sublime formula powered by Bioactive 24k Gold, Wild Olive Tree Stem Cells and Vitamin D Nectar, which deeply nourishes without making the hair heavy and and helps to regenerate the heart of the hair fiber and scalp. It acts as a shield against the effects of aging and to protect the color, as well as infusing your hair with renewed youth. Key Benefits: Helps reduce hair aging at the cellular level Contributes to liberate hair and scalp of impurities and residues Its active ingredients intensely nourish, repair and regenerate the heart of the hair fiber and the scalp Its active ingredients strength the internal structure of the hair, repairing damage and broken links Has highly protective properties against aggressors such as harsh salon treatments, pollution, UV rays or oxidative stress Revitalizes the hair, infusing it with a renewed youth Provides sublime shine and luminosity with more intense reflections thanks to 24 k micronized gold Has moisturizing, anti irritant, and antioxidant properties Enhances the softness, silkiness and shine of the hair Vegan formula without SLES sulfates with multi benefit natural surfactants Minimizes color loss through successive washes helps retain more than 96 of color after 10 washes Mild, non aggressive with hair or scalp Provides a polishing effect by preventing peeling of the cuticle Respectfully sourced, sustainable and biodegradable Key Ingredients: Wild olive tree stem cells (proprietary), Vitamin D nectar, Vegan Shine Beautifier Complex (proprietary), Bioactive 24k gold, organic argan oil, vegal keratin, vegetal collagen, moringa peptide (proprietary), Multi-vitamin B complex, betaine amino acids, Five Trace Elements Protein Complex (proprietary), DNA Protein Repair Complex (proprietary)","Aqua (Water), Sorbitol, Sclerotium Gum, Sodium Lauroyl Methyl Isethionate, Niacinamide, Saccharomyces/Silicon Ferment, Faex (Yeast) Extract, Pyridoxine Hcl, Peg-7 Glyceryl Cocoate, Panthenol, Saccharomyces/Magnesium Ferment, Hexyl Cinnamal, Threonine, Hydroxyacetophenone, Propylene Glycol, Ci 77491 (Iron Oxides), Glycoproteins, Phytic Acid, Caprylyl Glycol, Tocopherol, Saccharomyces/Zinc Ferment, Sodium Hydroxide, Riboflavin, Ricinus Communis (Castor) Seed Oil, Geraniol, Mica, 2-Hexanediol, Linalool, 1, Ascorbic Acid, Arginine Hcl, Olea Europaea (Olive) Leaf Extract, Hexylene Glycol, Alcohol Denat., it is recommended to review the ingredient list printed on the packaging of the product prior to usage or consumption., Saccharomyces Lysate, Dehydroacetic Acid, Benzyl Alcohol, Collagen Amino Acids, Sodium Benzoate, Xanthan Gum, Camelina Sativa Seed Oil, Peg-120 Methyl Glucose Trioleate, Tetrasodium Glutamate Diacetate, Glycerin, Cocamidopropyl Betaine, Wheat Amino Acids, Sodium Chloride, Betaine, Bioflavonoids, Saccharomyces/Copper Ferment, Saccharomyces/Iron Ferment, Sodium Cocoyl Apple Amino Acids, Glyceryl Ricinoleate, Cyamopsis Tetragonoloba (Guar) Gum, Gold, Polyquaternium-7, Peg-40 Hydrogenated Castor Oil, Citric Acid, Parfum (Fragrance), Ci 77891 (Titanium Dioxide) For the latest information, Pentylene Glycol, Limonene, Moringa Oleifera Seed Extract/Moringa Pterygosperma Seed Extract, Glutathione, Potassium Sorbate, Maltodextrin, Cyclodextrin, Citronellol, Argania Spinosa Kernel Oil, Serine, Fructooligosaccharides, Propanediol, Soy Amino Acids, Polyquaternium-10, Thiamine Hcl",,"https://static.thcdn.com/productimg/original/14226753-9905022361060443.jpg, https://static.thcdn.com/productimg/original/14226753-4585022361113129.jpg"
Christophe Robin Luscious Curl Cleansing Balm with Kokum Butter 250ml,Christophe Robin,43.0,Christophe Robin Luscious Curl Cleansing Balm with Kokum Butter 250ml,"Wash the day away with Christophe Robin’s Luscious Curl Cleansing Balm. Formulated for curly to coily hair types, this 2-in-1 formula cleanses, detangles, and nourishes curly to coily hair while helping to define and soften for curls with bounce and shine.&nbsp; Key Ingredients:&nbsp;&nbsp; Kokum Butter: conditions dry hair and scalp&nbsp; Creatine: strengthens hair to prevent breakage and damage&nbsp; Chia Seed Oil: adds softness&nbsp; Flaxseed Milk: helps define curls for touchable hold with bounce and shine&nbsp; Key Benefits: &nbsp; Cleanses, detangles and nourishes curly to coily hair&nbsp; Non-lathering, balmy texture&nbsp; Hydrates and defines curls&nbsp; Creates a frizz-free, shiny finish&nbsp;","Hydroxypropyl Starch Phosphate, Disodium Edta, Aqua/Water/Eau, Creatine, Caprylic/Capric Triglyceride, Hexyl Cinnamal, Helianthus Annuus (Sunflower) Seed Wax, Nigella Sativa Seed Oil, Dipropylene Glycol, C15-19 Alkane, Polyglyceryl-3 Diisostearate, Tocopherol, Sodium Hydroxide, Linalool, it is recommended to review the ingredient list printed on the packaging of the product prior to usage or consumption., Fragrance (Parfum), Helianthus Annuus (Sunflower) Seed Oil, Sodium Benzoate, Cetearyl Alcohol, Glycerin, Cocamidopropyl Betaine, Sodium Chloride, Salvia Hispanica (Chia) Seed Oil, Citric Acid, Behentrimonium Chloride, Hydroxycitronellal, Ceteareth-33, Polyglycerin-3, Limonene, Jojoba Esters, Potassium Sorbate, Benzyl Salicylate, Citronellol, Ascorbic Acid. For the latest information, Garcinia Indica (Kokum) Seed Butter, Bixa Orellana Seed Extract",,"https://static.thcdn.com/productimg/original/12696151-1834893266344989.jpg, https://static.thcdn.com/productimg/original/12696151-8764884719945352.jpg, https://static.thcdn.com/productimg/original/12696151-4004884720009684.jpg"
R+Co TELEVISION Perfect Hair Shampoo 33.8 oz,R+Co,114.0,R+Co TELEVISION Perfect Hair Shampoo 33.8 oz,"Steal the show with TELEVISION Perfect Hair Shampoo from R+Co. Suitable for all hair types, this shampoo adds body and shine while strengthening and softening your tresses. Key Ingredients: Juniper Berry Extract: helps maintain the optimal oil balance of the scalp and adds weightless moisture to the hair Glycerin: helps maintain the moisture balance of hair Babassu Seed Oil: an excellent moisturizer that deep conditions dry hair and scalp Panthenol: penetrates hair and provides hydration Marigold Flower Extract: hydrates dry scalp and helps remove dandruff flakes Key Benefits: Good for anyone who wants all the qualities of beautiful, healthy, camera-ready hair Provides body and shine Softens, smooths, and strengthens the hair Infused with natural ingredients that promote an optimal scalp environment and helps hair retain moisture","Sodium Cocoyl Isethionate, Formic Acid, Sodium Lauroyl Methyl Isethionate, Aqua/Water/Eau, Trideceth-12, Panthenol, Disodium Cocoamphodipropionate, Lauryl Glucoside, Laureth-9, Cocamide MIPA, Amodimethicone, Caprylyl Glycol, Glycol Distearate, Ethylhexyl Salicylate, Dimethiconol Panthenol, Orbignya Oleifera Seed Oil, Laureth-4, Polyquaternium-6, it is recommended to review the ingredient list printed on the packaging of the product prior to usage or consumption., Sodium Lauroyl Sarcosinate, Polyquaternium-53, Butyl Methoxydibenzoylmethane, Disodium EDTA, Calendula Officinalis Flower Extract, Sodium Benzoate, Limonene For the latest information, Juniperus Communis Fruit Extract, BHT, Glycerin, Cocamidopropyl Betaine, Trisodium Ethylenediamine Disuccinate, Ethylhexyl Methoxycinnamate, Ethylhexylglycerin, Citric Acid, C11-15 Pareth-7, Acrylates Copolymer, Parfum/Fragrance, Phenoxyethanol","Application Area: HairIdeal for these Concerns: Damaged Hair, Frizzy HairHair Care: ShampooHair Type: Coarse Hair, Color-Treated Hair, Curly Hair, Dry or Damaged Hair, Fine Hair, Normal Hair, Oily HairIngredient: Essential Oils, Herbal Extracts, PanthenolMen: Men's EssentialsMen's Essentials: Men's Hair ProductsPreferences: Certified Cruelty-Free, Certified OrganicShampoo: Repair Shampoo",https://static.thcdn.com/productimg/original/12902323-1464866430426575.jpg
Colorescience Total Lash Mascara 8ml,Colorescience,59.0,Colorescience Total Lash Mascara 8ml,"Total Lash™ Mascara immediately enhances the appearance of length and volume for a vibrant, eye-opening effect. With every application, this clinically proven formula works to improve lash health with a blend of peptides and botanicals that nourishes and helps support the natural lash cycle for healthier, stronger, fuller, and longer-looking lashes. Features &amp; Benefits +Grow. Supports lash growth cycle to improve length, density, and overall health with continued use +Fortify. Strengthens with botanicals that condition and nourish to prevent brittleness &amp; breakage +Enhance. Immediately enhances appearance of lift, length, and volume with rich black tubing of every lash, while separating for a fanned-out lash Conical brush tip allows for easy application to coat every lash from root to tip, including short inner and outer lashes Tubing mascara is easily and completely removed without aggressive scrubbing when using Colorescience Barrier Pro™ 1-Step Cleanser, or your favorite cleanser. Watch tubes effortlessly slide off the lashes. Non-irritating, all-in-one serum, conditioner, and mascara. Free of prostaglandin analogues, Fragrance-free. Dye-free. Contains beeswax. Clinically proven results. Dermatologist Tested. Ophthalmologist tested. Safe for: use around the eye area, sensitive eyes, and contact lens wearers. Why Total Lash™ Mascara The all-in-one Serum+ Conditioner + Mascara that is clinically proven to increase lash length, while nourishing, strengthening, and reducing breakage, and offering a buildable high impact look Fans of our multifunctional treatment-makeup-sunscreen hybrids like Face Shields SPF 50 and Total Eye® 3-in-1 Renewal Therapy SPF 35 can complete every look with a high-impact, good-for-you tubing mascara while also providing long-term improvement for their healthiest, rejuvenated lashes A gentle and effective option that is ideal for sensitive eyes, those looking to restore and repair lashes, especially after discontinuing lash extensions, false lashes, or other lash procedures Mascara that further enhances results for users who wish to continue using serums Key Ingredients: Peptides: Myristoyl Pentapeptide-17 stimulates proliferation of hair follicle cells promoting longer, thicker, and more flexible lashes Panthenol: Strengthening pro-vitamin B5 improves moisture retention and elasticity while thickening the hair Jojoba Seed Oil: Nourishing, nutrient dense emollient hydrator protects hair shaft Burdock Root Extract: Anti-inflammatory antioxidant that reduces dryness and improves resilience Acorus Calamus Root Extract: Botanical extract that is both anti-inflammatory and an antioxidant, and is nutrient rich for optimal root health Glycerin: Conditions skin and hair to promote healthy hair growth Iron Oxides: Mineral pigments that provide immediate long-wear, rich black color. Dye-free color is ideal for sensitive eyes. Copolymer: Extends wear by enhancing adherence and wearability","Benzoic Acid, Octyldodecanol, Copernicia Cerifera (Carnauba) Wax, Iron Oxides (CI 77499), Sodium Dehydroacetate, 2 Hexanediol, Panthenol, Water, Stearic Acid, Beeswax, Caprylyl Glycol, Laureth-21, Sodium Hydroxide, Simmondsia Chinensis (Jojoba) Seed Oil, Acorus Calamus Root Extract, PVP, Arctium Lappa Root Extract, Myristoyl Pentapeptide-17, 1, it is recommended to review the ingredient list printed on the packaging of the product prior to usage or consumption., Sodium Benzoate, Cetearyl Alcohol, Glycerin, VP/Hexadecene Copolymer, Polysorbate 60, Ethylhexylglycerin, Sorbitan Sesquioleate, Palmitic Acid, Potassium Sorbate, Arginine. For the latest information, Hydroxyethylcellulose, Caprylhydroxamic Acid, Acrylates Copolymer, Propanediol, Phenoxyethanol, Myristic Acid",,"https://static.thcdn.com/productimg/original/15512135-1275171255863311.jpg, https://static.thcdn.com/productimg/original/15512135-1465171255955579.jpg, https://static.thcdn.com/productimg/original/15512135-6025171256050346.jpg, https://static.thcdn.com/productimg/original/15512135-1525171256185874.jpg, https://static.thcdn.com/productimg/original/15512135-1635171256284796.jpg, https://static.thcdn.com/productimg/original/15512135-5915171255570232.jpg, https://static.thcdn.com/productimg/original/15512135-1015171255765697.jpg"
Doctor Rogers Night Repair Treatment 1 fl. oz,Doctor Rogers,98.0,Doctor Rogers Night Repair Treatment 1 fl. oz,"Stimulate skin renewal with our Night Repair Treatment. The proprietary formulation of acids, antioxidants, and bakuchiol reverses sun damage and builds collagen to fight fine lines and wrinkles.&nbsp;Well tolerated, even by sensitive skin.","Bakuchiol, Salicylic Acid, Aqua/Water/Eau, Behenyl Alcohol, Allantoin, Squalane, Lactobacillus, Leuconostoc/Radish Root Ferment Filtrate, Sodium Hydroxide, Xanthan Gum For the latest information, Cetearyl Olivate, Glycolic Acid, it is recommended to review the ingredient list printed on the packaging of the product prior to usage or consumption., Sorbitan Olivate, Cetearyl Alcohol, Glycerin, Arachidyl Alcohol, Shea Butter, Arachidyl Glucoside, Jojoba Esters, Vanilla Planifolia Fruit Extract, 3-O-Ethyl Ascorbic Acid, Gluconolactone, Cocos Nucifera (Coconut) Fruit Extract, Tocopheryl Acetate",,"https://static.thcdn.com/productimg/original/14897389-1905075282407875.jpg, https://static.thcdn.com/productimg/original/14897389-2035075282449458.jpg, https://static.thcdn.com/productimg/original/14897389-6095075282490855.jpg, https://static.thcdn.com/productimg/original/14897389-2115075282534010.jpg"
R+Co BRIGHT SHADOWS Root Touch-Up Spray 1.5 oz,R+Co,19.0,R+Co BRIGHT SHADOWS Root Touch-Up Spray 1.5 oz,"When grays or natural color start peeking through, touch it up with BRIGHT SHADOWS Root Touch-Up Spray from R+Co. This touch-up spray is designed to temporarily cover roots or unsightly gray hair until your next shampoo session and between salon visits. Pearl extract and biotin enhance a stronger and healthier head of hair. Key Ingredients: Pearl Extract: rich in minerals and amino acids, it helps to regenerate and moisturize hair and provides hair with shine Biotin: helps to thicken hair and stimulates hair growth and overall hair health Treated Pigment: provides multidimensional, temporary coverage and disguises gray roots Key Benefits: Covers grays and re-growth until next hair appointment Actuator ensures easy, mess-free application Enhances healthier-looking hair Paraben and sulfate-free; vegan","Ppg-3 Benzyl Ether Myristate, Aqua/Water/Eau, F6251 - P43-230): Butane, Polymethylsilsesquioxane, Ci 77163 (Bismuth Oxychloride) R+Co. Bright Shadows Gray Root Cover Up Spray - Dark Brown, Synthetic Fluorphlogopite, Hydrolyzed Pearl, Ci 77499 (Iron Oxides). For the latest information, Disteardimonium Hectorite, Limonene. May Contain/Peut Contenir (±): Ci 77491, Propylene Glycol Dibenzoate, Vp/Vinyl Caprolactam/Dmapa Acrylates Copolymer, Mica, Alcohol Denat., Triethoxycaprylylsilane, it is recommended to review the ingredient list printed on the packaging of the product prior to usage or consumption., Tapioca Starch, Biotin, Dark Blonde, Aluminum Starch Octenylsuccinate, Glycerin, Ci 77492, Vinyl Caprolactam/Vp/Dimethylaminoethyl Methacrylate Copolymer, Maris Sal/Sea Salt/Sel Marin, Light Blonde (F6244a - P43-224, Ci 77499 (Iron Oxides), F6248a - P43-231, Hydrofluorocarbon 152a, Parfum/Fragrance, Butane","Application Area: HairColor Family: RedIdeal for these Concerns: Damaged HairHair Care: Hair ColorIngredient: Biotin, Essential Oils, Herbal ExtractsPreferences: Certified Cruelty-Free, Clean, Sulfate-Free, Vegan",https://static.thcdn.com/productimg/original/12905883-1044895682164790.jpg
Moroccanoil Volumizing Mousse 8.5 oz,Moroccanoil,32.0,Moroccanoil Volumizing Mousse 8.5 oz,"Moroccanoil Volumizing Mousse is a lightweight styling mousse that builds all-over body and flexible hold without stickiness. The formula is infused with antioxidant-rich argan oil and an anti-static agent for touchable, frizz-free results. Fragranced with the Moroccanoil signature scent, a blend of spicy amber and sweet floral notes. Key Benefits: Builds body, lift, and movement Flexible hold Weightless No sticky residue Key Ingredients: Argan Oil: Extremely rich in tocopherols (Vitamin E), essential fatty acids and antioxidants, this natural oil helps to nourish. Polyquaternium-4: Weightless, flexible polymer that provides instant volume, maximum lift and a 'memory' factor, for hair that holds its shape and styles that last longer. Soytrimonium Chloride: Hair-conditioning and anti-static agent that adds slip and silkiness.","Hydrofluorocarbon 152A, it is recommended to review the ingredient list printed on the packaging of the product prior to usage or consumption., Potassium Sorbate. MOVMUS01 For the latest information, Aqua/Water/Eau, Polysorbate 20, Polyquaternium-4, Propane, Argania Spinosa (Argan) Kernel Oil, Isobutane, Propylene Glycol, Soytrimonium Chloride, Parfum/Fragrance, Phenoxyethanol",,"https://static.thcdn.com/productimg/original/10925276-1825045959586688.jpg, https://static.thcdn.com/productimg/original/10925276-1905045959625664.jpg, https://static.thcdn.com/productimg/original/10925276-1855044391351004.jpg"
COOLA Clear Skin Oil-Free Moisturiser SPF 30 32ml,COOLA,48.0,COOLA Clear Skin Oil-Free Moisturiser SPF 30 32ml,"A silky sheer, oil-free moisturizer with SPF 30 specially formulated for sensitive and acne-prone skin. Provides calming, breakout-free protection. Key Ingredients: Non-Nano Zinc Oxide provides broad spectrum UVA/UVB protection.​ 2% Niacinamide and Centella Asiatica help support a clear, balanced complexion.​ BlueScreen™ Digital De-Stress™ technology to help mitigate the effects of blue light and other environmental stressors​","Schinus Molle Extract, Glycerin (Organic), Polyhydroxystearic Acid, Niacinamide, Zinc Oxide 14.7% Aloe Barbadensis Leaf Juice (Organic), Isoamyl Laurate, Butylene Glycol, Centella Asiatica Leaf Extract, Water, Isostearic Acid, Tropolone, Tocopheryl Acetate, Caprylyl Glycol, 2-Hexanediol, Ethylhexyl Methoxycrylene, 1, it is recommended to review the ingredient list printed on the packaging of the product prior to usage or consumption., Sodium Phytate For the latest information, Theobroma Cacao (Cocoa) Seed Extract, Capryloyl Glycerin/Sebacic Acid Copolymer, Glyceryl Stearate Citrate, Hydroxyethyl Acrylate/Sodium Acryloyldimethyl Taurate Copolymer, Jasminum Sambac (Jasmine) Leaf Cell Extract, Caprylic/Capric Triglyceride (Organic), Citric Acid (Organic), Propanediol, Butyloctyl Salicylate",,"https://static.thcdn.com/productimg/original/15418357-6055160532099212.jpg, https://static.thcdn.com/productimg/original/15418357-1355160532137186.jpg, https://static.thcdn.com/productimg/original/15418357-1735160532178838.jpg, https://static.thcdn.com/productimg/original/15418357-8945160532234929.jpg, https://static.thcdn.com/productimg/original/15418357-5235160532287789.jpg, https://static.thcdn.com/productimg/original/15418357-1815160532330575.jpg, https://static.thcdn.com/productimg/original/15418357-1535160532376223.jpg, https://static.thcdn.com/productimg/original/15418357-1685160532419147.jpg, https://static.thcdn.com/productimg/original/15418357-1725160532456185.jpg, https://static.thcdn.com/productimg/original/15418357-7435160532493670.jpg"
Supergoop! Daily Dose Bioretinol and Mineral SPF 40 1 fl. oz,Supergoop!,48.0,Supergoop! Daily Dose Bioretinol and Mineral SPF 40 1 fl. oz,"Daily Dose Bioretinol + Mineral SPF 40 combines bakuchiol with a collagen-boosting peptide in a gentle yet powerful 100% mineral sunscreen fluid for bouncy skin that looks smooth and even. Broad spectrum UV + environmental protectors defend skin from photodamage now, keeping it healthy and soft later.","Bakuchiol, Polyglyceryl-6 Pentaoleate, Isododecane, Aqua/Water/Eau, Caprylic/Capric Triglyceride, Propylene Carbonate, Disteardimonium Hectorite, Olive Oil Polyglyceryl-6 Esters, Quercus Robur Bark Extract, Tocopherol, Camellia Sinensis Leaf Extract, Polyglyceryl-4 Diisostearate/Polyhydroxystearate/Sebacate, Dicaprylyl Ether, it is recommended to review the ingredient list printed on the packaging of the product prior to usage or consumption., Sorbitan Oleate, Trisodium Ethylenediamine Disuccinate For the latest information, Glycerin, Sodium Chloride, VP/Hexadecene Copolymer, Polyhydroxystearic acid, Ethylhexylglycerin, Silica, Isohexadecane, Carnosine, Quercus Robur Wood Extract, Vitis Vinifera (Grape) Seed Extract, Propanediol, Butyloctyl Salicylate",,"https://static.thcdn.com/productimg/original/14216239-2045021929997235.jpg, https://static.thcdn.com/productimg/original/14216239-5175021930069817.jpg, https://static.thcdn.com/productimg/original/14216239-1585021930136654.jpg, https://static.thcdn.com/productimg/original/14216239-2245021930820681.jpg, https://static.thcdn.com/productimg/original/14216239-1195021930842692.jpg, https://static.thcdn.com/productimg/original/14216239-1695021930896428.jpg, https://static.thcdn.com/productimg/original/14216239-1225021930916165.jpg, https://static.thcdn.com/productimg/original/14216239-1355021930976828.jpg, https://static.thcdn.com/productimg/original/14216239-1645021931027240.jpg, https://static.thcdn.com/productimg/original/14216239-1995021931091272.jpg, https://static.thcdn.com/productimg/original/14216239-1555021931160503.jpg, https://static.thcdn.com/productimg/original/14216239-1065021931230148.jpg"
VI Derm Dark Spot Lifting Serum with 5% Tranexamic Acid 50ml,VI Derm,130.0,VI Derm Dark Spot Lifting Serum with 5% Tranexamic Acid 50ml,"Your effective dark spot fighter. Featuring our revolutionary TRI-ER8ASE™ Acid Complex, lift existing pigment, such as sun damage and melasma, while helping fight future pigment from forming. Tackle dark spots without the prescription. Target, correct and brighten frustrating skin discoloration with VI Derm Dark Spot Lifting Serum with 5% Tranexamic Acid. Our exclusive TRI-ER8ASE™ Acid Complex effectively lifts existing pigment, such as sun damage, and helps fight future pigment for a brighter, more visibly luminous complexion. See results on various types of discoloration including sunspots, dark spots, and melasma. Benefits: Lifts existing dark spots, sun damage, and melasma Suppresses melanin production to prevent future dark spots from forming Brightens overall skin tone&nbsp; Gently hydrates and defends against moisture loss Ingredients: 5% Tranexamic acid - A potent acid that helps correct existing dark spots and sun damage Kojic Acid - Suppresses excess melanin production to prevent future dark spots Lactic Acid – An AHA that gently exfoliates and resurfaces skin to help other pigment-fighting ingredients penetrate deeper Niacinamide - Hydrates, protects skin barrier, and fades discoloration from the skin In a study: 84% saw significant results 84% saw brighter skin and more even skin tone and texture Over 82% saw improvement in the appearance of dark spots","Pullulan, Phenoxyethanol For the latest information, Polyacrylate-13, Niacinamide, Lecithin, Butylene Glycol, Centella Asiatica Leaf Extract, Caprylic/Capric Triglyceride, Lactic Acid, Sodium Acrylates Copolymer, Coco-caprylate/caprate, Tranexamic Acid, 2-Hexandiol, 1, Dilinoleic Acid/Propanediol/PDI Crosspolymer, Triheptanoin, it is recommended to review the ingredient list printed on the packaging of the product prior to usage or consumption., Xanthan Gum, Polyisobutene, DI Water (Aqua), Ethyl Linoleate, Glycerin, Hexyl Resorcinol, Ethylhexylglycerin, Scierotium Gum, Polysorbate 20, Kojic Acid Dipalmitate",,"https://static.thcdn.com/productimg/original/14016854-1485129417314860.jpg, https://static.thcdn.com/productimg/original/14016854-9055000611829853.jpg, https://static.thcdn.com/productimg/original/14016854-4955000611611018.jpg, https://static.thcdn.com/productimg/original/14016854-7555000611741257.jpg"
Epionce Enriched Body Cream (8 oz.),Epionce,42.0,Epionce Enriched Body Cream (8 oz.),"Epionce's Enriched Body Cream is a non-greasy formula that softens, smooths and firms dry skin. Powered by nourishing oils and fruit extracts, this body lotion provides anti-inflammatory and anti-microbial benefits. Key Ingredients: Safflower: anti-inflammatory and collagen-boosting Meadowfoam: anti-inflammatory and collagen-boosting Date: anti-inflammatory, antimicrobial Apple: anti-inflammatory, antioxidant and collagen-boosting Rose Oil: anti-inflammatory, antioxidant and collagen-boosting Key Benefits: Firms, smooths and softens skin Reverses visibly signs of skin aging while improving barrier strength. Improves the feel of elasticity and stimulates collagen. Non-greasy formula. Helps to improve the appearance of keratosis pilaris on back of arms, legs and buttocks. Tip: Use after shaving to soothe skin and reduce the appearance of puffy-looking skin.","C12-15 Alkyl Benzoate, Quercetin, Phytosterols, Butyrospermum Parkii (Shea) Butter, Butylene Glycol, Behenyl Alcohol, Persea Gratissima (Avocado) Oil, Rosa Canina Fruit Oil, Acrylates/C10-30 Alkyl Acrylate Crosspolymer, Triethanolamine. For the latest information, Caprylyl Glycol, PPG-2 Myristyl Ether Propionate, Limnanthes Alba (Meadowfoam) Seed Oil, Lavandula Angustifolia (Lavender) Flower Extract, Linalool, Hexylene Glycol, it is recommended to review the ingredient list printed on the packaging of the product prior to usage or consumption., Carthamus Tinctorius (Safflower) Seed Oil, Dimethicone, C12-20 Alkyl Glucoside, Disodium EDTA, Olea Europaea (Olive) Oil Unsaponifiables, PEG-100 Stearate, Phytosphingosine, Glycerin, Petrolatum, Arachidyl Alcohol, C10-30 Cholesterol/Lanosterol Esters, C14-22 Alcohols, Ethylhexylglycerin, Citrus Aurantium Dulcis (Orange) Fruit Extract, Water (Aqua), Hydrogenated Polyisobutene, Pyrus Malus (Apple) Fruit Extract, Limonene, Arachidyl Glucoside, Phoenix Dactylifera (Date) Fruit Extract, Glyceryl Stearate, Linum Usitatissimum (Linseed) Seed Oil, Phenoxyethanol","Aging Skin: Loss of FirmnessApplication Area: Body, Decollete, FaceBath and Body: Lotions and OilsIdeal for these Concerns: Aging Skin, Calluses, Dryness and Dehydration, Psoriasis, Stretch MarksIngredient: Dimethicone, Essential Oils, Olive Oil, Shea ButterLotions and Oils: Body LotionPreferences: Clean, Fragrance-Free, Gluten-Free, VeganSkin Type: Acne-Prone Skin, Combination Skin, Dry Skin, Mature Skin, Normal Skin, Oily Skin, Sensitive Skin","https://static.thcdn.com/productimg/original/11287441-2544871898220884.jpg, https://static.thcdn.com/productimg/original/11287441-1804871763281280.jpg, https://static.thcdn.com/productimg/original/11287441-3664871763236964.jpg"
By Terry Hyaluronic Lip Liner (Various Shades),By Terry,28.0,By Terry Hyaluronic Lip Liner (Various Shades),"Care &amp; Contour Lip Definer. Clean, vegan and up to 98% natural formula. A hydrating contour and care liner to sculpt and nourish lips all day long. Intense, long-lasting colour in a single stroke. A vegan, clean and natural formula in sustainable packaging. Define and contour lips quickly and easily with this high-precision retractable pencil. Enriched with hyaluronic acid, its creamy, richly pigmented and long-lasting formula glides on in a single stroke, making a defined, plumped and flawless contour easy. Lips are beautifully hydrated and fully protected. Available in 6 satin shades to pair with the HYALURONIC HYDRA-BALM. A UNIQUE FORMULA Enriched with hyaluronic acid to hydrate, shea butter to nourish and macadamia butter to protect, this beautifully creamy and intensely pigmented liner delivers long-lasting colour in a single stroke. THE RESULTS A flawless contour with a perfectly pigmented, satin finish. Lips are comfortable, nourished, protected and hydrated. Product packaging is produced with 60% recycled plastic.","Butyrospermum Parkii (Shea) Butter, Ci 77491 / Iron Oxides, +/- [Ci 15850 / Red 7 Lake, Helianthus Annuus (Sunflower) Seed Wax, Euphorbia Cerifera (Candelilla) Wax, Tocopherol, Ricinus Communis (Castor) Seed Oil, Mica, Lauroyl Lysine, Heptyl Undecylenate, it is recommended to review the ingredient list printed on the packaging of the product prior to usage or consumption., Helianthus Annuus (Sunflower) Seed Oil, Hydrogenated Sunflower Seed Oil, Hydrogenated Castor Oil, Ci 42090 / Blue 1 Lake, Macadamia Ternifolia Seed Oil, Silica, Sodium Hyaluronate, Ci 77492 / Iron Oxides, Hydrogenated Olive Oil Stearyl Esters, Ci 77499 / Iron Oxides, Ci 77891 / Titanium Dioxide]. (T4101A1) For the latest information, C13-15 Alkane",,"https://static.thcdn.com/productimg/original/14242445-2075168794708641.jpg, https://static.thcdn.com/productimg/original/14242445-1465168794736004.jpg, https://static.thcdn.com/productimg/original/14242445-1185168794763754.jpg, https://static.thcdn.com/productimg/original/14242445-5565168794802625.jpg, https://static.thcdn.com/productimg/original/14242445-1855168794843095.jpg, https://static.thcdn.com/productimg/original/14242445-3425168794881453.jpg, https://static.thcdn.com/productimg/original/14242445-1715168794914276.jpg, https://static.thcdn.com/productimg/original/14242445-1485168794945536.jpg, https://static.thcdn.com/productimg/original/14242445-7355168794979511.jpg, https://static.thcdn.com/productimg/original/14242445-2005168795018514.jpg"
The Light Salon Boost LED Bib,The Light Salon,495.0,The Light Salon Boost LED Bib,"Made to medical device directives, our portable Bib for the Neck &amp; Décolletage delivers the same clinically-proven wavelengths as our prestigious professional salon machines. Red 633nm and near-infrared 830nm are the most clinically-proven wavelengths for skin health and rejuvenation, with 830nm achieving the quickest results and client satisfaction. Salon technology at-home. The Boost LED Décolletage Bib gives you a salon-grade LED treatment in the comfortable surroundings of home. With regular 10-minute treatments, skin is plumped, smoothed and re-energised for a healthy and youthful glow. Suitable for all skin tones and types.","nerves and bone, it is recommended to review the ingredient list printed on the packaging of the product prior to usage or consumption., reaching muscles, Wavelength Call Out: Red 633nm and near-infrared 830nm are the most clinically-proven wavelengths for skin health and rejuvenation, with 830nm achieving the quickest results and client satisfaction. Shorter wavelengths such as green, yellow and purple penetrate poorly and are absorbed by melanin and superficial blood. They will not reach the dermis where the main cells for healing and rejuvenation are located, and therefore will not stimulate the production of collagen and elastin. Longer wavelengths such as red 633nm and near-infrared 830nm penetrate well into the skin and reach the dermis - not only do they stimulate collagen and elastin production (rejuvenating the complexion), increasing blood flow and targeting inflammation whilst supporting cellular regrowth and regeneration to help reduce pain and heal injuries. For the latest information, they also penetrate deep into the body",,"https://static.thcdn.com/productimg/original/13904814-1635180462351238.jpg, https://static.thcdn.com/productimg/original/13904814-8625180462380677.jpg, https://static.thcdn.com/productimg/original/13904814-1395180462430678.jpg, https://static.thcdn.com/productimg/original/13904814-8275180462464281.jpg, https://static.thcdn.com/productimg/original/13904814-1235180462506152.jpg, https://static.thcdn.com/productimg/original/13904814-1075180462553138.jpg, https://static.thcdn.com/productimg/original/13904814-2275180462595039.jpg, https://static.thcdn.com/productimg/original/13904814-9915180462623461.jpg, https://static.thcdn.com/productimg/original/13904814-1075180462669727.jpg, https://static.thcdn.com/productimg/original/13904814-1105180462720583.jpg, https://static.thcdn.com/productimg/original/13904814-1585180462767263.jpg"
SkinCeuticals Hydrating B5 Mask (2.5 fl. oz.),SkinCeuticals,70.0,SkinCeuticals Hydrating B5 Mask (2.5 fl. oz.),"SkinCeuticals Hydrating B5 Mask is a highly concentrated formula that replenishes moisture to dehydrated and stressed skin, allowing the complexion to regain a radiant tone and smooth, supple texture. Utilizing a unique hydrating complex, it restores the skin's water balance, enabling the skin to function at optimal levels. It also plumps and illuminates the complexion, resulting in a more youthful appearance. Key Ingredients: Hyaluronic Acid: this natural humectant is capable of retaining 1,000 times its own weight in water, making it an effective moisturizer Vitamin B5: this vitamin is essential for skin repair function Advanced Moisture Complex: comprised of glycerin, urea, sodium PCA, trehalose and polyquaterium-51, this ingredient blend contains constituents of the skin’s natural moisturizing factor (NMF) and helps restore skin’s optimal moisture balance Key Benefits: High concentrations of hyaluronic acid and vitamin B5 to hydrate and restore skin Optimizes moisture infusion in targeted areas Leaves skin supple and smooth Ideal for all skin types Tip: Hydrating B5 Mask can also be used on other dry areas such as neck, chest, hands, knees, elbows, and feet.","Triethanolamine, it is recommended to review the ingredient list printed on the packaging of the product prior to usage or consumption., Sodium Pca, Calcium Pantothenate, Sodium Hyaluronate, Sodium Benzoate, Disodium Edta, Trehalose, Carbomer, Aqua / Water / Eau, Panthenol, Glycerin, Polyquaternium-51. For the latest information, Urea, Phenoxyethanol","Application Area: Body, Face, NeckIngredient: Hyaluronic AcidPreferences: CleanSkin Care: Skin Care TreatmentsSkin Care Treatments: Face MasksSkin Type: Acne-Prone Skin, Combination Skin, Dry Skin, Mature Skin, Normal Skin, Oily Skin, Sensitive SkinWellness | Internal Factors: Stress Solutions and Treatments","https://static.thcdn.com/productimg/original/11289620-4275043613389474.jpg, https://static.thcdn.com/productimg/original/11289620-1914864739267745.jpg, https://static.thcdn.com/productimg/original/11289620-1944870985590053.jpg"
Erborian Travel Size CC Cream 14g (Various Shades),Erborian,25.0,Erborian Travel Size CC Cream 14g (Various Shades),"Erborian's high-tech low-maintenance CC Crème enhances your skin's natural complexion for a radiant finish. The CC Crème's initial white pigments transform to match your skin tone when blended into the skin for a seamless shade match and a more even-looking complexion that looks like you've applied a filter. Enriched with Centella Asiatica, this CC Cream helps hydrate and protect your skin. It comes with broad-spectrum SPF 25 to help shield your skin from harmful UVA/UVB rays that cause dark spots and wrinkles. If you're looking for a light coverage and radiant finish, the CC Crème is a makeup bag staple! For a flawless complexion, the CC Cream helps: Blur the appearance of pores and imperfections Even out your skin tone Enhance your skin's natural radiance Always formulated without: Parabens Sulfates Phtalates","Titanium Dioxide 4.97%, it is recommended to review the ingredient list printed on the packaging of the product prior to usage or consumption., Octinoxate 6.00%, Zinc Oxide 1.92%, Octisalate 2.00%, Aqua/Water - Cyclomethicone - Dipropylene Glycol - Glycerin - Peg-10 Dimethicone - Methyl Trimethicone - C12-15 Alkyl Benzoate - Dimethicone - Ci 77492/Iron Oxides - Disteardimonium Hectorite - Magnesium Sulfate - Vinyl Dimethicone/Methicone Silsesquioxane Crosspolymer - Centella Asiatica Extract - Mel/Honey Extract - Mica - Talc - Trihydroxystearin - Butylene Glycol - Polyester-1 - Aluminum Hydroxide - Silica Dimethyl Silylate - Palmitic Acid - Stearic Acid - Tocopheryl Acetate - Ethylhexylglycerin - Phenoxyethanol - Methicone - Dimethicone/Vinyl Dimethicone Crosspolymer - Parfum/Fragrance - Hexyl Cinnamal - Alpha-Isomethyl Ionone - Linalool - Citronellol - Geraniol - Eugenol - Limonene - Ci 77491/Iron Oxides - Ci 77499/Iron Oxides For the latest information",,"https://static.thcdn.com/productimg/1600/1600/12653099-2144816800937242.jpg, https://static.thcdn.com/productimg/1600/1600/12653099-1914816801540155.jpg, https://static.thcdn.com/productimg/original/15231808-3995163392150343.jpg, https://static.thcdn.com/productimg/original/15231808-1955163392191170.jpg, https://static.thcdn.com/productimg/original/15231808-8865163392228127.jpg"
Glytone Age Defying C+ Antioxidant Serum 1 fl. oz.,Glytone,98.0,Glytone Age Defying C+ Antioxidant Serum 1 fl. oz.,"A concentrated serum formula featuring a proprietary Antioxidant Complex to help protect the skin and improve the appearance of fine lines and wrinkles. THD Ascorbate, a lipid-soluble and stable form of Vitamin C, helps supports collagen health, brighten the skin and visibly reduces signs of premature aging. Vitamin E helps nourish skin and protect against free radicals while plant-based Squalane helps maintain the skin's moisture barrier and provides weightless hydration.","Arctostaphylos Uva-Ursi Leaf Extract, Lactobacillus/Arundinaria Gigantea Leaf Ferment Filtrate, Rhodiola Rosea Root Extract, Geranium Maculatum Extract, Sodium Citrate, Vitis Rotundifolia Fruit Extract For the latest information, Caprylic/Capric Triglyceride, Copolymer Capryloyl Glycerin/Sebacic Acid Copolymer, Leuconostoc/Radish Root Ferment Filtrate, Tocopherylacetate, Sorbitan Isostearate, 2-Hexanediol, Hydroxyethyl Acrylate/Sodium Acryloyldimethyl Taurate, 1, it is recommended to review the ingredient list printed on the packaging of the product prior to usage or consumption., Sodium Phytate, Tetrahexyldecylascorbate, Terminalia Ferdinandiana Fruit Extract, Glycerin, Ergothioneine, Polysorbate 60, Citric Acid, Water (Aqua), Isohexadecane, Punica Granatum Seed Extract, Pentylene Glycol, Diheptyl Succinate, Maltodextrin, Propanediol, Hydroxyacetophenone, Phenoxyethanol","Aging Skin: Fine Lines and Wrinkles, Loss of FirmnessApplication Area: Decollete, FaceConcern: Aging Skin, Free Radical DamageIngredient: Vitamin EPreferences: Fragrance-Free, Paraben-FreeSkin Type: Acne-Prone Skin, Combination Skin, Dry Skin, Mature Skin, Normal Skin, Oily Skin, Sensitive Skin","https://static.thcdn.com/productimg/original/13175647-9594875721341138.jpg, https://static.thcdn.com/productimg/original/13175647-5644875721391769.jpg, https://static.thcdn.com/productimg/original/13175647-1784875721440516.jpg"
By Terry Ombre Blackstar Color-Fix Cream Shadow (1.64 g.),By Terry,38.0,By Terry Ombre Blackstar Color-Fix Cream Shadow (1.64 g.),"Bestselling 3-in-1 creamy eyeshadow. Eyeliner, illuminator, and eyeshadow. Anti-ageing formula. Buildable coverage for both subtle and dramatic looks. Matte &amp; Shimmer finish. Travel friendly. Glam up the eyes in an instant with the iconic Ombre Blackstar. This multi-purple pen acts as an eyeliner, illuminator, and eyeshadow all in one. Its unique formula is infused with multi-active Tahitian Black Pearl extracts and light-reflecting Tourmaline that help lift the eyelids, making them appear wider and brighter. The creamy, waterproof texture glides on effortlessly and is easy to layer and blend. Easy to blend and highly pigmented, this eyeshadow is designed in 12 vibrant shades for all makeup looks. Available in shimmer finish with 6 unique shades, and matte (NEW) with 6 intense colors: 100. Matte Bare 101.Matte Nude 102. Matte Latte 103. Matte Toffee 104. Matte Ash 105. Matte Mokka TECHNOLOGY Tahitian Black Pearls Extracts: Rich in fortifying calcium and anti-ageing proteins to care for your eyelids. These ingredients also help to create a creamy formula that glides effortlessly onto the lids, making it easy to apply and blend. Tourmaline: Offers light diffusing properties, anti-ageing properties and detoxification, whilst and enhancing the overall formula. Adhesive Polymers: Provide long-lasting, intense colour. RESULT This multi-purpose, creamy eyeshadow pen helps you master a variety of looks, from a quick and easy smokey eye to a more dramatic eyeshadow style. Flawless and radiant all day, no matter the conditions. Smooth application that blends effortlessly. Waterproof, intense colour. CONSUMER RESULTS TEXTURE 100%* agree the texture is soft and silky 100%* agree the texture does not dry out the eyelids 100%* agree the texture does not leave fallout APPLICATION 100%* agree it's an easy-to-blend formula 100%* agree it feels smooth and applies evenly 100%** agree the product does not crease 100%** agree the product is transfer-proof RESULTS OVER A 14-DAY PERIOD 100%** agree the product is long-lasting 100%** agree the product provides optimal coverage 100%** agree the eyelids appear smoothed and scuplted 100%** agree the gaze is luminous and perfected. 100%** agree the product is waterproof *Satisfaction test performed on 24 volunteers. **Satisfaction test performed on 24 volunteers over a 14-day period.","Stearyl Stearate, Calcium Sodium Borosilicate, Octyldodecanol, Cera Alba (Beeswax), Pearl Powder, Stearyl Palmitate, Synthetic Fluorphlogopite, Behenic Acid, Propylene Carbonate, Tin Oxide, Calcium Aluminum Borosilicate, Ci 77491 (Iron Oxides), Disteardimonium Hectorite, Stearic Acid, Silica. (T3530A1) For the latest information, Tourmaline, Polyethylene, Mica, Ci 77891 (Titanium Dioxide), Lauroyl Lysine, Cetyl Stearate, it is recommended to review the ingredient list printed on the packaging of the product prior to usage or consumption., Dimethicone, Ozokerite, Ci 77492 (Iron Oxides), Dicalcium Phosphate, Ci 42090 (Blue 1), Trimethylsiloxysilicate, Cetyl Palmitate, Trisiloxane, Cera Microcristallina (Microcrystalline Wax), Arachidic Acid, Palmitic Acid, Pentaerythrityl Tetra-Di-T-Butyl Hydroxyhydrocinnamate, Paraffin","Application Area: EyesColor Family: NudeEye Makeup: EyeshadowEyeshadow: Cream EyeshadowIngredient: Beeswax, Mica, Titanium Dioxide, Vitamin EMakeup: Eye MakeupPreferences: Clean","https://static.thcdn.com/productimg/original/11307158-7445174257303125.jpg, https://static.thcdn.com/productimg/original/11307158-2055174257358421.jpg, https://static.thcdn.com/productimg/original/11307158-1905174257450224.jpg, https://static.thcdn.com/productimg/original/11307158-7835174257526148.jpg, https://static.thcdn.com/productimg/original/11307158-1415174257594662.jpg"
One Love Organics Vitamin C Body Polish (6 oz.),One Love Organics,48.0,One Love Organics Vitamin C Body Polish (6 oz.),"One Love Organics Vitamin C Body Polish exfoliates and hydrates the skin for a radiant all-over glow. Featuring antioxidant-rich vitamin C ester, aloe, shea butter and organic sugar crystals, this gentle formula sloughs away dead skin cells, improving tone and texture while soothing inflammation, for softer, smoother skin. Vitamin C ester - firms skin while protecting the skin from damaging free radicals Aloe - naturally soothes inflammation Shea butter - rich in vitamins A and E, it hydrates and calms irritated skin Raw organic sugar crystals - cleanse and exfoliate the skin, removing dead skin cells, dirt, oil and other impurities Due to a manufacturer packaging change, item received may vary from product image","it is recommended to review the ingredient list printed on the packaging of the product prior to usage or consumption., glyceryl caprylate, helianthus annuus (sunflower) seed oil*, sucrose*, aloe barbadensis leaf extract*, fragrance/parfum, ascorbyl palmitate, dehydroacetic acid (and) benzyl alcohol (and) water/aqua/eau *Ingredients from Organic Farming/les ingredients biologiques - See more at: http://shop.oneloveorganics.com/products/vitamin-c-body-polish#sthash.2cTz1ThD.dpuf For the latest information, polyglyceryl-3 palmitate, butyrospermum parkii (shea) oil*, glyceryl behenate, tocopherol","Application Area: BodyBath and Body: Bath and ShowerBath and Shower: Body Scrubs and ExfoliatorsIdeal for these Concerns: Free Radical DamageHoliday: Gifts for FriendsIngredient: Aloe Vera, Shea Butter, Vitamin CPreferences: Certified Cruelty-Free, Natural","https://static.thcdn.com/productimg/original/12901687-1924871574097128.jpg, https://static.thcdn.com/productimg/original/12901687-1854866736870395.jpg, https://static.thcdn.com/productimg/original/12901687-1174871574132024.jpg"
Paula's Choice CLEAR Pore Normalizing Cleanser (6 fl. oz.),Paula's Choice,22.0,Paula's Choice CLEAR Pore Normalizing Cleanser (6 fl. oz.),"Wash away makeup, oil and dirt from your skin with CLEAR Pore Normalizing Cleanser by Paula's Choice. Infused with salicylic acid and panthenol, this cleansing gel helps to reduce the appearance of blemishes by clearing away debris and bacteria. Key Ingredients: Salicylic Acid: dissolves oil and debris that can clog pores and lead to breakouts Key Benefits: Dissolves pore-clogging impurities Cleans without irritation Gel texture calms and refreshes skin Ideal for acne-prone and combination skin types Fragrance-free","Active: Salicylic Acid 0.5%. Inactive: Water (Aqua), Acrylates/Steareth-20 Methacrylate Copolymer, it is recommended to review the ingredient list printed on the packaging of the product prior to usage or consumption., Sodium Lauroyl Sarcosinate, PEG-200 Hydrogenated Glyceryl Palmate, Arginine, Disodium EDTA, Caprylyl Glycol, PEG-7 Glyceryl Cocoate, Panthenol, PEG-60 Hydrogenated Castor Oil, Chlorphenesin. For the latest information, Butylene Glycol, Glycerin, Sodium Citrate, Sodium Laureth Sulfate, Phenoxyethanol, Citric Acid","Application Area: FaceCleansers and Exfoliators: Face WashIdeal for these Concerns: Large PoresIngredient: Castor Oil, Panthenol, Salicylic AcidPreferences: Certified Cruelty-Free, Fragrance-Free",https://static.thcdn.com/productimg/original/11486957-9264871060554536.jpg
Augustinus Bader The Serum 15ml,Augustinus Bader,195.0,Augustinus Bader The Serum 15ml,"Formulated with clean super-hydrators and nature's most effective problem-solvers, this breakthrough serum zeros in on your skin's most persistent challenges. From dehydration, stress, and the signs of aging and environmental damage to the appearance of imperfections and loss of elasticity, The Serum delivers an effortless, all-encompassing solution. Backed by 30 years of visionary science. Powered by TFC8®. Key Ingredients: Augustinus Bader skincare is formulated with sustainably-sourced, high potency botanicals and bio-engineered clean actives, where possible, to reduce environmental impact. TFC8®: A complex of natural amino acids, high-grade vitamins and synthesized molecules naturally found in skin, which guides key nutrients and powerful natural ingredients to the skin cells, creating an optimal environment for the body's innate processes of repair and renewal. Vitamin C: A potent, antioxidant-packed boost for the skin. Stimulates the production of collagen for firmer, more resilient skin, while brightening and defending against stress caused by environmental aggressors. Polysaccharide Moisture Complex: A multi-tasking skincare technology for optimal moisture levels. Rehydrates from within while actively preventing water loss, for a complexion that is fresh, supple and soft. Squalane: A clean, plant-derived humectant. This intensely hydrating oil effectively attracts and retains moisture for supple, radiant skin with greater bounceback. Sodium Hyaluronate: A salt known to powerfully attract and retain moisture. Helps stimulate cellular cohesion, for youthful, healthy-looking skin that is firm and supple. Rehydrates at a deep level to plump up the skin and reduce the appearance of fine lines and wrinkles. Pomegranate Seed Concentrate: A sustainably sourced, antioxidant-rich extract packed with micronutrients and punicic and linolenic fatty acids. Supports skin's self-renewal mechanisms to soothe and balance stressed, overly reactive skin while reducing visible signs of aging, including wrinkles. Resveratrol: A natural polyphenol produced by some plants (and famously found in red wine) to defend against injury. Known to have antioxidant properties, offering powerful defense against external aggressors. Edelweiss Extract: A rare star-shaped plant that grows wild in Alpine mountain ranges. Known to lift, smooth and tighten sagging skin and wrinkles while offering serious protection against oxidative stresses such as pollution and UV radiation. Rice Bran Oil: A revered beauty secret for centuries, naturally derived and packed with antioxidant-rich ferulic acid. Known to help suppress the formation of fine lines and wrinkles, brown spots, and other visible signs of premature aging Key Benefits: Reduces and helps to prevent the appearance of fine lines, wrinkles, and hyperpigmentation for more youthful looking skin. Improves tone and smooths texture for brighter, more even looking skin. Boosts skin's natural radiance. Supports production of collagen and boosts elasticity for plumper, more resilient skin. Helps lift, smooth and tighten sagging skin, for a firmer, revitalized complexion. Nourishes and hydrates the skin, while preventing moisture loss (TEWL) for supple, refreshed skin with greater bounce-back Balances and calms stressed, overly reactive skin. Helps to reduce redness. Protects against environmental aggressors and oxidative stresses such as pollution and UV radiation.","Aqua/Water/Eau, Lecithin, Glucose, Leontopodium Alpinum Callus Culture Extract, Sodium Acrylates Copolymer, Maltitol, Squalane, Hydrogenated Lecithin, Sodium Hydroxide, Camellia Sinensis Leaf Extract, 2-Hexanediol, 1, Oryza Sativa (Rice) Bran Oil, it is recommended to review the ingredient list printed on the packaging of the product prior to usage or consumption., Sodium Phytate, Phenylalanine, Anhydroxylitol, Arginine, Xylitol, Xanthan Gum, Oligopeptide-177, O-Cymen-5-Ol, Hydrolyzed Rice Protein, Glycerin, Sodium Chloride, Citric Acid, Sisymbrium Irio Seed Oil. For the latest information, Punica Granatum Extract, Cellulose, Alanyl Glutamine, Sodium Hyaluronate, Ascorbyl Tetraisopalmitate, Potassium Sorbate, Resveratrol, Maltodextrin, Xylitylglucoside, Tocopheryl Acetate, Ethylhexyl Polyhydroxystearate",,"https://static.thcdn.com/productimg/original/15245512-1705136124645968.jpg, https://static.thcdn.com/productimg/original/15245512-2135136125048391.jpg, https://static.thcdn.com/productimg/original/15245512-2005136929811183.jpg, https://static.thcdn.com/productimg/original/15245512-1225136929689986.jpg, https://static.thcdn.com/productimg/original/15245512-1975136929736894.jpg, https://static.thcdn.com/productimg/original/15245512-1985136929779398.jpg, https://static.thcdn.com/productimg/original/15245512-4605136929617818.jpg, https://static.thcdn.com/productimg/original/15245512-8515136929656239.jpg, https://static.thcdn.com/productimg/original/15245512-6665136125075910.jpg"
Philip B. Medium Round Hairbrush,Philip B,130.0,Philip B. Medium Round Hairbrush,"Create a smoother, bouncier head of hair with The Medium Round Hairbrush from Philip B. Designed with nylon-reinforced, first-cut boar bristles that gently glide through hair without snagging or tangling, this brush helps detangle and smooth hair for easy styling or creates lift at the roots effortlessly. The brush is crafted from sustainable mahogany and features an ergonomic design for comfortable use. Key Benefits: Detangles and smooths hair Natural bristles gently glide through hair 55 mm medium barrel size Ergonomic design Crafted from sustainable mahogany","65% Boar Bristle, it is recommended to review the ingredient list printed on the packaging of the product prior to usage or consumption., Polished Mahogany Handle, 35% Nylon. For the latest information","Application Area: HairConcern: Frizzy HairHair Care: Styling ToolsHair Type: Coarse Hair, Color-Treated Hair, Curly Hair, Dry or Damaged Hair, Fine Hair, Normal Hair, Oily HairStyling Tools: Hair Brushes and Combs",https://static.thcdn.com/productimg/original/11146992-8384895710783710.jpg
StriVectin Advanced Retinol Daily Repair Face Moisturizer Broad Spectrum SPF30 50ml,StriVectin,99.0,StriVectin Advanced Retinol Daily Repair Face Moisturizer Broad Spectrum SPF30 50ml,Daily moisturizer targets multiple signs of aging &amp; defends skin with Broad Spectrum SPF 30 protection.,"Octisalate 4.05%, Ascorbyl Palmitate, Myristyl Nicotinate, Coco-Glucoside, Disodium Edta, Lecithin, Beta-Sitosterol, Potassium Cetyl Phosphate, Erythritol, Glucose, Butylene Glycol, Hibiscus Sabdariffa Fruit Extract, Alpha-Isomethyl Ionone [Iln 48993] For the latest information, Bisabolol, Methyl Methacrylate/Glycol Dimethacrylate Crosspolymer, Sodium Acrylates Copolymer, Zingiber Officinale (Ginger) Root Extract, Active Ingredients: Avobenzone 2.70%, Glycine Soja (Soybean) Extract, Parfum/Fragrance, Acrylates/C10-30 Alkyl Acrylate Crosspolymer, Tocopheryl Acetate, Bacillus/Sea Salt Ferment Filtrate, Caprylyl Glycol, Polyglyceryl-3 Diisostearate, Octocrylene 9.00% Inactive Ingredients: Aqua/Water/Eau, Glycine Soja (Soybean) Oil, 2-Hexanediol, 1, Ascorbic Acid, Phenethyl Alcohol, it is recommended to review the ingredient list printed on the packaging of the product prior to usage or consumption., Oryza Sativa (Rice) Germ Extract, Dimethicone, Beta-Glucan, Prunus Persica (Peach) Flower Extract, Sodium Benzoate, Xanthan Gum, Isononyl Isononanoate, Cetearyl Alcohol, Tetrasodium Glutamate Diacetate, Glycerin, Bht, Citric Acid, Propyl Gallate, Sodium Hyaluronate, Aminomethyl Propanol, Pentylene Glycol, Polysorbate 20, Potassium Sorbate, Ethylhexyl Isononanoate, Homosalate 6.30%, Gluconolactone, Retinol, Caprylhydroxamic Acid, Polysilicone-11, Propanediol, Oryza Sativa (Rice) Extract, Nicotiana Benthanmiana Hexapeptide-40 Sh-Polypeptide-76",,"https://static.thcdn.com/productimg/original/13663086-1384959113890944.jpg, https://static.thcdn.com/productimg/original/13663086-1934964306360334.jpg"
Sisley Paris Phyto-Blanc Le Concentre Pure Bright Activating Serum 20ml,Sisley Paris,460.0,Sisley Paris Phyto-Blanc Le Concentre Pure Bright Activating Serum 20ml,"A powerful clarity enhancing serum, Phyto Blanc Le Concentré Pure Bright Activating Serum helps provide an intense, overall brightening effect and visibly diminishing the look of dark spots. This serum provides a global action on 3 levels. 1. AN INTENSE BRIGHTENING ACTION Le Concentré provides an intense brightening effect on the face due to the Egyptian Myrobolan extract. 2. A TARGETED APPROACH TO VISIBLY DIMINISHING THE LOOK OF DARK SPOTS With a PATENDED COMPLEX* OF 4 KEY INGREDIENTS, Le Concentré offers an overall action at each stage of the emergence of dark spots and provides a visible rapid and targeted approach on the appearance and the intensity of look of dark spots. 3. A PROTECTIVE ACTION Vitamin E Acetate and alpha-Bisabolol of natural origin, contribute to protecting the skin from harmful external factors that can lead to the formation of dark spots. Size and intensity of dark spots look diminished. Skin seems brighter, more transparent and crystalline, with the overall complexion looking more even. *patent pending","Sorbic Acid, Niacinamide, Disodium Edta, Aqua/Water/Eau, Butylene Glycol, Bisabolol, Acrylates/C10-30 Alkyl Acrylate Crosspolymer, Sucrose Dilaurate, Caprylyl Glycol, Sodium Hydroxide, Linalool, P-Anisic Acid, Hexylresorcinol, Geraniol. Il#1A Please Note That The Ingredient List In The Composition Of Sisley And Hair Rituel By Sisley-Paris May Change Or Vary Over Time. Please Refer To The Product Packaging You Receive Before Using For The Most Up To Date Ingredient List. For the latest information, Balanites Roxburghii Seed Oil, it is recommended to review the ingredient list printed on the packaging of the product prior to usage or consumption., Helianthus Annuus (Sunflower) Seed Oil, Xanthan Gum, Glycerin, Thymus Serpyllum Extract, Citric Acid, Silica, Thymus Mastichina Flower Oil, Lavandula Angustifolia (Lavender) Oil, Pisum Sativum (Pea) Extract, Limonene, Polysorbate 20, Tocopheryl Acetate, Phenoxyethanol",,"https://static.thcdn.com/productimg/original/14764453-2035167580675037.jpg, https://static.thcdn.com/productimg/original/14764453-5165167580710503.jpg, https://static.thcdn.com/productimg/original/14764453-7145167580763105.jpg"
Eminence Organic Skin Care Stone Crop Gel Wash 4.2 fl. oz,Eminence Organic Skin Care,48.0,Eminence Organic Skin Care Stone Crop Gel Wash 4.2 fl. oz,"Eminence Organic Skin Care's Stone Crop Gel Wash hydrates and cleanses your skin in one multitasking step. This nourishing face wash includes the unique ingredient stone crop pulp that works to calm and remove dehydrated layers of cells from the surface of your skin. It promotes a smoother and softer skin texture. Gluten-free, Nut-free, Vegan Key Benefits The skin is perfectly cleansed without feeling dehydrated The appearance of surface build-up and impurities are removed The complexion appears clear, smooth and bright Key Ingredients Stone Crop: hydrating and nourishing for uneven skin tones Chamomile: revitalizes, calms and balances the appearance of skin​ Shea Butter: calming and restorative agent","Arctostaphylos Uva-Ursi (Bearberry) Leaf Extract*, Polyglyceryl-10 Caprylate/Caprate, Sodium Cocoyl Isethionate, Jasminum Officinale (Jasmine) Flower Extract*, Sempervivum Tectorum (Stone Crop) Extract*, Decyl Glucoside, Coco-Glucoside, Biocomplex2TM [Euterpe Oleracea (Acai) Fruit Extract*, Thioctic Acid (Alpha Lipoic Acid) and Ubiquinone (Coenzyme Q10)]. *Certified organic ingredient Eminence Organics is constantly innovating their product formulations to deliver the best results. For the latest information, Vegetable Heptyl Glucoside, Chlorella Pyrenoidosa (Green Algae) Extract* and Vegetable Glycerin*], Coco-Betaine, Tropolone, Glyceryl Oleate, Cocos Nucifera (Coconut) Water*, Chamomilla Recutita (Matricaria) (Chamomile) Flower Extract*, Rosmarinus Officinalis (Rosemary) Leaf Extract*, Caprylyl Glycol, Limnanthes Alba (Meadowfoam) Seed Oil, Myrciaria Dubia (Camu Camu) Fruit Extract*, 2-Hexanediol, 1, Daucus Carota Sativa (Carrot) Root Extract*, Natural Fragrance, it is recommended to review the ingredient list printed on the packaging of the product prior to usage or consumption., Camellia Sinensis (Green Tea) Leaf Extract*, Butyrospermum Parkii (Shea) Butter*, Glycine Soja (Soybean) Germ Extract*, Calendula Officinalis Flower Extract*, Oryza Sativa (Rice) Extract*, Xanthan Gum, Lycium Barbarum (Goji) Fruit Extract*, Organic Phytonutrient BlendTM [Aloe Barbadensis (Aloe) Leaf Juice*, Citrus Limon (Lemon) Peel Extract*, Plant-Derived Maltodextrin*, Lavandula Angustifolia (Lavender) Flower Extract*, Corn-Derived Propanediol, Ethylhexylglycerin, Citric Acid, Adansonia Digitata (Baobab) Fruit Extract*, Emblica Officinalis (Indian Gooseberry) Fruit Extract*, Vegetable Glycerin*, Helianthus Annuus (Sunflower) Seed Oil*, Malpighia Glabra (Barbados Cherry) Fruit Extract*, Cellulose Gum, Citrus Limon (Lemon) Juice*","Application Area: FaceCleansers and Exfoliators: Face WashIdeal for these Concerns: Free Radical Damage, Hyperpigmentation, Hypersensitive SkinFeatures: Adaptogenic Skin CareIngredient: Essential Oils, Shea ButterPreferences: Certified Cruelty-Free, Certified Organic, Gluten-Free, Natural, Paraben-Free, Phthalate-Free, Sulfate-Free, VeganSkin Care: Cleansers and ExfoliatorsSkin Type: Acne-Prone Skin, Combination Skin, Dry Skin, Mature Skin, Normal Skin, Oily Skin, Sensitive Skin","https://static.thcdn.com/productimg/original/11370322-1384871762071386.jpg, https://static.thcdn.com/productimg/original/11370322-1784871762020536.jpg, https://static.thcdn.com/productimg/original/11370322-2044864242240924.jpg"
iS Clinical Extreme Protect SPF 30 (3.5 oz.),iS Clinical,80.0,iS Clinical Extreme Protect SPF 30 (3.5 oz.),"iS by Innovative Skincare Extreme Protect SPF 30 hydrates, repairs and protects the skin during sun exposure. Gotu kola extract promotes elasticity to diminish the appearance of fine lines and wrinkles. Aloe and vitamin E soothe, nourish and smooth the skin. Olive leaf extract reduces redness and protects against sun damage.","Glycol Stearate SE, Phenoxyethanol. For the latest information, Asiaticoside, Potassium Cetyl Phosphate, Cetyl Alcohol, Ethylhexyl Palmitate, Asiatic Acid, Hydrogenated Palm Glycerides, Caprylyl Glycol, Tocopherol, Madecassic Acid, Olea Europaea (Olive) Leaf Extract, Hexylene Glycol, Laureth-7, Aloe Barbadensis Leaf Juice, it is recommended to review the ingredient list printed on the packaging of the product prior to usage or consumption., C13-14 Isoparaffin, Ethyl Linoleate, PEG-100 Stearate, Oleyl Alcohol, PPG-3 Myristyl Ether, Polyacrylamide, VP/Hexadecene Copolymer, Active Ingredients: Octinoxate 5.50%, Octyldodecyl Neopentanoate, Glyceryl Stearate, Zinc Oxide 4.12% Inactive ingredients: Water","Application Area: FaceIdeal for these Concerns: RednessFace Sun Care: Face SunscreenIngredient: Aloe Vera, Antioxidants, Vitamin E, Zinc OxidePreferences: Dermatologist Approved, Paraben-FreeSkin Care: Face Sun CareSkin Type: Mature SkinSPF: SPF 30+Wellness | External Factors: UV Ray Protectors and Treatments","https://static.thcdn.com/productimg/original/11287898-6464871742933792.jpg, https://static.thcdn.com/productimg/original/11287898-8755165671113786.jpg, https://static.thcdn.com/productimg/original/11287898-2035165671162224.jpg, https://static.thcdn.com/productimg/original/11287898-2085165670116457.jpg"
dpHUE Blonding Brush,dpHUE,28.0,dpHUE Blonding Brush,"Create sunkissed highlights at-home to frame your face, lighten your tips and blend at your root. The Blonding Brush from dpHUE is expertly formulated with Lemon Juice and Hydrogen Peroxide for gentle, gradual lightening, activated by the sun or a blow dryer. It's enhanced with conditioning agents to maintain the health of your hair and purple pigments to counteract warm tones in the lightening process. The soft-bristle brush with precision applicator enables you to brighten even the finest sections and strands of hair.","Phenoxyethanol, it is recommended to review the ingredient list printed on the packaging of the product prior to usage or consumption., Bis-C16-20 Isoalkoxy TMHDI/PEG-90 Copolymer, Ethylhexylglycerin, Water/Aqua/Eau, Hydrogen Peroxide, Glycerin, Citrus Limon (Lemon) Juice, Propanediol, Guar Hydroxypropyltrimonium Chloride, Acid Violet 43 (Ext. Violet 2). For the latest information","Application Area: HairHair Care: Hair ColorHair Type: Color-Treated Hair, Normal HairPreferences: Certified Cruelty-Free, Gluten-Free, Paraben-Free, Phthalate-Free, Sulfate-Free, Vegan","https://static.thcdn.com/productimg/original/12902951-1294943563942668.jpg, https://static.thcdn.com/productimg/original/12902951-5014943564000607.jpg, https://static.thcdn.com/productimg/original/12902951-4884943564060466.jpg, https://static.thcdn.com/productimg/original/12902951-1954943564113254.jpg, https://static.thcdn.com/productimg/original/12902951-9294943564161644.jpg"
PCA SKIN CE Advanced with Hexylresorcinol and Silymarin (1 fl. oz.),PCA SKIN,130.0,PCA SKIN CE Advanced with Hexylresorcinol and Silymarin (1 fl. oz.),"PCA Skin's CE Advanced with Hexylresorcinol and Silymarin works deep below the surface to thwart dryness and encourage a healthy glow. This lightweight skin care solution's deeply nourishing formula combines antioxidants and vitamin C, working to effectively reduce fine lines, discoloration and free radical damage. Key Ingredients: 20% L-Ascorbic Acid: pure vitamin C brightens the skin while protecting against free radical damage 5% Tocopherol: pure vitamin E protects against free radical damage and improves skin water binding capabilities 1% Hexylresorcinol: an age-fighting agent that brightens and promotes an even skin tone 1% Silymarin: powerful antioxidant that has anti-inflammatory benefits and helps fight free radical damage Key Benefits: Protects skin from free radical damage Minimizes fine lines and wrinkles Therapeutic/highest levels of ingredients Reduces hyperpigmentation","Silica, it is recommended to review the ingredient list printed on the packaging of the product prior to usage or consumption., Santalum Album (Sandalwood) Wood Extract. For the latest information, Isosorbide Dicaprylate, Cyclopentasiloxane, Hordeum Distichon (Barley) Extract, Ethylhexyl Hydroxystearate, Tocopherol, Polymethylsilsesquioxane, Silybum Marianum Fruit Extract, Hexylresorcinol, Polysilicone-11, Phellodendron Amurense Bark Extract, Ascorbic Acid, Citrus Aurantium Dulcis (Orange) Oil","Aging Skin: Fine Lines and WrinklesApplication Area: Decollete, Face, NeckIdeal for these Concerns: Dryness and Dehydration, Free Radical Damage, Hyperpigmentation, Sun DamageIngredient: Antioxidants, Herbal Extracts, Vitamin C, Vitamin EPreferences: Fragrance-Free, Paraben-Free, Phthalate-Free, Sulfate-FreeSkin Care: Skin Care TreatmentsSkin Care Treatments: Face SerumsSkin Type: Combination Skin, Dry Skin, Normal Skin, Oily Skin, Sensitive Skin",https://static.thcdn.com/productimg/original/11837067-4905038190859444.jpg
Rejuvi 'q' Flavonoid Complex (1 oz.),Rejuvi,65.0,Rejuvi 'q' Flavonoid Complex (1 oz.),"Rejuvi q Flavonoid Complex helps minimize the appearance of broken capillaries, spider veins, excessive redness and scaring using an effective formula that includes a high-potency blend of vitamins C, P and K and grape seed extract. It also helps the skin look significantly healthier, as it helps defend against future skin damage.","Methylparaben, it is recommended to review the ingredient list printed on the packaging of the product prior to usage or consumption., Arnica extract, Bioflavonoid, Polysorbate 20, Sweet Almond oil, Essential oil. For the latest information, Grape seed extract, Vitamin K1","Application Area: FaceIdeal for these Concerns: Redness, Varicose Veins and Spider VeinsIngredient: Essential OilsPreferences: Certified Cruelty-FreeSkin Care: Skin Care TreatmentsSkin Type: Acne-Prone Skin, Combination Skin, Dry Skin, Mature Skin, Normal Skin, Oily Skin, Sensitive Skin",https://static.thcdn.com/productimg/original/12918861-3514871557942137.jpg
RMS Beauty Hydra Setting Powder 10g (Various Shades),RMS Beauty,42.0,RMS Beauty Hydra Setting Powder 10g (Various Shades),"A longwearing, talc-free, skincare-infused loose setting powder available in three sheer, soft-focus shades. Key Ingredients: HerbalHydrate: A complex of water-soluble, plant-derived actives including Cogon Grass Root, Club Moss, and Glycerin in 100% vegetable capsules that allow for moisturizing benefits in a powder, boosting hydration and helping to prevent skin dryness. Gel2Powder Technology: This advanced gel-to-powder technology creates a lightweight, bouncy texture that glides on smooth and provides long-lasting, multi-dimensional wear. Wildcrafted Buriti Oil: Native to Brazil, Buriti Oil is rich with vitamins that offer potent antioxidant protection. Organic Jojoba Oil: Rich in antioxidants, Jojoba Oil mimics the natural oils found in our skin to allow for easy absorption of nourishing skin benefits, while creating a protective barrier from environmental stressors and free radicals. Vegetable Squalane: A moisture-rich, plant-based emollient that hydrates skin and balances oil production while improving skin elasticity.","CI 77499), Iron Oxides (CI 77491, Cetearyl Ethylhexanoate, Rosmarinus Officinalis (Rosemary) Leaf Extract, Caprylyl Glycol, Squalane (vegetable), Tocopherol (non-GMO), Mica, 2-Hexanediol, 1, it is recommended to review the ingredient list printed on the packaging of the product prior to usage or consumption., Helianthus Annuus (Sunflower) Seed Oil, CI 77492, Water/Aqua/Eau, Glycerin, *Simmondsia Chinensis (Jojoba) Seed Oil, Ethylhexylglycerin, Silica, Cellulose, Lycopodium Clavatum Extract, Gellan Gum, Yellow 5 Lake (CI 19140). For the latest information, Potassium Sorbate, Imperata Cylindrica Root Extract, **Mauritia Flexuosa (Buriti) Fruit Oil",,"https://static.thcdn.com/productimg/original/15366248-1355145514777530.jpg, https://static.thcdn.com/productimg/original/15366248-6595145514797567.jpg, https://static.thcdn.com/productimg/original/15366248-6705145514831431.jpg, https://static.thcdn.com/productimg/original/15366248-1795145514881102.jpg, https://static.thcdn.com/productimg/original/15366248-1455145514912875.jpg, https://static.thcdn.com/productimg/original/15366248-6815145514952982.jpg, https://static.thcdn.com/productimg/original/15366248-3195145514993161.jpg, https://static.thcdn.com/productimg/original/15366248-4185145515028306.jpg, https://static.thcdn.com/productimg/original/15366248-1895145515065725.jpg, https://static.thcdn.com/productimg/original/15366248-1075145515111484.jpg, https://static.thcdn.com/productimg/original/15366248-1815145515152854.jpg, https://static.thcdn.com/productimg/original/15366248-1405145515190006.jpg"
Mason Pearson Tail Comb (1 piece),Mason Pearson,34.0,Mason Pearson Tail Comb (1 piece),"The Mason Pearson Tail Comb is an exquisitely crafted version of the salon favorite. The tail comb allows for multiple uses, from combing to working product through the hair and styling. This handmade comb features tapered teeth with rounded tips, preventing snags in the hair. The Tail Comb measures 8"" x 1"".",,"Application Area: Hair, ScalpHair Care: Styling ToolsStyling Tools: Hair Brushes and Combs",https://static.thcdn.com/productimg/original/11288630-2114871276851632.jpg
Perricone MD High Potency Hyaluronic Intensive Hydrating Mask,Perricone MD,69.0,Perricone MD High Potency Hyaluronic Intensive Hydrating Mask,"WHY WE LOVE IT A rich, nourishing cream mask designed with 4 forms and 2 natural building blocks of hyaluronic acid to instantly replenish and condition dehydrated skin with essential moisture for firmer, smoother-looking skin. WHAT IT DOES Deliver instant, long-lasting hydration Visibly tightens sagging skin over time Provides extra moisturization","Saccharide Isomerate, Hyaluronic Acid, Sorbityl Laurate, Niacinamide, Butyrospermum Parkii (Shea) Butter, Sodium Citrate, Caprylic/Capric Triglyceride, Tropolone, Hydroxyacetophenone, Mangifera Indica (Mango) Seed Butter, Caprylyl Glycol, Panax Ginseng Root Extract, Ethylhexylglycerin For the latest information, Stearyl Glycyrrhetinate, Camellia Sinensis Leaf Extract, Sorbitan Isostearate, 2-Hexanediol, 1, Dimethyl Isosorbide, it is recommended to review the ingredient list printed on the packaging of the product prior to usage or consumption., Sodium Phytate, Dimethicone, Isosorbide Dicaprylate, Sodium Acetylated Hyaluronate, Xanthan Gum, Hydrogenated Palm Glyceride, Water/Aqua/Eau, Cetearyl Alcohol, Glycerin, Sodium Hyaluronate Crosspolymer, Hydrogenated Palm Kernel Glycerides, Hydroxyethyl Acrylate/Sodium Acryloyldimethyl Taurate Copolymer, Citric Acid, Dimethyl MEA, Sodium Glucuronate, Sodium Hyaluronate, Pentylene Glycol, Magnesium Sulfate, Pentaerythrityl Tetra-Di-T-Butyl Hydroxyhydrocinnamate, Disodium Acetyl Glucosamine Phosphate, Glyceryl Stearate, Propanediol, Dipalmitoyl Hydroxyproline, Beheneth-10",,"https://static.thcdn.com/productimg/original/14020614-1135060465533758.jpg, https://static.thcdn.com/productimg/original/14020614-5105060465589483.jpg, https://static.thcdn.com/productimg/original/14020614-1065060465650617.jpg, https://static.thcdn.com/productimg/original/14020614-1335060465702049.jpg, https://static.thcdn.com/productimg/original/14020614-1905174810921049.jpg, https://static.thcdn.com/productimg/original/14020614-1535174825482359.jpg"
Estée Lauder Perfectionist Pro Rapid Brightening Treatment Ferment³+ Vitamin C 30ml,Estée Lauder,95.0,Estée Lauder Perfectionist Pro Rapid Brightening Treatment Ferment³+ Vitamin C 30ml,"Triple-active power. Inspired by professional treatments, this Vitamin C powered serum rapidly ignites skin's radiance and targets multiple types of dark spots to reveal a more even-toned look. 1 WEEK 96% said skin felt smoother.(1) 93% said their complexion looked healthy.(1) 87% said skin looked brighter with renewed clarity.(1) Visible improvement(2) in radiance, even tone, smoothness and texture. 2 WEEKS Dark spots look reduced-both in intensity and contrast(3) 84% of women said their skin looked more even-toned.(4) 1 BOTTLE With one 1.7oz./50ml bottle, see a significant reduction in the look of: Dark spots, sun spots, age spots Discoloration, uneven tone Post-acne marks Pores Inspired by professional treatments, it rapidly brings radiance and luminosity to dull, lackluster skin. Targets the appearance of multiple types of spots and uneven skintone. Anti-oxidants help protect against environmental damage and the formation of new skin discolorations. Reveals the look of more even-toned, dewy, glowing skin. Proven effective for all skintones. 3 POWER FERMENTS + VITAMIN C With its exclusive complex of radiance-boosting actives, this Ferment³ plus Vitamin C serum helps CALM skin so it can help resist irritation-induced dark spots. Helps BREAK the cycle of dullness. Helps BLOCK the appearance of future dark spots with powerful anti-oxidants. And helps BOOST an undeniable clarity. What is Ferment³? A powerful triple-ferment combining a high concentration of our exclusive Yeast Ferment with a spot-targeting Molasses Ferment plus a proprietary Algae Ferment with powerful soothing activity. All three ferments work to help reduce the appearance of dark spots and enhance clarity and calm for glowing skin. Estée Lauder scientists are experts in fermentation, a process that concentrates and amplifies an ingredient. Our ferment complex is 98% naturally derived.(5) What is Vitamin C? It's a renowned radiance-boosting, anti-aging and skin-boosting active. In this Rapid Brightening Ferment³ + Vitamin C serum, it targets dark spots in the deepest layer of skin's surface to help reduce the look of skin discolorations. And with its anti-oxidant properties, it helps prevent the appearance of new spots and skin discolorations. GOES ON LIGHTWEIGHT. FEELS FRESH. ULTRA HYDRATING. The fast-absorbing formula of the Rapid Brightening Treatment helps smooth skin's texture and enhance the natural radiance of your glowing skin. With anti-irritants and a potent dose of Hyaluronic Acid, this Ferment³ + Vitamin C serum infuses skin with plumping, soothing, 48H moisture. Anti-oxidants help protect against environmental damage and the formation of new skin discolorations. Oil-free. Gentle on all skintypes. Derm-inspired. Clinically tested. (1) Consumer testing on 280 women after using product for 1 week. (2) Clinical testing on 114 women after using product for 1 week. (3) Clinical testing on 114 women after using product for 2 weeks. (4) Consumer testing on 280 women after using product for 2 weeks. (5) Per ISO Standard 16128. From plant sources, non-petroleum mineral sources, and/or water.","Yeast Extract\Faex\Extrait De Levure, Phenoxyethanol For the latest information, Sorbitol, Hydroxyethyl Urea, Salicylic Acid, Disodium Edta, Sucrose, Artemia Extract, Carbomer, Oleth-5, Glucose, Butylene Glycol, Sodium Citrate, Oleth-3 Phosphate, Sodium Lactate, Algae Extract, Propylene Glycol Caprylate, Glycereth-26, Acrylates/C10-30 Alkyl Acrylate Crosspolymer, Lens Esculenta (Lentil) Fruit Extract, Triticum Vulgare (Wheat) Germ Extract, Squalane, Sodium Pca, Oryzanol, Ascorbyl Glucoside, Caprylyl Glycol, Bis-Peg-18 Methyl Ether Dimethyl Silane, Ceteth-24, Trametes Versicolor Extract, Water\Aqua\Eau, Sodium Hydroxide, Dipotassium Glycyrrhizate, Sodium Polyaspartate, Glyceryl Acrylate/Acrylic Acid Copolymer, Hordeum Distichon (Barley) Extract\Extrait D'Orge A Deux Rangs, Citrullus Lanatus (Watermelon) Fruit Extract, Dimethicone, Peg-75, Fragrance (Parfum), it is recommended to review the ingredient list printed on the packaging of the product prior to usage or consumption., Sodium Benzoate, Xanthan Gum, Acetyl Glucosamine, Avena Sativa (Oat) Kernel Extract, Isononyl Isononanoate, Myrtus Communis Leaf Extract, Glycerin, Bht, Ethylhexylglycerin, Citric Acid, Choleth-24, Pyrus Malus (Apple) Fruit Extract, Sodium Hyaluronate, Trehalose, Oleth-3, Caffeine, Potassium Sorbate, Resveratrol, Propanediol, Tocopheryl Acetate",,"https://static.thcdn.com/productimg/original/14979647-2015114397413160.jpg, https://static.thcdn.com/productimg/original/14979647-5775114397428139.jpg"
EVOLVh InstaVolume Mousse 1.7 fl. oz (Worth $11.00),EVOLVh,11.0,EVOLVh InstaVolume Mousse 1.7 fl. oz (Worth $11.00),"What It Is Ideal for normal to oily hair types desiring volume, style memory &amp; hold, enhanced curl definition, thickening, bounce and shine. This 100% clean and alcohol-free silky versatile foam mousse disperses easily throughout hair. Tapioca Root provides hold and absorbs excess oil. Flax builds body and adds hold and shine.","Citrus Grandis (Grapefruit) Peel Oil*, Tocopherol from Rosa Canina (Rose Hip)*, Pelargonium Graveolens (Geranium) Flower Oil*, Flax Linum Usitatissimum (Linseed) Seed Oil*, Lecithin*, Thymus Vulgaris (Thyme) Leaf Oil*, Gluconolactone*, Rubus Idaeus (Raspberry) Seed Oil*, Water, Oryza Sativa (Rice) Bran Extract*, Glycerine*, Vaccinium Macrocapron (Cranberry) Seed Oil*, Achillea Millefolium Extract+, Citrus Limon (Lemon) Peel Oil*, Elaeis Guineensis (Palm) Kernel Oil*, Benzyl Alcohol* *ECOCERT Certified Ingredient +Organic Ingredient All Ingredients are Non-GMO For the latest information, Cymbopogon (Lemongrass) Schoenanthus Extract*, Rosmarinus Officinalis (Rosemary) Leaf Extract*, Lavandula Angustifolia (Lavender) Oil*, Pogostemon Cablin (Patchouli) Oil*, Juniperus Virginiana (Cedarwood) Oil, Citrus Aurantium Dulcis (Orange) Peel Oil*, Vitis Vinifera (Red Grape) Seed Oil*, Commiphora Guidotti, it is recommended to review the ingredient list printed on the packaging of the product prior to usage or consumption., Dehydroacetic Acid*, Manihot Esculenta (Tapioca) Root Starch*, Citrus Aurantium Amara (Bitter Orange) Leaf Oil, Cinnamomum Cassia Leaf Oil*, Citric Acid, Rosa Canina Flower Extract+, Nigella Sativa (Black Cumin) Seed Oil*, Symphytum Officinale Leaf Extract+, Cucurbita Pepo (Pumpkin) Seed Oil*, Helianthus Annuus (Sunflower) Seed Oil*, Citrus Aurantium Bergamia (Bergamot) Fruit Oil*, Lavandula Hybrida Oil, Citrus Aurantium (Neroli) Oil",,"https://static.thcdn.com/productimg/original/14303621-1575034861673257.jpg, https://static.thcdn.com/productimg/original/14303621-1325034861903960.jpg"
Yon-Ka Paris Skincare Toner for Normal to Oily Skin 200ml,Yon-Ka Paris Skincare,55.0,Yon-Ka Paris Skincare Toner for Normal to Oily Skin 200ml,"Naturally refresh, soothe and purify normal and oily skin. Composed of 99% ingredients of natural origin, this versatile mist mattifies the complexion and helps control excess surface oils. This toner is formulated to hydrate skin, refine the look of pores, and balance skin's natural pH. Additionally, the treatment stimulates circulation, detoxifies, and balances sebum production. Lotion Yon-Ka is vegan, gluten-free, cruelty-free, and comes in recyclable packaging.","Chlorhexidine Digluconate, Lavandula Angustifolia (Lavender) Oil, Citral. Ingredients In Bold Are Of Natural Origin * Organic/Organic Ingredients For the latest information, it is recommended to review the ingredient list printed on the packaging of the product prior to usage or consumption., Cupressus Sempervirens Oil, Pelargonium Graveolens Leaf Oil, Sodium Benzoate, Aqua/Water/Eau, Limonene, Thymus Vulgaris (Thyme) Flower/Leaf Oil, Peg-35 Castor Oil, Citronellol, Geraniol, Linalool, Coumarin, Rosmarinus Officinalis (Rosemary) Leaf Oil",,https://static.thcdn.com/productimg/original/15395313-2245156102424399.jpg
Christophe Robin Purifying Mask with Thermal Mud 250ml,Christophe Robin,49.0,Christophe Robin Purifying Mask with Thermal Mud 250ml,"Ideal for stressed-out scalps and dry hair, the Christophe Robin Purifying Mask with Thermal Mud is a weekly pre-wash hair mask formulated to detoxify and refresh. The purifying treatment works to draw out the build-up of impurities, while enhancing hair’s moisture. Fortified with mineral-rich thermal mud, the formula helps to balance the scalp in order to minimise the look of oily, greasy roots. Spirulina, a nutrient-rich algae, supports the scalp's natural barrier function, helping to shield it from pollution. Designed to be used weekly before shampooing, the hair mask acts as the first step in promoting healthy-looking hair and a comfortably refreshed scalp.","Distearoylethyl Dimonium Chloride, Disodium Edta, Aqua/Water/Eau, Hexyl Cinnamal, Cetyl Alcohol, Eugenol, Prunus Amygdalus Dulcis (sweet Almond) Oil, Tocopherol, Lactobacillus Ferment, Cetyl Esters, Spirulina Platensis Extract, Citral, Linalool, Lithothamnion Calcareum Extract, Citric Acid., Dehydroacetic Acid, Benzyl Alcohol, Sodium Benzoate, Ricinus Communis (castor) Seed Oil, Fragrance (parfum), Chondrus Crispus (carrageenan) Extract, Cetearyl Alcohol, Kaolin, Glycerin, Silt, Sea Water Extract, Gardenia Florida Fruit Extract, Limonene, Potassium Sorbate, Benzyl Salicylate, Maltodextrin, Citronellol, Glyceryl Stearate, Helianthus Annuus (sunflower) Seed Oil",,"https://static.thcdn.com/productimg/original/12696146-1964924446606411.jpg, https://static.thcdn.com/productimg/original/12696146-4964918201050549.jpg, https://static.thcdn.com/productimg/original/12696146-1814918189465863.jpg, https://static.thcdn.com/productimg/original/12696146-1634926489901704.jpg"
Grow Gorgeous Scalp Care Scalp Detox Scrub 200ml,Grow Gorgeous,30.0,Grow Gorgeous Scalp Care Scalp Detox Scrub 200ml,"Deep clean your scalp and achieve the perfect canvas for gorgeous hair with the Grow Gorgeous Scalp Detox Scrub. Just as flawless make-up starts with primed skin, a scalp exfoliator lays the foundation for flourishing strands. Skincare shouldn’t stop at your hairline, so level up your routine with this essential first step in your haircare routine.&nbsp; The purifying pre-wash treatment instantly detoxifies and refreshes scalps with a tendency for grease and product build-up, going the extra mile to help get the very best out of your hair. The powerful scalp-clarifying formula balances excess sebum and gently buffs away follicle-clogging grime caused by urban pollution, plus other dulling impurities that can scupper hair’s potential.&nbsp; &nbsp;","Valine, Disodium Edta, Glycine, Aqua/Water/Eau, Aspartic Acid, Sodium Lactate, Threonine, Allantoin, Acrylates/C10-30 Alkyl Acrylate Crosspolymer, Sodium Pca, Citrus Paradisi (Grapefruit) Fruit Extract, Leuconostoc/Radish Root Ferment Filtrate, Menthol, Salix Alba (Willow) Bark Extract, Microcrystalline Cellulose, Sodium Hydroxide., Linalool, Alanine, Histidine, Fragrance (Parfum), Polyglyceryl-4 Caprate, Phenylalanine, Cinnamyl Alcohol, Arginine, Sodium Benzoate, Isoleucine, Glycerin, Proline, Alpha-Isomethyl Ionone, Avena Sativa (Oat) Kernel Oil, Citric Acid, Menthyl Lactate, Bambusa Arundinacea Stem Extract, Lactobacillus/Punica Granatum Fruit Ferment Extract, Limonene, Caffeine, Potassium Sorbate, Pca, Hydroxyethylcellulose, Serine, Hydroxyacetophenone",,"https://static.thcdn.com/productimg/original/12908501-1414951835278662.jpg, https://static.thcdn.com/productimg/original/12908501-1954951835321535.jpg, https://static.thcdn.com/productimg/original/12908501-3654951835372091.jpg, https://static.thcdn.com/productimg/original/12908501-1274951835413776.jpg"
Rejuvi 't' Bio Firming Gel (3.88 oz.),Rejuvi,52.0,Rejuvi 't' Bio Firming Gel (3.88 oz.),"Give mature skin a lift with this light, pleasant-feeling gel. It incorporates wheat and lupine proteins with DMAE for a powerful tightening and firming effect, giving you a revitalized, fresh-faced appearance. Perfect for daily use, it makes a great base for make-up. It can also help improve the look of sagging skin around the neck, jaw line and lip area.","Aloe vera gel, it is recommended to review the ingredient list printed on the packaging of the product prior to usage or consumption., potassium sorbate, lupine protein, triethanolamine, essential oil. For the latest information, DMAE, wheat protein",,https://static.thcdn.com/productimg/original/13882823-1805063915437032.jpg
DERMAFLASH Luxe+ Advanced Sonic Dermaplaning and Peach Fuzz Removal - Sea Foam,DERMAFLASH,199.0,DERMAFLASH Luxe+ Advanced Sonic Dermaplaning and Peach Fuzz Removal - Sea Foam,"Advanced sonic dermaplaning for professional results at home The most powerful sonic dermaplaning device you can buy, LUXE+ reveals radiant skin in a Flash. Award-Winning Sonic Technology offers superior exfoliation of dead skin cells and maximum removal of dull build-up + peach fuzz. You'll see smooth, glowing skin instantly-plus younger-looking skin over time. Skincare penetrates better, makeup glides on like silk. Professional dermaplaning results at home For all ages, skin types and tones-even sensitive CLINICALLY PROVEN hair will NOT grow back thicker or faster 2 speeds to customize your treatment Recommended by dermatologists + estheticians Key Ingredients: Salicylic Acid + Papaya Enzymes exfoliate and brighten Willow Bark helps soothe skin Niacinamide helps protect skin's barrier Witch Hazel removes excess oil from skin's surface Formulated Without oil, silicone, alcohol, phenoxyethanol, dyes and fragrance PREFLASH® packaging is made from 41% post-consumer recycled plastic.",,,"https://static.thcdn.com/productimg/original/13975003-1375127657595194.jpg, https://static.thcdn.com/productimg/original/13975003-6145129452523487.jpg, https://static.thcdn.com/productimg/original/13975003-1165129452597869.jpg"
Herbivore Botanicals Phoenix Facial Oil (1.7 oz.),Herbivore Botanicals,88.0,Herbivore Botanicals Phoenix Facial Oil (1.7 oz.),"Herbivore Botanicals' Phoenix Facial Oil dramatically rehydrates and rejuvenates your skin at the cellular level with this blend of luxury botanical oils and skin cell renewing CoQ10. This oil leaves skin soft and silky with a renewed appearance and texture, increases skin's natural glow and radiance and delivers antioxidants and photonutrients to fight against premature aging from the elements. Key Ingredients: Rosehip Oil: naturally rich in essential fatty acids Omega 3, 6, and 9 to regenerate skin cells and repair damaged tissue Sea Buckthorn Oil: delivers a natural form of vitamin A that penetrates deeply into the skin to restore and revitalize from within Chia Seed Co2: features an excellent natural source of alpha lipoic acid to visibly smooths fine lines and decreases inflammation Meadowfoam Oil: forms a natural protective barrier to keep moisture and vitamins in the skin Neroli Oil: helps soften wrinkles, reduce visible veins and capillaries, and stimulates new growth in skin cells Key Benefits: Renews and hydrates skin while fighting visible signs of aging Natural, vegan and cruelty-free formula Contains no fillers","Hippophae Rhamnoides L (Sea Buckthorn) Oil, it is recommended to review the ingredient list printed on the packaging of the product prior to usage or consumption., Tocopherol (Vitamin E), CoQ10, Rosa Damanscena (Moroccan Rose) Absolute, Limnanthes Alba (Meadowfoam) Seed Oil, Simmondsia Chinensis (Jojoba) Seed Oil, Rosa Canina (Rosehip) Seed Oil, Citrus Aurantium (Neroli) Essential Oil. For the latest information, Salvia Hispanica (Chia) Seed Oil","Aging Skin: Fine Lines and WrinklesApplication Area: Face, NeckIdeal for these Concerns: Dryness and DehydrationFragrance Note: FloralIngredient: Antioxidants, Coenzyme Q10, Essential Oils, Jojoba, Vitamin AMoisturizers: Face OilsPreferences: Certified Cruelty-Free, Gluten-Free, Natural, Paraben-Free, Phthalate-Free, Sulfate-Free, VeganSkin Care: MoisturizersSkin Type: Dry Skin, Mature Skin, Sensitive Skin","https://static.thcdn.com/productimg/original/12535727-1294896397667775.jpg, https://static.thcdn.com/productimg/1600/1600/12535727-8024773048163572.jpg, https://static.thcdn.com/productimg/original/12535727-2114869714601224.jpg, https://static.thcdn.com/productimg/1600/1600/12535727-1264773048226269.jpg"
Sachajuan Curl Shampoo 8.4 oz,Sachajuan,33.0,Sachajuan Curl Shampoo 8.4 oz,"Bring your hair to a more enviable state with Sachajuan's Curl Shampoo. Enriched with ocean silk technology and wheat protein, this shampoo for curly hair fortifies strands, increases shine and nourishes the curl cuticle for healthier, more voluminous locks. Key Ingredients: Ocean Silk Technology and Wheat Protein: nourish the curl cuticle to build strength and shine Key Benefits: Builds strength and shine Creates soft, bouncy curls","Methylpropional, Aqua (Water), Oleate Sodium, Alpha-Isomethyl, Disodium Edta, Ionone, Carboxylate Cocamidopropyl Betaine, Peg-7 Glyceryl Cocoate, Parfum, Citronellol. For the latest information, Hydrolyzed Wheat Protein, Hexyl Cinnamal, Peg-4 Rapeseedamide, Peg-150 Pentaerythrityl, Glycerides, Butylphenyl, Sodium Laureth-11, Linalool, Peg-6 Caprylic/Capric, Trisodium Sulfosuccinate, Coco-Glucoside Glyceryl, it is recommended to review the ingredient list printed on the packaging of the product prior to usage or consumption., Tetrastearate, Cocodimonium Chloride, Pg-Hydroxyethylcellulose, Sodium Chloride, Benzoate Polyquaternium-10, Citric Acid, Hydrolyzed Rhodophycea Extract, Limonene, Benzyl Salicylate, Sodium Laureth Sulfate, Phenoxyethanol","Application Area: HairIdeal for these Concerns: Free Radical DamageHair Care: ShampooHair Type: Curly HairIngredient: Antioxidants, Vitamin CPreferences: Paraben-FreeShampoo: Volume Shampoo",https://static.thcdn.com/productimg/original/11582931-1045065931848686.jpg
RevitaLash Precision Tweezers (1 piece),RevitaLash,25.0,RevitaLash Precision Tweezers (1 piece),"Easily shape and define your brows with RevitaLash Cosmetics Precision Tweezers. Crafted from professional-grade stainless steel, this grooming tool is rust-resistant and has an easy grip design. Key Benefits: Professional-grade stainless steel Easy grip design Rust resistant Suitable for sterilization Made in Italy","it is recommended to review the ingredient list printed on the packaging of the product prior to usage or consumption., Not Applicable. For the latest information","Application Area: Eyebrows, FaceMakeup: Cosmetic ToolsPreferences: Certified Cruelty-Free","https://static.thcdn.com/productimg/original/11689517-2955146779812427.jpg, https://static.thcdn.com/productimg/original/11689517-1215146779830406.jpg, https://static.thcdn.com/productimg/original/11689517-7634935507184767.jpg, https://static.thcdn.com/productimg/original/11689517-7835145246870870.jpg"
Exclusive TriPollar Prep Gel Duo,TriPollar,98.0,Exclusive TriPollar Prep Gel Duo,Tripollar Stop Gel Protects the epidermis layer during use. Stimulates production of collagen Ensures delivery of the required energy into the deep layers of the skin.,"Sodium Chloride (Sea Salt), it is recommended to review the ingredient list printed on the packaging of the product prior to usage or consumption., Hydroxycitronellal. For the latest information, Parfum (Fragrance), Calcium Gluconate, Limonene, Carbomer, Benzyl Salicylate, Gluconolactone, Glycerin, Butylphenyl Methylpropional, Citronellol, Hydroxyisohexyl 3-Cyclohexene Carboxaldehyde, Geraniol, SodiumBenzoate. Acrylic Acid, Cera Alba",,"https://static.thcdn.com/productimg/original/13441436-1464907542434678.jpg, https://static.thcdn.com/productimg/original/13441436-4554907542396017.jpg"
Glo Skin Beauty Hydrated Canvas Firming Duo (Worth $124),Glo Skin Beauty,75.0,Glo Skin Beauty Hydrated Canvas Firming Duo (Worth $124),"Save 40% with this hyaluronic acid-powered hydration hero duo, perfect for dry, dehydrated skin looking for a drink of water. Quench and rejuvenate your skin with our Hydrated Canvas Firming Duo, including full sizes of our HA-Revive Hyaluronic Mist and Hydrator. Designed for dry and fatigued skin, this power duo harnesses the benefits of hyaluronic acid and plant stem cells to deeply hydrate, improve elasticity, and enhance skin's natural glow. Experience a smoother, more supple complexion with long-lasting moisture and renewed radiance. Suitable for all skin types. Kit Includes: HA-Revive Hyaluronic Mist HA-Revive Hyaluronic Hydrator","Sesamum Indicum (Sesame) Seed Extract, HA-Revive Hyaluronic Mist: Aqua/Water/Eau, Hamamelis Virginiana (Witch Hazel) Water, Carbomer, Enteromorpha Compressa Extract, Cyperus Papyrus Leaf Cell Extract, Caprylic/Capric Triglyceride, Cetyl Alcohol, Methyl Glucose Sesquistearate, Squalane, Opuntia Ficus-Indica Leaf Cell Extract, Caprylyl Glycol, Tocopherol, Cocos Nucifera (Coconut) Liquid Endosperm, CI 77891 (Titanium Dioxide) For the latest information, Mica, Hydrolyzed Viola Tricolor Extract, Dimethyl Isosorbide, Citrus Aurantium Dulcis (Orange) Peel Oil, Triethanolamine, Linum Usitatissimum (Linseed) Seed Oil, it is recommended to review the ingredient list printed on the packaging of the product prior to usage or consumption., Methyl Gluceth-20, Sodium Gluconate, Dimethicone, Sodium Benzoate, Linalool HA-Revive Hyaluronic Hydrator: Aqua/Water/Eau, Glycerin, Bidens Pilosa Extract, Ethylhexylglycerin, Citric Acid, Menthyl Lactate, Lavandula Angustifolia (Lavender) Oil, Elaeis Guineensis (Palm) Oil, Sodium Hyaluronate, Cucumis Sativus (Cucumber) Fruit Extract, Limonene, Polysorbate 20, Potassium Sorbate, Gossypium Herbaceum (Cotton) Seed Oil, Alcohol, PEG-20 Methyl Glucose Sesquistearate, Cocos Nucifera (Coconut) Fruit Juice, Tocopheryl Acetate, Phenoxyethanol",,"https://static.thcdn.com/productimg/original/15466502-2025176053509373.jpg, https://static.thcdn.com/productimg/original/15466502-1455176053591534.jpg"
Philip Kingsley No Scent No Colour Gentle Conditioner (6.67 fl. oz.),Philip Kingsley,100.0,Philip Kingsley No Scent No Colour Gentle Conditioner (6.67 fl. oz.),"Philip Kingsley's No Scent No Colour Gentle Conditioner (formerly known as ""No Scent No Colour Conditioner"") is a gentle formula that is ideal for sensitive, easily irritated scalps. Free of color, parabens and scent, this lightweight product leaves hair feeling softer and smoother thanks to a mix of hydrolyzed elastin and amino silicone. Key Ingredients: Hydrolyzed Elastin: a humectant that adds strength, body and elasticity to hair Amino Silicone: smooths, detangles and controls frizz and flyaway Key Benefits: Ideal for sensitive, delicate and easily irritated scalps Nourishing conditioner for sensitive scalps Leaves hair shiny, manageable, sleek and tangle-free Improves hair's tensile strength and moisture retention, reducing breakage Fragrance-free, dye-free and paraben-free Tip: This conditioner is even gentle enough for those undergoing chemo/radiation therapy, inspired by when Philip's wife was battling breast cancer. Also suitable for Brazilian keratin-treated hair.","it is recommended to review the ingredient list printed on the packaging of the product prior to usage or consumption., Amodimethicone, Cyclopentasiloxane, Sodium Benzoate. For the latest information, Aqua/Water/Eau, Phenoxyethanol Cetrimonium Chloride, Trideceth-12, Cetearyl Alcohol, Cyclotetrasiloxane, Hydrolyzed Elastin, Ethylhexylglycerin","Application Area: HairIdeal for these Concerns: Frizzy Hair, Hypersensitive SkinConditioner: Smoothing ConditionerHair Care: ConditionerHair Type: Coarse Hair, Color-Treated Hair, Curly Hair, Dry or Damaged Hair, Fine Hair, Normal Hair, Oily HairIngredient: DimethiconePreferences: Fragrance-Free, Paraben-Free, Sulfate-Free","https://static.thcdn.com/productimg/original/10302720-8184967693262297.jpg, https://static.thcdn.com/productimg/original/10302720-1115136128484429.jpg, https://static.thcdn.com/productimg/original/10302720-1464967693302641.jpg, https://static.thcdn.com/productimg/original/10302720-2085136701969844.jpg, https://static.thcdn.com/productimg/original/10302720-1325136702002535.jpg, https://static.thcdn.com/productimg/original/10302720-1515136128509008.jpg, https://static.thcdn.com/productimg/original/10302720-1985136128542020.jpg"
miriam quevedo Extreme Caviar Shampoo For Color Treated Hair (250 ml.),Miriam Quevedo,45.0,miriam quevedo Extreme Caviar Shampoo For Color Treated Hair (250 ml.),"Gently cleanse your hair without stripping its color with miriam quevedo's Extreme Caviar Shampoo For Color Treated Hair. Free of sulfates and parabens, this formula supplies your scalp and strands with nutrient-rich ingredients, such as caviar, B vitamins and botanical extracts. Key Ingredients: Caviar: one of the most exclusive anti-aging cosmetic ingredients given its abundant composition of essential amino acids, structuring peptides, proteins, essential fatty acids and trace elements. Keratin Protection and Rebuilding System: repairs, replenishes and protects keratin, the key structural component found in hair by creating a weightless film that overlays the hair fiber. Marine Collagen Peptide: provides softening and conditioning effects while creating a protective film from root to tip and repairing damaged hair. Multi-Vitamin B Complex: a cocktail of five B vitamins (Thiamine – B1, Riboflavin -B2, Nicotinamide - B3, Panthenol- B5 and Pyridoxine - B6), defends against oxidative stress, protects and repairs hair’s natural keratin and promotes healthy hair growth. Complex of 12 Botanical Extracts: a potent combination of natural botanicals to treat various concerns including hair loss, oily hair, seborrhea and dandruff. Key Benefits: Minimizes color loss by successive washes Gentle, not harsh on hair or scalp Provides a polishing effect by preventing cuticle desquamation Restructures broken keratin links, protects against hair collagen degradation and repairs hair’s hydrolipid barrier Antioxidant, anti-free radical and protective properties","Hydrolyzed Collagen, Oryza Sativa (Rice) Seed Protein, Aqua (Water), Sodium Lauroyl Methyl Isethionate, Niacinamide, Linalool. For the latest information, Pinus Sylvestris Bud Extract, Pyridoxine Hcl, Faex (Yeast) Extract, Panthenol, Hedera Helix (Ivy) Leaf Extract, Butylene Glycol, Arctium Majus Root Extract, Hexyl Cinnamal, Lactic Acid, Eugenol, Caviar Extract, Rosmarinus Officinalis (Rosemary) Leaf Extract, Thiamine, Phytic Acid, Caprylyl Glycol, Glycol Distearate, Hydrolyzed Keratin, Sodium Hydroxide, Riboflavin, Arnica Montana Flower Extract, 2-Hexanediol, 1, Alcohol Denat., Glycolic Acid, it is recommended to review the ingredient list printed on the packaging of the product prior to usage or consumption., Chamomilla Recutita (Matricaria) Flower Extract, Cinnamyl Alcohol, Nasturtium Officinale Extract, Sodium Benzoate, Hcl, Calendula Officinalis Flower Extract, Calcium Gluconate, Peg-120 Methyl Glucose Trioleate, Glycerin, Cocamidopropyl Betaine, Sodium Chloride, Butylphenyl Methylpropional, Malic Acid, Tartaric Acid, Salvia Officinalis (Sage) Leaf Extract, Citric Acid, Polyquaternium-7, Parfum (Fragrance), Lamium Album Extract, Tropaeolum Majus Flower Extract, Limonene, Potassium Sorbate, Benzyl Salicylate, Gluconolactone, Citrus Limon (Lemon) Peel Extract, Citronellol, Propylene Glycol, Propanediol, Oryza Sativa (Rice) Extract, Hydroxyacetophenone, Polyquaternium-10, Phenoxyethanol","Application Area: HairIdeal for these Concerns: Damaged Hair, Dryness and Dehydration, Free Radical Damage, Sun DamageHair Care: ShampooHair Type: Coarse Hair, Color-Treated Hair, Curly Hair, Dry or Damaged Hair, Fine Hair, Normal Hair, Oily HairIngredient: Algae Extract, Glycolic Acid, Herbal Extracts, Lactic Acid, Malic Acid, Niacinamide, PanthenolPreferences: Paraben-Free, Sulfate-FreeShampoo: Color ShampooSkin Type: Acne-Prone Skin, Combination Skin, Dry Skin, Mature Skin, Normal Skin, Oily Skin, Sensitive Skin",https://static.thcdn.com/productimg/original/12902295-1164904191941933.jpg
MDSolarSciences Tinted Solar Stick SPF 40 (0.6 oz.),MDSolarSciences,24.0,MDSolarSciences Tinted Solar Stick SPF 40 (0.6 oz.),"This portable tinted mineral sunscreen stick quickly applies sheer SPF 40 coverage and blends in with all skin tones. Shop this water-resistant SPF stick today! Small in size, big on benefits. This grab-and-go tinted mineral sunscreen stick with SPF 40 is lightweight, silky-smooth, and blends into every skin tone effortlessly (with no white cast), to deliver a beautiful hint of tint to cheeks, nose, forehead, ears or shoulders -pretty/perfect protection for anywhere the sun would kiss. Enriched with vitamins C &amp; E to help protect and nourish, shea butter to add extra softness, and our proprietary ProVention-R® technology to protect, prevent and restore-you'll never want to leave home without it. Perfectly portable, it fits easily into any travel bag, pocket or purse. What is ProVention-R® technology? At the heart of all our formulas is our proprietary ProVention-R® technology- a combination of powerhouse ingredients that work to protect, against harmful UV rays and environmental aggressors, prevent future damage and restore skin health. Why we love it: Oil-free mineral feel-great formula Universally flattering sheer hint of tint Perfectly portable convenient packaging Safe for the whole family (including kids 6 months+) SPF 40 protection Vitamins C &amp; E help protect and nourish Shea butter add extra softness Water resistant up to 80 minutes No white cast Lightweight formula glides on silky-smooth Fortified with ProVention-R® technology Safe for sensitive skin, including rosacea, acne-prone, melasma and eczema-prone","C12-15 Alkyl Benzoate, Active: Titanium Dioxide 8.25% Zinc Dioxide 6%. Inactive: Polyethylene, Octyldodecanol, Polyhydroxystearic Acid, Butyrospermum Parkii (Shea) Butter, Caprylic/Capric Triglyceride, Benzylidene Dimethoxydimethylindanone, Stearic Acid, Tetrahexyldecyl Ascorbate, Tocopherol, it is recommended to review the ingredient list printed on the packaging of the product prior to usage or consumption., Sorbitan Oleate, Dimethicone, Acrylates/Ethylhexyl Acrylate/Dimethicone Methacrylate Copolymer, Citric Acid. May contain: Iron Oxides (C.I. 77491, Iron Oxides (C.I. 77499). For the latest information, Petrolatum, Aluminum Hydroxide, Glyceryl Isostearate, Butyloctyl Salicylate, Sorbitan Sesquioleate, Iron Oxides (C.I. 77494, Methyl Dihydroabietate, Behenyl Olivate","Aging Skin: Fine Lines and WrinklesApplication Area: Cheeks, Face, Lips, Neck, ScalpIdeal for these Concerns: SunburnFinish: MatteIngredient: Dimethicone, Titanium Dioxide, Zinc OxidePreferences: Oil-FreeSkin Type: Dry Skin, Mature Skin, Normal Skin, Oily Skin, Sensitive SkinSPF: SPF 30+","https://static.thcdn.com/productimg/original/12902776-5215138274094515.jpg, https://static.thcdn.com/productimg/original/12902776-8665149397406237.jpg, https://static.thcdn.com/productimg/original/12902776-3545138274112716.jpg, https://static.thcdn.com/productimg/original/12902776-1905138274070503.jpg, https://static.thcdn.com/productimg/original/12902776-3425140040320566.jpg"
Colorescience Sunforgettable Total Protection Brush On Shield Glow SPF50 0.96ml,Colorescience,69.0,Colorescience Sunforgettable Total Protection Brush On Shield Glow SPF50 0.96ml,"SPF and Environmental protection with a healthy, lit-from-within glow in one convenient, on-the go application— alone or over makeup. 100% mineral protection (free of chemical active ingredients) that is suitable for all skin types as well as vulnerable post-procedure skin","Zinc Oxide 22.5% Inactive Ingredients: Mica, Chromium Oxide Greens (Ci 77288), Methicone, Dimethicone/Vinyl Dimethicone Crosspolymer, Water, Dimethiconol/Propylsilsesquioxane/Silicate Crosspolymer, Helianthus Annuus (Sunflower) Sprout Extract, Camellia Sinensis Leaf Extract, Iron Oxides (Ci77491, Laureth-4, Triethoxycaprylylsilane, it is recommended to review the ingredient list printed on the packaging of the product prior to usage or consumption., Caesalpinia Spinosa Fruit Pod Extract, Sodium Benzoate, Quercus Robur (Oak) Wood Extract, Glycerin, Ci 77499). For the latest information, Ci 77492, Active Ingredients: Titanium Dioxide 22.5%, Lycopodium Clavatum Extract, Sodium Hyaluronate, Potassium Sorbate, Vitis Vinifera (Grape) Seed Extract, Maltodextrin, Imperata Cylindrica Root Extract",,https://static.thcdn.com/productimg/original/13697748-1184944338209779.jpg
"ghd Platinum+ Styler - 1"" Flat Iron (Black)",ghd,289.0,"ghd Platinum+ Styler - 1"" Flat Iron (Black)","A smart styler with predictive technology for stronger hair &amp; 2x more color protection.* This flat iron is a 3x winner of Allure Best of Beauty award! Ultra-zone predictive technology monitors heat 250x per second across the plates and recognizes the thickness of your hair and speed at which you are styling to adjust the power accordingly. It ensures the optimum styling temperature of 365°F to deliver ultimate results, personalized to you. Key Benefits: Pre-set to the optimum styling temperature of 365°F for no extreme-heat styling damage. 70% stronger hair* 75% more shine** 2x more color protection* Proven to deliver sleeker, smoother &amp; healthier looking hair.* Precision milled plates with ultra gloss coating for instant frizz-free styling Unique wishbone hinge and rounded barrel enables versatile, snag-free styling to create flat iron waves, curls and sleek styles 3 Year Warranty Comes with a heat resistant, protective plate guard Universal voltage Single-pass styling Heats up in 20 seconds Automatic sleep mode after 30 minutes of non-use Professional length 9 ft. cord DISCLAIMER: *reduced breakage and 2x less color fade vs a styler working at 440º F. **proven to increase shine vs. naturally dried hair.",,"Application Area: HairHair Care: Styling ToolsHair Type: Coarse Hair, Color-Treated Hair, Curly Hair, Dry or Damaged Hair, Fine Hair, Normal Hair, Oily HairStyling Tools: Flat Iron","https://static.thcdn.com/productimg/1600/1600/12744946-1584823054189607.jpg, https://static.thcdn.com/productimg/original/12744946-1794899274087824.jpg, https://static.thcdn.com/productimg/1600/1600/12744946-1654823054260386.jpg, https://static.thcdn.com/productimg/1600/1600/12744946-2094823054298669.jpg, https://static.thcdn.com/productimg/1600/1600/12744946-1274823054337738.jpg, https://static.thcdn.com/productimg/1600/1600/12744946-1064823054377476.jpg, https://static.thcdn.com/productimg/1600/1600/12744946-1244823054427573.jpg"
DHC Lx-ME Brightening Lotion 180ml,DHC,19.0,DHC Lx-ME Brightening Lotion 180ml,"Lightweight liquid lotion designed to replenish moisture, help maintain the skin's natural moisture barrier and visibly brighten your complexion. Includes plant-derived ingredients for long-lasting moisture plus brightening superstars Tranexamic acid and Niacinamide (vitamin B) to reduce the appearance of dark spots and support a radiant-looking skin tone. Ideal for all skin types.","Phenoxyethanol For the latest information, Niacinamide, Butylene Glycol, Sodium Phosphate, Tranexamic Acid, Hydroxypropyl Methylcellulose, Sodium Metaphosphate, Dipropylene Glycol, Fragrance/Parfum, 4-Dicarboxylate, Sodium Metabisulfite, it is recommended to review the ingredient list printed on the packaging of the product prior to usage or consumption., Methyl Gluceth-20, Xanthan Gum, Water/Aqua/Eau, Disodium Phosphate, Triethylhexanoin, Glycerin, Betaine, Bis-Ethoxydiglycol Cyclohexane 1, Ethylhexylglycerin, Peg-50 Hydrogenated Castor Oil Isostearate, Sodium Hyaluronate, Alpha-Glucan Oligosaccharide, Pentylene Glycol, Glycyrrhiza Glabra (Licorice) Root Extract, Pca",,"https://static.thcdn.com/productimg/original/15327207-1365141371217874.jpg, https://static.thcdn.com/productimg/original/15327207-4085141371251267.jpg, https://static.thcdn.com/productimg/original/15327207-3475141371287735.jpg, https://static.thcdn.com/productimg/original/15327207-4395143413103515.jpg, https://static.thcdn.com/productimg/original/15327207-9805143413129315.jpg"
Oribe Valley of Flowers Nourishing Hand Crème 100ml,Oribe,52.0,Oribe Valley of Flowers Nourishing Hand Crème 100ml,"Our fantastically rich crème revitalizes hands and lightly scents with our Valley of Flowers fragrance. A luxurious blend of oils and shea butter hydrates and repairs dry, cracked skin, making it perfect for everyday use or as an overnight treatment.","Aqua/Water/Eau, Butyrospermum Parkii (Shea) Butter, Panthenol, Polymethylsilsesquioxane, Behenyl Alcohol, Borago Officinalis Seed Oil, Prunus Amygdalus Dulcis (Sweet Almond) Oil, Cetyl Alcohol, Caprylic/Capric Triglyceride, Hexyl Cinnamal, Parfum/Fragrance, Oryza Sativa (Rice) Bran Extract, Rosmarinus Officinalis (Rosemary) Leaf Extract, Hydrogenated Vegetable Oil, C15-19 Alkane, Caprylyl Glycol, Stearyl Alcohol, Limnanthes Alba (Meadowfoam) Seed Oil, Tocopherol, Sorbitan Isostearate, Helianthus Annuus (Sunflower) Extract, Cetearyl Olivate, Tribehenin, Linalool, Myristyl Myristate, Steareth-2, Aloe Barbadensis Leaf Juice, it is recommended to review the ingredient list printed on the packaging of the product prior to usage or consumption., Tapioca Starch, Sodium Phytate, Xanthan Gum, Sorbitan Olivate, Cetearyl Alcohol, Glycerin, Pentaerythrityl Tetra-di-t-butyl Hydroxyhydrocinnamate, Alpha-Isomethyl Ionone, Neopentyl Glycol Diheptanoate, Hydroxyethyl Acrylate/Sodium Acryloyldimethyl Taurate Copolymer, Citric Acid, Citral. For the latest information, Hydroxycitronellal, Aminomethyl Propanol, Sodium Hyaluronate, Limonene, Ammonium Acryloyldimethyltaurate/VP Copolymer, Citronellol, Glyceryl Stearate, Propanediol, Tocopheryl Acetate, Phenoxyethanol",,"https://static.thcdn.com/productimg/original/15430080-3795165962035942.jpg, https://static.thcdn.com/productimg/original/15430080-2015165962049862.jpg, https://static.thcdn.com/productimg/original/15430080-1085168553001665.jpg, https://static.thcdn.com/productimg/original/15430080-2885168553028845.jpg, https://static.thcdn.com/productimg/original/15430080-1025165962066506.jpg, https://static.thcdn.com/productimg/original/15430080-4675165962084794.jpg, https://static.thcdn.com/productimg/original/15430080-5335165962105389.jpg, https://static.thcdn.com/productimg/original/15430080-1195168553051069.jpg, https://static.thcdn.com/productimg/original/15430080-1025165962130673.jpg, https://static.thcdn.com/productimg/original/15430080-1465165962149558.jpg, https://static.thcdn.com/productimg/original/15430080-1825165962171377.jpg, https://static.thcdn.com/productimg/original/15430080-7825165962196139.jpg"
Dermalogica Stress Positive Eye Lift (0.85 oz.),Dermalogica,76.0,Dermalogica Stress Positive Eye Lift (0.85 oz.),"Give your eyes extra moisture for a revitalized look with the Stress Positive Eye Lift from Dermalogica. Ideal for reducing dark circles and puffiness, this eye treatment features wild indigo seeds and hyaluronic acid to improve the condition of your skin. Key Ingredients: Wild Indigo Seed: contains actives that illumninate the eye area and help reduce the appearance of dark circles Jojoba: provides protection to your skin from environmental stressors and water loss Fermented Yeast and a Unique Hyaluronic Acid Blend: firm skin to help generate a lifting effect Sea Water Extract and Arctic Algae: counter the look of puffiness and heavy under-eye bags Bioactive Diglucosyl Gallic Acid: works with your skin’s natural microbiome (microorganisms) to brighten and energize the eye area.","Sorbitol, Phenoxyethanol. For the latest information, Niacinamide, Methyl Lactate, Sucrose, Diglucosyl Gallic Acid, Butylene Glycol, Maris Aqua, Cananga Odorata Flower Oil, Caprylic/Capric Triglyceride, Vetiveria Zizanoides Root Oil, Salvia Sclarea (Clary) Oil, Acrylates/C10-30 Alkyl Acrylate Crosspolymer, Hydrolyzed Algin, Aniba Rosaeodora (Rosewood) Wood Oil, Tocopherol, Sodium Hydroxide, Simmondsia Chinensis (Jojoba) Seed Oil, Geraniol, Linalool, PEG-40 Hydrogenated Castor Oil, it is recommended to review the ingredient list printed on the packaging of the product prior to usage or consumption., Dimethicone, Rosa Damascena Flower Oil, Saccharomyces Ferment Lysate Filtrate, Xanthan Gum, Water/Aqua/Eau, PEG-100 Stearate, Tetrasodium Glutamate Diacetate, Glycerin, Ethylhexylglycerin, Lavandula Angustifolia (Lavender) Oil, Aminomethyl Propanol, Sodium Hyaluronate, Pentylene Glycol, Glyceryl Stearate SE, Citrus Reticulata (Tangerine) Leaf Oil, Ammonium Acryloyldimethyltaurate/VP Copolymer, Propanediol, Tephrosia Purpurea Seed Extract, Hydrolyzed Sodium Hyaluronate","Application Area: EyesIdeal for these Concerns: Dark Circles, PuffinessEye Care: Eye Treatments and SerumsIngredient: Algae Extract, Castor Oil, Essential Oils, Hyaluronic Acid, Jojoba, NiacinamidePreferences: Certified Cruelty-Free, Clean, Dermatologist Approved, Gluten-Free, Paraben-Free, Phthalate-Free, Sulfate-Free, VeganSkin Care: Eye CareWellness | Internal Factors: Stress Solutions and Treatments","https://static.thcdn.com/productimg/original/11434924-4295131028772987.jpg, https://static.thcdn.com/productimg/original/11434924-6575131221340116.jpg, https://static.thcdn.com/productimg/original/11434924-2065131028790474.jpg, https://static.thcdn.com/productimg/original/11434924-1555106159848310.jpg"
Indie Lee Retinol Alternative Cream Refill 45ml,Indie Lee,62.0,Indie Lee Retinol Alternative Cream Refill 45ml,"Say hello to Retinol-like benefits without the drawbacks. This high-performance cream is formulated with Natural Retinol Alternative Rambutan for improved appearance of elasticity, firmness, fine lines and wrinkles. Paracress extract reduces the visible signs of aging while Squalane and Orange Milk Tree extract plump skin and boost moisture retention.","Butyrospermum Parkii (Shea) Butter, Nephelium Lappaceum (Rambutan) Leaf Extract, Harungana Madagascariensis (Orange Milk Tree) Extract, Cetyl Alcohol, Acmella Oleracea (Paracress) Flower/Leaf/Stem Extract, Caprylic/Capric Triglyceride, Mangifera Indica (Mango) Seed Butter, C15-19 Alkane, Euphorbia Cerifera (Candelilla) Wax, Tocopherol, Cetearyl Olivate, Aloe Barbadensis Leaf Juice Powder, Squalane (Olive), Sodium Levulinate, Sodium Anisate, it is recommended to review the ingredient list printed on the packaging of the product prior to usage or consumption., Carthamus Tinctorius (Safflower) Seed Oil, Anhydroxylitol, Sodium Benzoate, Xylitol, Xanthan Gum, Sorbitan Olivate, Cetearyl Alcohol, Glycerin, Citric Acid For the latest information, Water (Aqua), Hydrolyzed Hyaluronic Acid, Simmondsia Chinensis (Jojoba) Seed Oil*, Potassium Sorbate, Gluconolactone, Maltodextrin, Xylitylglucoside, Propanediol, Cetearyl Glucoside",,"https://static.thcdn.com/productimg/original/13754693-2074991580446586.jpg, https://static.thcdn.com/productimg/original/13754693-8754991580502380.jpg, https://static.thcdn.com/productimg/original/13754693-1364991582963658.jpg, https://static.thcdn.com/productimg/original/13754693-1884991580595218.jpg"
VIRTUE Refresh Dry Shampoo (1.8 oz.),VIRTUE,18.0,VIRTUE Refresh Dry Shampoo (1.8 oz.),"VIRTUE® Refresh Dry Shampoo is a weightless spray that absorbs buildup and revives style with each use. This invisible, clean aerosol spray dispenses as a dry mist that works to soak up excess oils while adding health-boosting Alpha Keratin 60ku®, leaving hair and scalp refreshed and clean to the touch. This invisible, super-light formula truly cleanses the hair while it enhances scalp health. Created without any heavy styling ingredients that can add more build-up, it’s a reinvigorating pick-me-up for hair in need of a refresh. Key Ingredients: Alpha Keratin 60ku® : binds directly to areas of damage and fills them in, repairing and revealing hair that’s shinier, stronger and healthier Tapioca Starch : a natural, non-GMO starch with exceptional oil absorption properties; brushes cleanly from hair Kaolin : a highly refined, pure clay that helps remove impurities from hair Baobab Seed Oil : from the African Tree of Life (known for its ability to store water), this rich, silky oil is an intense emollient for dry, damaged hair Cynara Scolymus (Artichoke) Leaf Extract : a natural extract known to preserve cuticle cohesion and help protect hair from environmental aggressors Key Benefits: Cleanses hair and refreshes the scalp Revives style without buildup Removes impurities and soaks up excess oils Free of sulfates, parabens, phthalates, synthetic colors, and dyes; gluten and cruelty-free Clinical Studies*: 94% of women said their hair instantly smelled cleaner 92% of women felt their hair smelled fresher and looked less oily all day long 92% of women said that they were able to refresh and maintain their look throughout the day and that product allowed for easy, buildable styling 90% of women said product goes on invisibly *Consumer perception study of 53 women. Participants responded to questions after the first use, 8 hours and 4-6 uses over a 1 week period.","Alcohol Denat., Eau), Silica, Phenoxyethanol, Alpha Keratin, Citral. For the latest information, it is recommended to review the ingredient list printed on the packaging of the product prior to usage or consumption., Parfum (Fragrance), Active: Alpha Keratin 60ku®. Inactive: Hydrofluorocarbon 152A, Aqua (Water, Isopropyl Myristate, Limonene, Polymethylsilsesquioxane, Kaolin, Linalool, Hexyl Cinnamal, Starch, Ethylhexylglycerin","Application Area: HairIdeal for these Concerns: OilinessFragrance Note: CitrusHair Care: ShampooHair Type: Coarse Hair, Curly Hair, Dry or Damaged Hair, Fine Hair, Normal Hair, Oily HairIngredient: Antioxidants, KeratinPreferences: Certified Cruelty-Free, Gluten-Free, Paraben-Free, Phthalate-Free, Sulfate-FreeShampoo: Dry Shampoo",https://static.thcdn.com/productimg/original/12526874-2474866384166251.jpg
EltaMD UV Sport + UV Clear Untinted Duo,EltaMD,86.0,EltaMD UV Sport + UV Clear Untinted Duo,"EltaMD UV Clear Broad-Spectrum SPF 46 provides protection to your complexion to shield your skin from harmful UVA and UVB rays. Fragrance-free, this face sunscreen's smooth formula includes sodium hyaluronate to moisturize while lactic acid refines the skin to clear pores and reduce shine. EltaMD UV Sport Broad-Spectrum SPF 50 (formerly UV Sport SPF 50) provides long-lasting protection during sun exposure and physical activities that cause perspiration. Zinc oxide keeps UVA and UVB sun rays from causing damage and accelerate early signs of aging. The lightweight formula dries to clear finish and is water-resistant up to 80 minutes. Ideal for use on entire body and for all skin types. Bundle Includes: EltaMD UV Clear Broad-Spectrum SPF46 EltaMD UV Sport Broad-Spectrum SPF50 (8 oz)","Polyglyceryl-4 Isostearate, Bees Wax, UV Clear: Purified Water, Niacinamide, Butylene Glycol, Oleth-3 Phosphate, Lactic Acid, Cetyl PEG/PPG-10/1 Dimethicone, PEG-7 Trimethylolpropane Coconut Ether, Disodium EDTA, Triethoxycaprylylsilane. UV Sport: Purified Water, Isopropyl Palmitate, Hydrogenated Castor Oil, Polyisobutene, Hexyl Laurate, Cetyl Dimethicone, Sodium Chloride, Triethoxycaprylylsilane., Hydroxyethyl Acrylate/Sodium Acryloyldimethyl Taurate Copolymer, Phenoxyethanol, Sodium Hyaluronate, Octyldodecyl Neopentanoate, Cyclomethicone, Tocopheryl Acetate, Iodopropynyl Butylcarbamate",,"https://static.thcdn.com/productimg/original/15510189-1395170864575999.jpg, https://static.thcdn.com/productimg/original/15510189-2045170864651089.jpg, https://static.thcdn.com/productimg/original/15510189-4745170864714797.jpg"
NUDESTIX Tinted Blur Sculpting Stick 6.2g (Various Shades),NUDESTIX,32.0,NUDESTIX Tinted Blur Sculpting Stick 6.2g (Various Shades),"Promote a defined complexion with NUDESTIX’s Tinted Blur Sculpt Stick, a cream-to-powder formula that adds natural-looking dimension. The matte contour stick utilises lightweight brightening pigments that blend seamlessly with your natural skin tone, promoting a lifted, sculpted effect. Boasting a buttery texture, the formula glides smoothly across the skin, enhancing the shape of the face with a soft-focus finish. The stick is housed in the signature NUDESTIX black tin, equipped with a mirror ideal&nbsp;for on-the-go use. Vegan.","Neutral Light: Coco-Caprylate/Caprate, Isoamyl Laurate, Aluminum Hydroxide [+/- Titanium Dioxide (Ci 77891), Caprylic/Capric Triglyceride, Iron Oxides (Ci 77491, Ethylhexyl Palmitate, Synthetic Wax, Tocopherol, Camellia Sinensis Leaf Extract, Sorbitan Isostearate, Polyethylene, Mica, Glyceryl Caprylate, Stearalkonium Hectorite, Polymethyl Methacrylate, Isononyl Isononanoate, Triethylhexanoin, Isopropyl Titanium Triisostearate, Ci 77492, Silica, Ci 77499)]., Ci 77499)]. Neutral-Medium: Coco-Caprylate/Caprate, Ci 77499)]. Neutral Deep: Coco-Caprylate/Caprate, Phenoxyethanol",,https://static.thcdn.com/productimg/original/13910107-2054989197090472.jpg
Philip B Peppermint Avocado Conditioner 178ml,Philip B,42.0,Philip B Peppermint Avocado Conditioner 178ml,"The ultimate uplifting conditioner. Generous doses of peppermint oil and menthol, mixed with plant extracts, promote fuller-looking hair while leaving your scalp feeling cool and tingly-clean. Contains Safflower Oleosomes for time-released botanical conditioning and a rich amino acid complex that moisturizes your scalp and dry strands.","Behentrimonium Methosulfate, Valine, Sodium PCA, Glycine, Aspartic Acid, Panthenol, Butylene Glycol, Sodium Lactate, Phenylalanine. For the latest information, Cetyl Alcohol, Persea Gratissima (Avocado) Fruit Extract, Threonine, Olea Europaea (Olive) Fruit Oil, Amodimethicone, Dicetyldimonium Chloride, Menthol, Stearyl Alcohol, PCA, Alanine, Alcohol Denat., Glycolic Acid, Histidine, Fragrance (Parfum), Crambe Abyssinica Seed Oil, Dimethicone, Chamomilla Recutita (Matricaria) Flower Extract, it is recommended to review the ingredient list printed on the packaging of the product prior to usage or consumption., Arginine, Sodium Benzoate, Isoleucine, Glycerin, Dimethyl Stearamine, Proline, Ethylhexylglycerin, Water (Aqua), Stearalkonium Chloride, Carthamus Tinctorius (Safflower) Oleosomes, Limonene, Hydroxyethylcellulose, Serine, Phenoxyethanol",,"https://static.thcdn.com/productimg/original/15244557-6525129197395582.jpg, https://static.thcdn.com/productimg/original/15244557-5555165225007639.jpg, https://static.thcdn.com/productimg/original/15244557-1405165224978707.jpg, https://static.thcdn.com/productimg/original/15244557-1755165225040120.jpg, https://static.thcdn.com/productimg/original/15244557-3745165224956612.jpg, https://static.thcdn.com/productimg/original/15244557-8135165224930629.jpg"
this works Deep Sleep Bath Soak (7 oz.),this works,37.0,this works Deep Sleep Bath Soak (7 oz.),This Works Deep Sleep Bath Soak features an award-winning fragrance that relaxes and calms your body and senses to help you achieve a good night's sleep so you wake up feeling refreshed. The natural bath soak provides the ideal tranquil setting at the end of a stressful day. Key Benefits: Sleep-inducing essential oils help you to relax and fall asleep faster Lavender and wild chamomile essential oils help you to achieve a good night's sleep Therapeutic bath salts hydrate skin Suitable to use during pregnancy,"Cinnamomum Camphora (Ho Wood) Oil, it is recommended to review the ingredient list printed on the packaging of the product prior to usage or consumption., Lavandula Angustifolia (Lavender) Oil, Parfum (Fragrance), Vetivera Zizanoides (Vetivert) Oil, Ormenis Multicaulis (Wild Chamomile) Flower Extract, Limonene. For the latest information, Geraniol, Linalool, Maris Sal (Sea Salt), Pogostemon Cablin (Patchouli) Oil","Bath and Body: Bath and ShowerBath and Shower: Bath TreatmentIngredient: Essential OilsPreferences: Certified Cruelty-Free, NaturalWellness | Internal Factors: Sleep Deprivation Defenders and Treatments","https://static.thcdn.com/productimg/original/10524481-1995020380736656.jpg, https://static.thcdn.com/productimg/original/10524481-3135020380793260.jpg"
LightStim for Wrinkles - White (5 Piece - $349 Value),LightStim,249.0,LightStim for Wrinkles - White (5 Piece - $349 Value),"Give yourself the beautiful skin you deserve. Reduce and eliminate fine lines and wrinkles. Maintain your skin's youthful appearance. Nourish your skin from within. What Is LightStim? LightStim delivers light energy in a similar way plants absorb light energy from the sun. Each LightStim device uses different wavelengths, or colors of light. LightStim for Wrinkles provides rejuvenating wavelengths of light energy to treat fine lines and wrinkles. Over time by using your Light you can help to recapture a plump, youthful appearance. Results 100% of participants were shown to have improvement in the first 2-4 weeks of use. Professional Strength LightStim LED light therapy devices have been used and recommended by medical spas, estheticians, dermatologists, plastic surgeons, and their clients for 20 years. Now you can experience the same professional strength treatment at home. FDA Cleared LightStim for Wrinkles is FDA Cleared to treat wrinkles on the entire face. You can treat your forehead, crow's feet, cheeks, nasolabial folds, jawline and even your lips. Clinically Proven Results In FDA clinical studies, 100% of participants were shown to have significant improvement in their fine lines and wrinkles in just 8 weeks. Designed to Last a Lifetime Manufactured in the USA at the LightStim Medical Device-Certified Headquarters. Maintenance free. No cartridges, LEDs, or battery replacement costs. Five-year warranty. LightStim for Wrinkles comes with a 90-Day 100% Satisfaction Guarantee. LightStim MultiWave® Patented Technology LightStim has advanced NASA's LED technology to a new level, developing LightStim MultiWave® Patented Technology to simultaneously emit multiple wavelengths (colors) of light. These wavelengths of light work together to give your skin amore radiant and youthful appearance. LEDs are Therapeutic LED stands for Light Emitting Diode, which is a tiny computer chip encased in glass. Each LED wavelength (color) of light provides unique therapeutic benefits. LED is non-invasive, painless and requires no recovery time. This Light is good for all skin types and is engineered to emit a soothing, gentle warmth. LightStim for Wrinkles utilizes wavelengths of Amber, Light Red, Dark Red and Infrared with a total of 72 LEDs. What's Included: PhotoSerum, Sheet Masque and Beauty Case Included Nourish your skin with our proprietary blend of custom LightStim Skincare. Use the LightStim Beauty Case for daily storage and travel to keep your Light shining bright.",,Aging Skin: Fine Lines and WrinklesApplication Area: FaceIdeal for these Concerns: Large PoresProfessional Tools and Devices: Anti-Aging Tools and DevicesSkin Care: Professional Tools and DevicesSkin Type: Mature Skin,"https://static.thcdn.com/productimg/original/12901581-8925140338060168.jpg, https://static.thcdn.com/productimg/original/12901581-3415140338090198.jpg, https://static.thcdn.com/productimg/original/12901581-1225140338122544.jpg, https://static.thcdn.com/productimg/original/12901581-1915140338155025.jpg, https://static.thcdn.com/productimg/original/12901581-5695140338186627.jpg, https://static.thcdn.com/productimg/original/12901581-8355140338215445.jpg, https://static.thcdn.com/productimg/original/12901581-6465140338253902.jpg, https://static.thcdn.com/productimg/original/12901581-6355140338299997.jpg, https://static.thcdn.com/productimg/original/12901581-1735140338345264.jpg, https://static.thcdn.com/productimg/original/12901581-6765140338387555.jpg"
Miriam Quevedo Black Baccara Hair Multiplying Routine 250ml,Miriam Quevedo,115.0,Miriam Quevedo Black Baccara Hair Multiplying Routine 250ml,"Enjoy the summer to achieve stronger, thicker hair with this exclusive Black Baccara routine. Our perfect duo of Black Baccara shampoo and mask helps keep your follicles firmly anchored to your scalp, preventing seasonal hair loss that often occurs in the fall. Don't forget the travel size Serum (gift) for deeper fiber repair while offering high protection. Ideal for all hair types, especially recommended for over-treated manes. Includes Hair Multiplying Shampoo 250 mL Hair Multiplying Mask 250 mL Hair Repairing &amp; Multiplying Serum 20 mL (gift) Deluxe Cotton Bag (gift) Benefits: Anti-Aging Hair Growth Bond Repair Rejuvenation","Aqua (Water), Parfum (Fragrance). For the latest information, Sorbic Acid, Acetyl Tetrapeptide-3, Sodium Lauroyl Methyl Isethionate, Boswellia Serrata Resin Extract, Vitis Vinifera (Grape) Fruit Extract, Niacinamide, Lecithin, Rhodiola Rosea Root Extract, Panthenol, Butylene Glycol, Yeast Extract, Lactic Acid, Zingiber Officinale (Ginger) Root Extract, Threonine, Guar Hydroxypropyltrimonium Chloride, Hydroxyacetophenone, Rhododendron Ferrugineum Leaf Cell Culture Extract, Caprylyl Glycol, Sodium Hydroxide, Riboflavin, 2-Hexanediol, 1, Arginine Hcl, Dimethyl Isosorbide, Hexylene Glycol, Inositol, it is recommended to review the ingredient list printed on the packaging of the product prior to usage or consumption., Glutamylamidoethyl Imidazole, Trifolium Pratense (Clover) Flower Extract, Arginine, Biotin, Sodium Ascorbyl Phosphate, Xylitol, Benzyl Alcohol, Sodium Benzoate, Peg-120 Methyl Glucose Trioleate, Tetrasodium Glutamate Diacetate, Glycerin, Cocamidopropyl Betaine, Wheat Amino Acids, Soy Amino Acids, Sodium Chloride, Tartaric Acid, Sodium Cocoyl Apple Amino Acids, Hydroxypropylgluconamide, Isomalt, Citric Acid, Rosa Hybrid Flower Extract, Polyquaternium-7, Moringa Oleifera Seed Extract/Moringa Pterygosperma Seed Extract, Potassium Sorbate, Hydroxypinacolone Retinoate, Dextran, Hydroxypropylammonium Gluconate, Maltodextrin, Serine, Propanediol, Tocopheryl Acetate, Phenoxyethanol",,https://static.thcdn.com/productimg/original/15449270-2045176898131722.jpg
Anastasia Beverly Hills Satin Lipstick 3g (Various Shades),Anastasia Beverly Hills,26.0,Anastasia Beverly Hills Satin Lipstick 3g (Various Shades),"Let's just say, when you know you know. Our&nbsp;Matte &amp; Satin Lipstick&nbsp;is everything you desire in a single swipe: brilliantly pigmented, insanely smooth glide-on, 24 seriously stunning new shades. This game-changing formula is addictive by design with its intense payoff, luscious wearability and two velvety-soft, featherlight finishes that deliver all your looks day to night. Our bullet tip design provides pro-level control, unparalleled precision and even color distribution so you can go from natural to glam faster than you can blow a kiss. Housed in a luxurious, gorgeous rose-gold component, it makes the perfect statement piece for your makeup bag or clutch. Pair with our&nbsp;Lip Liner&nbsp;and serve shade.","Calcium Sodium Borosilicate, Octyldodecanol, Hydrogenated Styrene/Butadiene Copolymer, Alumina, Synthetic Fluorphlogopite, Aluminum Calcium Sodium Silicate, Triisodecyl Trimellitate, Caprylic/Capric Triglyceride, Calcium Titanium Borosilicate, Propylene Carbonate, Tin Oxide, Calcium Aluminum Borosilicate, Iron Oxides (Ci 77491, Ci 77492), Trimethylolpropane Triisostearate, Red 7 Lake (Ci 15850), Ethyl Vanillin, Polyethylene, Mica, Phytosteryl Isostearate, it is recommended to review the ingredient list printed on the packaging of the product prior to usage or consumption., Red 28 Lake (Ci 45410) For the latest information, Microcrystalline Wax/Cera Microcristallina/Cire Microcristalline, Dicalcium Phosphate, Bht, Silica, Blue 1 Lake (Ci 42090), Hydrogenated Polyisobutene, Stearalkonium Bentonite, Polybutene, Pentaerythrityl Tetra-Di-T-Butyl Hydroxyhydrocinnamate, Methyl Methacrylate Crosspolymer, Vp/Eicosene Copolymer, May Contain/Peut Contenir (+/-): Titanium Dioxide (Ci 77891)",,"https://static.thcdn.com/productimg/original/13350394-1565177909279895.jpg, https://static.thcdn.com/productimg/original/13350394-2135177909338377.jpg, https://static.thcdn.com/productimg/original/13350394-2125177909401698.jpg, https://static.thcdn.com/productimg/original/13350394-7065175841380897.jpg, https://static.thcdn.com/productimg/original/13350394-1645175841426080.jpg"
iS Clinical SHEALD Recovery Balm (0.5 oz.),iS Clinical,30.0,iS Clinical SHEALD Recovery Balm (0.5 oz.),"iS Clinical's SHEALD Recovery Balm encourages skin's natural healing process as it alleviates irritation caused by laser, microdermabrasion and chemical treatments. Oat extracts soothe inflammation while panthenol restores pH levels. An advanced complex of ceramides lock-in moisture behind an antimicrobial protective layer that blocks environmental aggressors while keeping skin nourished. Key Ingredients: Ceramides: a group of lipid molecules bioidentical to those synthesized by the stratum corneum. Necessary for healthy barrier function. Antimicrobial and important for apoptosis and cell signaling of functional epithelium. Panthenol (Vitamin B5): essential element required for enzymatic functions within all cells. Enables the metabolism of carbohydrates, proteins and lipids, increasing cellular integrity and efficiency Antioxidants: extremozymes, our proprietary combination of extremophilic enzymes, clinically proven to protect and repair fragile proteins and DNA components Blue Micro Algae Extract: antioxidant and protective properties help defend against free radicals caused by UV-light and pollutants while encouraging the cellular regeneration process Key Benefits: Provides antioxidant-rich protective barrier Softens and hydrates dry, sensitive skin Helps with tightness and distressed skin Ideal protective moisturizer for harsh cold and/or dry climates Paraben-free","Carbomer, Panthenol, Butylene Glycol, Ceramide AP, Sorbitan Stearate, Caprylyl Glycol, Tocopherol, Disodium EDTA For the latest information, 2-Hexanediol, 1, Triethanolamine, it is recommended to review the ingredient list printed on the packaging of the product prior to usage or consumption., Ceteareth-20, Beta-Glucan, Ceramide EOP, Xanthan Gum, Ahnfeltia Concinna Extract, Cholesterol, Water/Aqua/Eau, PEG-100 Stearate, Avena Sativa (Oat) Kernel Extract, Cetearyl Alcohol, Phytosphingosine, Glycerin, Petrolatum, Retinyl Palmitate, PEG-8, C12-15 Pareth-3 Benzoate, Sodium Hyaluronate, Sodium Lauroyl Lactylate, Polysorbate 20, Piper Methysticum Leaf/Root/Stem Extract, Glyceryl Stearate, Ceramide NP, Zea Mays (Corn) Kernel Extract, PEG-8/SMDI Copolymer","Application Area: Body, Cheeks, Decollete, Face, Feet, Hands, NeckIdeal for these Concerns: Dryness and Dehydration, RednessIngredient: Antioxidants, Ceramides, Hyaluronic Acid, Panthenol, Titanium Dioxide, Vitamin AMoisturizers: Face MoisturizerSkin Care: MoisturizersSkin Type: Dry Skin, Mature Skin, Normal Skin, Sensitive Skin","https://static.thcdn.com/productimg/original/12902815-1395167566260595.jpg, https://static.thcdn.com/productimg/original/12902815-1175167566181023.jpg, https://static.thcdn.com/productimg/original/12902815-1265167566204480.jpg, https://static.thcdn.com/productimg/original/12902815-1105167565604456.jpg"
AGENT NATEUR Holi (Sun) SPF 50 Dewy Tinted Skin Drops 30ml (Various Shades),AGENT NATEUR,58.0,AGENT NATEUR Holi (Sun) SPF 50 Dewy Tinted Skin Drops 30ml (Various Shades),"Introducing holi (sun), Agent Nateur's dewy tinted, 100% mineral SPF 50 skin drops, formulated with ingredients you would find in your skincare, with the added protection of non-nano zinc oxide, which protects against harmful UV rays and sun damage. This two-in-one-product delivers a lightweight, natural and easily-blendable coverage (with zero white cast) that corrects imperfections and builds a daily, radiant glow, all while delivering 98% of UVA and UVB radiation protection too.","C12-15 Alkyl Benzoate, Phenylpropanol, Niacinamide, Jasminum Officinale (Jasmine) Flower/Leaf Extract, Lecithin, Bisabolol, Limonene†, Caprylic/Capric Triglyceride, Salvia Triloba Leaf Extract, Iron Oxides, Coco-Caprylate, Allantoin, Oryza Sativa (Rice) Bran Extract, Rosmarinus Officinalis (Rosemary) Leaf Extract, Rutin, Tridecyl Salicylate, Hydrogenated Lecithin, Caprylyl Glycol, Polyglyceryl-3 Diisostearate, Tocopherol, Polyglyceryl-4 Diisostearate/Polyhydroxystearate/Sebacate, Helianthus Annuus (Sunflower) Extract, Lavandula Angustifolia (Lavender) Flower/Leaf/Stem Extract, Stearalkonium Hectorite, it is recommended to review the ingredient list printed on the packaging of the product prior to usage or consumption., Polyglyceryl-3 Polyricinoleate, Carthamus Tinctorius (Safflower) Seed Oil, Sodium Hydroxide †Allergen For the latest information, Pelargonium Graveolens (Geranium) Extract, Tetrasodium Glutamate Diacetate, Sodium Chloride, Active Ingredient: Zinc Oxide 12% Inactive Ingredients Water, Salvia Officinalis (Sage) Leaf Extract, Silica, Polyglyceryl-2 Dipolyhydroxystearate, Linalool†, Citrus Aurantium Bergamia (Bergamot) Fruit Oil, Methylpropanediol, Jojoba Esters, Nylon-12, Propanediol",,"https://static.thcdn.com/productimg/original/15081765-1995114175188529.jpg, https://static.thcdn.com/productimg/original/15081765-1485114175213348.jpg, https://static.thcdn.com/productimg/original/15081765-5245114175237420.jpg"
VivierSkin LEXXEL (1.6 fl. oz.),VivierSkin,83.0,VivierSkin LEXXEL (1.6 fl. oz.),"Vivier LEXXEL relieves, softens and hydrates for smoother, healthier-looking skin. Enriched with marigold, avocado, vitamin E and allantoin, this skin moisturizer helps alleviate and protect against chapping, cracking, itching and roughness due to dry skin. May be used daily and on post-procedural skin. Key Benefits: Alcohol- and fragrance-free, non-comedogenic, dermatologist tested and recommended by physicians.","Hexamidine Diisethionate. For the latest information, Glyceryl Dilaurate, Calendula Officinalis Flower Oil, Persea Gratissima (Avocado) Oil, Glyceryl Stearate& PEG-100 Stearate, Ethylparaben, Caprylic/Capric Triglyceride, Methyl Glucose Sesquistearate, Butylparaben, Allantoin, Stearic Acid, Water/Eau, Polyacrylamide&C13-14 Isoparaffin& Laureth-7, Cyclopentasiloxane& Dimethiconol, Propylparaben, Methylparaben, it is recommended to review the ingredient list printed on the packaging of the product prior to usage or consumption., Ethoxydiglycol, Glyceryl Stearate, Tocopheryl Acetate, Phenoxyethanol","Application Area: Face, NeckIdeal for these Concerns: Dryness and Dehydration, Redness, RosaceaIngredient: Dimethicone, Vitamin EMoisturizers: Face MoisturizerSkin Care: MoisturizersSkin Type: Acne-Prone Skin, Oily Skin, Sensitive Skin",https://static.thcdn.com/productimg/original/11370875-2014871769781221.jpg
Koh Gen Do Maifanshi Moisture Fit Concealer (7 g.),Koh Gen Do,69.0,Koh Gen Do Maifanshi Moisture Fit Concealer (7 g.),"Maifanshi Moisture Fit Concealer from Koh Gen Do is an effortless way to smooth out spots or dark areas leaving you with a more radiant complexion. Designed to be used before or after foundation, this creamy concealer melts into your skin without creasing, caking or streaking. Key Ingredients: Gloss Film Powder: creates a smooth, long-lasting finish T3 Oil: a blend of jojoba oil, olive squalane, and shea butter that replenishes skin with protective moisture Stretch Gel Technology: allows product to move with your skin Aloe Leaf Extract and Hydrolyzed Yeast Extract: provide moisturizing benefits Key Benefits: Corrects redness and discoloration Minimizes fine lines and wrinkles Gold pigments reflect light to correct uneven skin tone and dullness High coverage in a lightweight texture Not tested on animals and formulated without artificial colors, synthetic fragrance or mineral oil Tip: Can be applied before or after foundation. 04 is ideal for tan skin tones.","Calcium Carbonate, Butyrospermum Parkii (Shea) Butter, Alumina, Aloe Barbadensis Leaf Extract, Butylene Glycol, Mica (Ci 77019), Sodium Citrate, Hydrogen Dimethicone, Dimethicone/Vinyl Dimethicone Crosspolymer, Water, Isostearic Acid, Squalane, Disteardimonium Hectorite, Stearic Acid, Hydrolyzed Yeast Extract, Hdi/Trimethylol Hexyllactone Crosspolymer, Tocopherol, Peg-9 Dimethicone, Dipotassium Glycyrrhizate, Simmondsia Chinensis (Jojoba) Seed Oil, Polyglyceryl-2, it is recommended to review the ingredient list printed on the packaging of the product prior to usage or consumption., Dimethicone, Zinc Stearate, Triisostearate, Triethylhexanoin, Macadamia Ternifolia Seed Oil, Glycerin, Aluminum Hydroxide, Trimethylsiloxysilicate, Ethylhexylglycerin, Silica, Cyclopentasiloxane, Hydrogenated Castor Oil Dimer Dilinoleate, Talc, Titanium Dioxide, Iron Oxides. For the latest information, Propanediol, Phenoxyethanol","Application Area: Eyes, FaceCoverage: FullFace Makeup: Face ConcealerFinish: SatinIngredient: Aloe Vera, Dimethicone, Essential Oils, Jojoba, Mica, Shea Butter, Titanium DioxideMakeup: Face MakeupPreferences: Clean, Oil-Free",https://static.thcdn.com/productimg/1600/1600/11752239-8694597305372915.jpg
Masktini Intensive Restorative Crème - Hush Money 50ml,Masktini,84.0,Masktini Intensive Restorative Crème - Hush Money 50ml,"An anti-aging skin barrier, this day and night facial moisturizer is perfect for all skin types. This combination of Vitamin C, our all-natural retinol alternative and a unique plant derived super-hydrator improves skin’s radiance and firmness. An extract of the summer snowflake bulb has Botox mimicking smoothing results, while Matrixyl 3000™ peptides restore collagen synthesis, providing long term anti-wrinkle benefits. Key Ingredients: TETRAHEXYLDECYL ASCORBATE - A highly stable form of Vitamin C which is known for antioxidant benefits, improving radiance, skin texture, firmness and skin tone. Regarded as a gentler, skin-friendly form of Vitamin C that provides all the benefits without irritation. SYSTENOL-A - Bukuchiol is a natural retinol alternative which is an oil extracted from the Psoralea corylifolia or Babchi plant found in India. This compound has been clinically shown to enhance collagen and elastin synthesis, improving fine lines, wrinkles and firmness. NP MOIST 24 - Extracted from the Japanese Bloodgrass root, this water-based complex has been clinically shown to increase skin’s moisture level by 45%, lasting up to 24 hours after application. SALIPORINE-8 - Derived from the halophyte, a plant that grows in salt waters, this extract of Salicornia herbacea has strong antioxidant benefits that also strengthens the hydrolipic barrier of the epidermis and supports the skin’s own moisture production. IBR SNOWFLAKE - A derivative of the summer snowflake bulb, this ingredient contains alkaloids known to have muscle relaxant properties. Lessen facial muscle contractions for a softened appearance of fine lines and wrinkles. MATRIXYL 3000 - A synthetic peptide, or amino acid chain sometimes referred to as protein fragments, works to restore and maintain skin’s youthful appearance by signaling cells to produce more collagen. Clinical studies have shown a reduction of deep wrinkles by 45% after 8 weeks of use. ANTARCTICINE - a glycoprotein from the Antarctic Sea. Prevents the skin from dryness and extreme colds. Boosts collagen and elastin production. Presents significant anti-wrinkle activity. LPD MULTIVITAMIN - a proprietory complex of A,C,E,F vitamins. A true multivatamin for your skin. Helps to downregulate sebum production, revert photodamage, protect against oxidative damage. Regulates collagen synthesis and provides photoprotection. Regenerates membranes and tissues for a healthy beautiful skin. NIACINAMIDE PC - a proprietory grade of Vitamin B3. Helps reduce the appearance of fine lines and wrinkles, protect from UV and blue light damage, improve elasticity of the skin, rebalance uneven skin tone. ECTOIN - a natural compound. Helps maintain balanced hydration by maintaining the correct water balance in skin. In doing so, skin can better maintain a smooth, soft surface.","Palmitoyl Tetrapeptide-7, Bakuchiol, Sorbitol, Water (Aqua) (Eau), Niacinamide, Lecithin, Butyrospermum Parkii (Shea) Butter, Carbomer, Butylene Glycol, Sodium Citrate, Caprylic/Capric Triglyceride, Tetrasodium EDTA, Squalane, Mangifera Indica (Mango) Seed Butter, Sodium Polyacrylate, Tetrahexyldecyl Ascorbate, Palmitoyl Tripeptide-1, Caprylyl Glycol, Tocopherol, Caprylyl Caprylate/Caprate, Glyceryl Linolenate, Orbignya Oleifera Seed Oil, Cetearyl Olivate, Ectoin, Citrus Nobilis (Mandarin Orange) Peel Oil, Glyceryl Caprylate, Pseudoalteromonas Ferment Extract, Citrus Aurantium Dulcis (Orange) Peel Oil, Aloe Barbadensis Leaf Juice, it is recommended to review the ingredient list printed on the packaging of the product prior to usage or consumption., Disodium EDTA, Sodium Ascorbyl Phosphate, Ethylhexyl Olivate, Biotin, Xanthan Gum, Sodium Benzoate, Limonene For the latest information, Sorbitan Olivate, Cetearyl Alcohol, Theobroma Cacao (Cocoa) Seed Butter, Glycerin, Retinyl Palmitate, PEG-8, Ethylhexylglycerin, Salicornia Herbacea Extract, Citric Acid, Cucumis Sativus (Cucumber) Fruit Water, Glyceryl Linoleate, Citrus Paradisi (Grapefruit) Peel Oil, Sodium Hyaluronate, Leucojum Aestivum Bulb Extract, Tridecane, Polysorbate 20, Potassium Sorbate, Undecane, Maltodextrin, Imperata Cylindrica Root Extract, Tocopheryl Acetate, Phenoxyethanol",,"https://static.thcdn.com/productimg/original/14869207-1845069302249872.jpg, https://static.thcdn.com/productimg/original/14869207-1565069302283175.jpg, https://static.thcdn.com/productimg/original/14869207-1835069302319025.jpg"
Estée Lauder Double Wear Smooth and Blur Primer 40ml,Estée Lauder,45.0,Estée Lauder Double Wear Smooth and Blur Primer 40ml,"The IRL filter that makes pores go ""poof."" This all-day oil-control primer instantly blurs the look of pores to a smooth, matte finish. Breathable gel-cream texture. Leaves skin feeling comfortable. Pores seem to disappear thanks to skin-diffusing optics. Oil-control primer helps keep oil at bay all day. Skin looks smooth, blurred and matte. Wear it under Double Wear Concealer or Double Wear Stay-in-Place Makeup for more coverage, your way.","it is recommended to review the ingredient list printed on the packaging of the product prior to usage or consumption., Sorbitan Oleate, Caprylyl/Capryl Glucoside For the latest information, Methylpropanediol, Pentylene Glycol, Caprylyl Glycol, Sodium Acrylate/Sodium Acryloyldimethyl Taurate Copolymer, Polyisobutene, Xanthan Gum, Polymethylsilsesquioxane, Water\Aqua\Eau, Sodium Acrylates Crosspolymer-2, Methyl Methacrylate Crosspolymer, Glyceryl Caprylate, Ammonium Acryloyldimethyltaurate/Vp Copolymer",,"https://static.thcdn.com/productimg/original/15061315-6855118306359376.jpg, https://static.thcdn.com/productimg/original/15061315-4995118306384816.jpg, https://static.thcdn.com/productimg/original/15061315-1605118306411405.jpg, https://static.thcdn.com/productimg/original/15061315-1235118306460194.jpg, https://static.thcdn.com/productimg/original/15061315-1515118306503454.jpg, https://static.thcdn.com/productimg/original/15061315-3145118777992658.jpg, https://static.thcdn.com/productimg/original/15061315-1195118778012218.jpg, https://static.thcdn.com/productimg/original/15061315-1515118306547593.jpg"
PCA SKIN Micro Peel At-Home Kit,PCA SKIN,140.0,PCA SKIN Micro Peel At-Home Kit,"Create a professional-grade experience for your skin with PCA Skin's Micro-Peel Kit. The kit includes powerful formulas developed by skin care professionals to help brighten and rejuvenate all skin types.; Micro-Peel Kit includes: Facial Wash (1 fl oz.): A refreshing facial cleanser. Hydrating Toner (1 fl oz.): A face toner that removes dirt and oil while hydrating your skin. Detoxifying Mask (.25 oz.): A clay-based mask that exfoliates and removes impurities. Enzyme Treatment (.27 fl oz.) ReBalance (.25 oz): A lightweight nighttime facial cream for all skin types. Daily Defense Broad Spectrum SPF 50 (.25 fl oz.): An SPF 50 sunscreen that moisturizes, protects, and combats aging pollutants. Rejuvenating Serum (17 fl. oz.): A refreshing facial cleanser. Key Benefits: Gentle, yet powerful exfoliation Provides an immediate post-treatment glow Safe and effective for all skin types","Cocamidopropyl Hydroxysultaine, Sodium PCA, Ethyl Ferulate, Hamamelis Virginiana (Witch Hazel) Water, Carbomer, Pichia/Resveratrol Ferment Extract, Borago Officinalis Seed Oil, Lactic Acid, Glycereth-26, Ectoin, Magnesium Aluminum Silicate, Urea, Polyacrylate Crosspolymer-6, Caprylyl Methicone, Epigallocatechin Gallate, Disodium EDTA ReBalance: Water/Aqua/Eau, Amorphophallus Konjac Root Powder. Rejuvenating Serum: Water, Oenothera Biennis (Evening Primrose) Root Extract, Hydroxyethyl Acrylate/Sodium Acryloyldimethyl Taurate Copolymer, Citric Acid, Aminomethyl Propanol, Vitis Vinifera (Grape) Seed Oil, Sodium Hyaluronate. Daily Defense SPF: Avena Sativa (Oat) Bran Extract, Caffeine, Gluconolactone, Vitis Vinifera (Grape) Seed Extract, Niacinamide, Oleth-3 Phosphate, Alcohol. For the latest information, Tropolone, Acrylates/C10-30 Alkyl Acrylate Crosspolymer, Squalane, Sodium Stearoyl Glutamate, Mentha Arvensis Leaf Oil, 1, Oryza Sativa (Rice) Bran Oil, Alcohol Denat., Jania Rubens Extract, PEG-7 Trimethylolpropane Coconut Ether, Citrus Aurantium Dulcis (Orange) Peel Extract, Triethoxycaprylylsilane, Disodium EDTA, Ascorbic Acid Facial Wash: Water, Sodium Benzoate, Chlorphenesin, Water/Aqua/Eau, Kaolin, Glycerin, Cocamidopropyl Betaine, Sodium Chloride, Isomalt, Pyrus Malus (Apple) Fruit Extract, Octyldodecyl Neopentanoate, Ethylhexyl Isononanoate, Mentha Piperita (Peppermint) Oil, Sodium Carrageenan, Silybum Marianum Seed Extract, Phospholipids, Propanediol, Tocopheryl Acetate, sh-Oligopeptide-1. Detoxifying Mask: Water, Lecithin, Sodium Lactate, Allantoin, Fructose, Sodium Hydroxide, Camellia Sinensis Leaf Extract, 2-Hexanediol, Aloe Barbadensis Leaf Juice Powder, Aloe Barbadensis Leaf Juice, Citrullus Lanatus (Watermelon) Fruit Extract, Sodium Gluconate, Benzyl Alcohol, Eucalyptus Globulus Leaf Oil, Water Enzymatic Treatment: Carica Papaya (Papaya) Fruit, Tartaric Acid, Glutathione, Potassium Sorbate, Caprylhydroxamic Acid, Sodium C14-16 Olefin Sulfonate, Phenoxyethanol, Myrothamnus Flabellifolia Leaf/Stem Extract, Glycine, Resveratrol Dimethyl Ether, Panthenol, Butylene Glycol, Vitis Vinifera (Grape) Fruit Cell Extract, Hydrating Toner Spray: Water, Sodium Cocoamphoacetate, Bisabolol, Lens Esculenta (Lentil) Fruit Extract, Oenothera Biennis (Evening Primrose) Oil, Caprylyl Glycol, Tocopherol, Hexylene Glycol, Citrus Aurantium Dulcis (Orange) Peel Oil, Inositol, it is recommended to review the ingredient list printed on the packaging of the product prior to usage or consumption., Xanthan Gum, Polyisobutene, Charcoal Powder, Ethylhexylglycerin, Citrus Paradisi (Grapefruit) Peel Oil, Lactobionic Acid, Cyclopentasiloxane, Salix Nigra (Willow) Bark Extract, Sodium Hyaluronate, Polysorbate 20, Tocotrienols, Butyloctyl Salicylate, Rosmarinus Officinalis (Rosemary) Leaf Oil",,https://static.thcdn.com/productimg/original/14645944-3585103824732553.jpg
ARCONA Glow and Go Duo (2 piece - $41 Value),ARCONA,24.0,ARCONA Glow and Go Duo (2 piece - $41 Value),"ARCONA Glow and Grow refreshes and revitalizes dull skin with nourishing botanical formulas that give parched skin the love it needs. Rich shea butter hydrates and softens the skin while antioxidant-rich raspberry, cranberry and white tea extracts fight off free radicals. Naturally astringent lime, lemon and grapefruit oils balance pH levels as they brighten your complexion. A $41 value! ARCONA Glow and Grow includes: White Tea Purifying Cleanser (2 oz.) Cranberry Toner (2 oz.)","Rubus Idaeus (Raspberry) Seed Oil, Camellia Sinensis (White Tea) Extract, Citrus Grandis (Grapefruit) Peel Oil, Camellia Sinensis (White Tea) Leaf Extract, Decyl Glucoside, Sodium Lactate, Aloe Saponins, Ananas Sativus (Pineapple) Fruit Extract, D-alpha-tocopherol, Citrus Aurantifolia (Lime) Oil, D-alpha-tocopherol (Vitamin E), Mangifera Indica (Mango) Seed Oil. For the latest information, Cranberry Toner: Hamamelis Virginiana (Witch Hazel) Extract, it is recommended to review the ingredient list printed on the packaging of the product prior to usage or consumption., Yucca Schidigera Leaf Extract, Butyrospermum Parkii (Shea Butter) 10%, Vitis Vinifera (Grape) Seed Extract. White Tea Cleanser: Aqua (Water), Essential Oils, Glycerin, Sodium Chloride, Rice Milk, Citric Acid, Rubus Idaeus (Raspberry) Fruit Extract, Citrus Medica Limonum (Lemon) Peel Oil, Vaccinium Macrocarpon (Cranberry) Fruit Extract","Application Area: FaceIdeal for these Concerns: Aging Skin, Free Radical DamageIngredient: Aloe Vera, Antioxidants, Essential Oils, Green Tea, Shea Butter, Vitamin EPreferences: Certified Cruelty-Free, NaturalSkin Care: Skin Care Kits and Value Sets","https://static.thcdn.com/productimg/original/11291410-1104867629702549.jpg, https://static.thcdn.com/productimg/original/11291410-1144867629750549.jpg"
Alterna CAVIAR Anti-Aging Replenishing Moisture Hair Oil 50ml,Alterna,40.0,Alterna CAVIAR Anti-Aging Replenishing Moisture Hair Oil 50ml,"Alterna transcends ordinary haircare - with healthy, sensorial rituals and clean, skincare-inspired formulas - elevating everyday moments into self-care experiences that transform the hair and delight the senses. Our family of mindfully formulated products are designed to deliver performance without compromise-clean beauty that provides an exceptionally luxurious experience at home and proven results in the salon. Apply a couple of drops of our fast-absorbing hair oil on clean, damp, or dry hair. This oil not only leaves hair feeling deeply conditioned and smooth but also strengthens it, making it 9 times more resistant to breaking*. Its lightweight formula offers 72-hour humidity resistance**, without leaving any residue, ensuring that it leaves hair looking healthy and feeling silky soft. Formulated with care, it includes our Marine Moisture complex, a blend of marine plant extracts such as Sea Kelp, Plankton, Ascophyllum, Fucus, and Sea Fennel. Use more as needed, whether as a leave-on treatment or finisher. This oil is formulated without added parabens, SLS/SLES***, phthalates, synthetic color, gluten, mineral oil, oxybenzone, triclosan, coal tar, and formaldehydes and formaldehyde-releasing agents. *against combing breaking on damaged vs. a non-conditioning shampoo ** vs. untreated hair in high humidity conditions *** Formulated added Sodium Lauryl Sulfate or Sodium Laureth Sulfate","Isododecane, Butyrospermum Parkii (Shea) Butter, Crithmum Maritimum Extract, Beta Vulgaris (Beet) Root Extract, Saccharomyces/Magnesium Ferment, Laminaria Hyperborea Extract, Caprylic/Capric Triglyceride, Caviar Extract, Ascophyllum Nodosum Extract, Octyldodecyl Citrate Crosspolymer, Tocopherol, Limnanthes Alba (Meadowfoam) Seed Oil, Ethylhexyl Salicylate, Saccharomyces/Zinc Ferment, Mauritia Flexuosa Fruit Oil, Laminaria Digitata Extract, Alaria Esculenta Extract, Polycitronellol, it is recommended to review the ingredient list printed on the packaging of the product prior to usage or consumption., Carthamus Tinctorius (Safflower) Seed Oil, Dimethicone, Helianthus Annuus (Sunflower) Seed Oil, Crambe Abyssinica Seed Oil, Butyl Methoxydibenzoylmethane, Bis-Cetearyl Amodimethicone, Plankton Extract, BHT, Glycine Soja (Soybean) Oil For the latest information, Saccharomyces/Iron Ferment, Ethylhexylglycerin, Ethylhexyl Methoxycinnamate, Saccharomyces/Copper Ferment, Cyclopentasiloxane, Dimethiconol, Jojoba Esters, Argania Spinosa Kernel Oil, Phospholipids, Parfum/Fragrance, Tocopheryl Acetate, Fucus Vesiculosus Extract, Saccharomyces/Silicon Ferment",,"https://static.thcdn.com/productimg/original/15463720-1325167756679502.jpg, https://static.thcdn.com/productimg/original/15463720-1795168562790647.jpg, https://static.thcdn.com/productimg/original/15463720-6895167756732986.jpg, https://static.thcdn.com/productimg/original/15463720-2145168562636129.jpg, https://static.thcdn.com/productimg/original/15463720-7735168562418863.jpg, https://static.thcdn.com/productimg/original/15463720-1845168562477516.jpg, https://static.thcdn.com/productimg/original/15463720-1675168562534528.jpg"
Supersmile Professional Whitening System - Large - Original Mint (2 piece),Supersmile,85.0,Supersmile Professional Whitening System - Large - Original Mint (2 piece),"Supersmile Professional Whitening System - Large is an essential whitening combo comprised of the Supersmile Toothpaste and Whitening Accelerator, which only requires brushing twice a day for significantly whiter teeth. Supersmile's effective Toothpaste and Accelerator work together to dissolve the filmy, stain-attracting protein pellicle that coats teeth, keeping your smile cleaner, lighter and less likely to suffer from bacteria growth. Professional Whitening System - Large includes: Toothpaste (4.2 oz.) Accelerator (3.6 oz.)","it is recommended to review the ingredient list printed on the packaging of the product prior to usage or consumption., Please click on above individual product for ingredients. For the latest information","Application Area: Teeth and MouthIngredient: Titanium DioxideOral Care: Teeth Whitening, ToothpastePreferences: Clean",https://static.thcdn.com/productimg/original/11289934-8644871508433182.jpg
Filorga Time-Filler Super Smoothing Sheet Mask,Filorga,15.0,Filorga Time-Filler Super Smoothing Sheet Mask,"Restore youthful vitality with the Filorga Time-Filler Mask ; an anti-ageing serum-mask that utilises tightening active ingredients with lifting benefits. Fortified with natural-origin Collagen and an innovative cell booster, the powerful treatment delivers a firming and plumping effect, whilst stimulating the skin's regeneration process and minimising the appearance of wrinkles. Developed with unique Black Fiber Technology, the sheet mask perfectly adheres to facial contours to boost the absorption and effectiveness. Expect a tighter, smoother and more refined complexion with reduced signs of ageing and a radiant glow.",,,"https://static.thcdn.com/productimg/original/11395501-1545119846376634.jpg, https://static.thcdn.com/productimg/original/11395501-1545119846410435.jpg, https://static.thcdn.com/productimg/original/11395501-1605119846442115.jpg, https://static.thcdn.com/productimg/original/11395501-4455119846469892.jpg, https://static.thcdn.com/productimg/original/11395501-2465119846503639.jpg"
RMS Beauty Daily Lip Balm (0.1 oz.),RMS Beauty,25.0,RMS Beauty Daily Lip Balm (0.1 oz.),"Heal, protect and hydrate lips with the moisturizing power of RMS Beauty's Daily Lip Balm. This multifunctional rejuvenating lip balm, nourishing lip treatment and primer-in-one helps diminish dryness, dehydration and chapped lips with coconut oil and shea butter revealing a smoother texture. Key Ingredients: Coconut Oil: hydrates and heals Shea Butter: nourishes and softens Key Benefits: Hydrates dry lips Primes lips Nourishes and softens Works as a subtle highlighter, cuticle conditioner or evening eye balm Tip: Store in a cool, dry place.","it is recommended to review the ingredient list printed on the packaging of the product prior to usage or consumption., *Cocos Nucifera (Coconut) Oil, Helianthus Annuus (Sunflower) Seed Oil, Propolis Extract, **Buriti (Mauritia Flexuosa) Oil, *Rosmarinus officinalis (Rosemary) Leaf Extract. *Certified Organic/Certifié Biologique **Wildcrafted/Récoltée à L'état Sauvage. For the latest information, Tocopherol (non-GMO), Centella Asiatica Extract, *Simmondsia Chinensis (Jojoba) Seed Oil, *Butyrospermum Parkii (Shea Butter) Fruit, *Theobroma Cacao (Cocoa) Seed Butter, *Cera Alba (Beeswax)(Cire d'abeille)","Aging Skin: Fine Lines and Wrinkles, Lip Lines Application Area: LipsIdeal for these Concerns: Chapped LipsIngredient: Coconut Oil, Shea ButterLip Makeup: Lip Balms TreatmentsMakeup: Lip MakeupPreferences: Certified Organic","https://static.thcdn.com/productimg/original/12905677-1684864789796271.jpg, https://static.thcdn.com/productimg/original/12905677-1535036876059932.jpg"
HydroPeptide Power Serum Line Lifting Transformation (1 fl. oz.),HydroPeptide,154.0,HydroPeptide Power Serum Line Lifting Transformation (1 fl. oz.),HydroPeptide Power Serum Line Lifting Transformation (formerly Serum Anti-Wrinkle Cellular Transformation) blends 6 different peptides to fight the visible signs of aging. Genetic growth factors optimize cell renewal to increase firmness and elasticity as vitamin A diminishes fine lines and wrinkles. Glycerin delivers lightweight hydration which helps hyaluronic acid plump the skin with illuminating moisture. Oat proteins reduce inflammation to leave your skin looking smooth and youthful.,"Pullulan, Phenylpropanol, Barosma Betulina Leaf Extract, Potassium Olivoyl Hydrolyzed Oat Protein, Sclerotium Gum, Diethylhexyl Carbonate, Vitis Vinifera (Grape) Fruit Extract, Isopentyldiol, Butylene Glycol, Citrus Tangerina (Tangerine) Peel Extract, Water, Caprylic/Capric Triglyceride, Tetradecyl Aminobutyroylvalylaminobutyric Urea Trifluoroacetate, Tocopherol For the latest information, Citrus Paradisi (Grapefruit) Fruit Extract, Glyceryl Oleate, Acetyl Dipeptide-1 Cetyl Ester, Caprylyl Glycol, Sodium Stearoyl Glutamate, Tetrahexyldecyl Ascorbate, Dipeptide Diaminobutyroyl Benzylamide Diacetate, Sorbitan Laurate, Citrus Aurantium Bergamia (Bergamot) Fruit Extract, Palmitoyl Dipeptide-5 Diaminobutyroyl Hydroxythreonine, 2-Hexanediol, Glycine Soja (Soybean) Seed Extract, 1, Citrus Nobilis (Mandarin Orange) Fruit Extract, Lysolecithin, Citrus Aurantium Dulcis (Orange) Peel Extract, Sodium Phytate, it is recommended to review the ingredient list printed on the packaging of the product prior to usage or consumption., Xanthan Gum, Cetearyl Alcohol, Glycerin, Citrus Aurantifolia (Lime) Peel Extract, Capryloyl Glycerin/Sebacic Acid Copolymer, Acetyl Hexapeptide-30, Palmitoyl Hexapeptide-19, Palmitoyl Tripeptide-5, Hexapeptide-11, Anogeissus Leiocarpus Bark Extract, Sodium Hyaluronate, Pentylene Glycol, Lactococcus Ferment Lysate, Diheptyl Succinate, Vanilla Planifolia Fruit Extract, Hydroxyethylcellulose, Citrus Limon (Lemon) Peel Extract, Olea Europaea (Olive) Fruit Unsaponifiables, Glyceryl Stearate, Propanediol, Hydroxyacetophenone","Aging Skin: Fine Lines and Wrinkles, Loss of FirmnessApplication Area: Decollete, Face, NeckIdeal for these Concerns: Dryness and DehydrationIngredient: Antioxidants, Dimethicone, Green Tea, Hyaluronic Acid, Jojoba, Peptides, Vitamin A, Vitamin C, Vitamin EPreferences: Gluten-Free, Paraben-Free, Phthalate-Free, Sulfate-Free, VeganSkin Care: Skin Care TreatmentsSkin Care Treatments: Face SerumsSkin Type: Acne-Prone Skin, Combination Skin, Dry Skin, Mature Skin, Normal Skin, Oily Skin, Sensitive Skin","https://static.thcdn.com/productimg/original/11287832-1345045959950834.jpg, https://static.thcdn.com/productimg/original/11287832-2075045960013642.jpg"
Bioderma Sensibio Eye Contour (0.5 oz.),Bioderma,21.99,Bioderma Sensibio Eye Contour (0.5 oz.),"Reawaken your eye's tired appearance with the Sensibio Gel Eye Contour from Bioderma. Complete with an active hyaluronic acid formula, this eye cream is designed to reduce the appearance of wrinkles and crow's feet for a younger complexion. Key Ingredients: Hyaluronic Acid : smooths and reduces crow's feet and fine lines Caffeine : a decongesting ingredient that helps to reduce puffiness Laminaria and Vitamin E : soothe, repair and make the skin more resistant to dryness Key Benefits: Excellent eye tolerance Suitable for contact lens wearers Gel-cream texture, compatible with makeup","glycyrrhetinic acid, glycerin, Water (aqua), isostearyl alcohol, xylitol, caffeine, mannitol, ethylcellulose. For the latest information, polyehtylene, 1, tridecyl trimellitate, disodium edta, dimethicone, butylene glycol cocoate, it is recommended to review the ingredient list printed on the packaging of the product prior to usage or consumption., laminaria ochroleuca extract, pentylene glycol, caprylyl glycol, sodium hydroxide, rhamnose, 2-hexanediol, caprylic/capric triglyceride, sodium hyaluronate, fructooligosaccharides, acrylates/c10-30 alkyl acrylate crosspolymer","Application Area: EyesIdeal for these Concerns: Hypersensitive Skin, Redness, RosaceaEye Care: Eye Treatments and SerumsIngredient: Hyaluronic AcidPreferences: Clean, Fragrance-Free, Hypoallergenic, Paraben-FreeSkin Care: Eye CareSkin Type: Sensitive Skin",https://static.thcdn.com/productimg/original/11709479-1885037197097111.jpg
PCA SKIN Intensive Brightening Treatment 0.5 Pure Retinol Night (1 oz.),PCA SKIN,118.0,PCA SKIN Intensive Brightening Treatment 0.5 Pure Retinol Night (1 oz.),"Rejuvenate your complexion while you slumber with the PCA Skin Intensive Brightening Treatment: 0.5% Pure Retinol Night. Working with your body's natural renewal process, this potent treatment delivers pure, potent ingredients deep within your skin to promote a clear, radiant expression. Using a patented OmniSome delivery system, retinol is absorbed into your skin. The cocktail of vitamins and antioxidants promotes radiance from within while correcting environmental damage and discoloration on the surface of your skin. Key Ingredients and Benefits: Retinol: stimulates cell turnover and renewal to smooth and soften skin Resveratrol: a potent antioxidant that encourages a bright, even skin tone Niacinamide: reduces excess oil production and lightens discoloration to brighten skin Hexylresorcinol: reduces inflammation and promotes an even skin tone Due to a manufacturer packaging change, item received may vary from product image.","Isododecane, Niacinamide, Decyl Glucoside, Butylene Glycol, Sodium Citrate, Trideceth-6, Aminomethyl Propanol. For the latest information, Sodium Polyacrylate, Caprylyl Glycol, Tapioca Starch Polymethylsilsesquioxane, Hexylresorcinol, Ammonium Acryloyldimethyltaurate/ VP Copolymer, it is recommended to review the ingredient list printed on the packaging of the product prior to usage or consumption., Dimethicone, Hydroxyphenoxy Propionic Acid, Disodium EDTA, Ethylhexyl Stearate, Xanthan Gum, Water/Aqua/Eau, PEG-100 Stearate, Chlorphenesin, PEG-12 Glyceryl Dimyristate, Cetearyl Alcohol, Glycerin, Cyclopentasiloxane, Pentylene Glycol, Polysorbate 20, Resveratrol, Retinol, Glyceryl Stearate, Polysilicone-11, Propanediol, Tocopheryl Acetate, Phenoxyethanol, Coco-Caprylate/ Caprate","Application Area: FaceIdeal for these Concerns: Free Radical Damage, HyperpigmentationHoliday: Gifts for DadHyperpigmentation: Dark SpotsIngredient: Antioxidants, Dimethicone, Niacinamide, Resveratrol, Retinol, Vitamin A, Vitamin EPreferences: Fragrance-Free, Paraben-FreeSkin Care: Skin Care TreatmentsSkin Care Treatments: Dark Spot TreatmentSkin Type: Combination Skin, Dry Skin, Normal Skin","https://static.thcdn.com/productimg/original/11289086-7025128934720667.jpg, https://static.thcdn.com/productimg/original/11289086-1915129695105392.jpg, https://static.thcdn.com/productimg/original/11289086-6545129697174465.jpg, https://static.thcdn.com/productimg/original/11289086-1455129697204408.jpg, https://static.thcdn.com/productimg/original/11289086-1305129695128180.jpg, https://static.thcdn.com/productimg/original/11289086-1975129697225924.jpg, https://static.thcdn.com/productimg/original/11289086-1525129695158996.jpg, https://static.thcdn.com/productimg/original/11289086-1835129695180851.jpg"
Kevyn Aucoin The Neo-Bronzer (0.2 oz.),Kevyn Aucoin,40.0,Kevyn Aucoin The Neo-Bronzer (0.2 oz.),"Summer may only come once a year, but the versatile, 3-in-1 Neo-Bronzer from Kevyn Aucoin keeps that healthy glow going year-round. From a scale of naturally sun-kissed to tropically bronzed, the trio palette gives you the option to use as you please with a combination of highlighting and bronzing shades in a smooth, gradient finish. The finely milled, light-diffusing pigments enhance all complexions and skin tones, maximizing skin’s radiance with pure warmth—like you just spent a day at the beach. Key Benefits: Highlighter, blush, and bronzer all in one smooth gradient finish Can be used individually, or blended together for a customized, bronzed glow Can also be used to sculpt Sundown Deep has a matte finish.","Phenoxyethanol, it is recommended to review the ingredient list printed on the packaging of the product prior to usage or consumption., Octyldodecanol, Tocopheryl Acetate. May Contain / Peut Contenir (+/-): Iron Oxides/Oxides De Fer (Ci 77491, Tin Oxide. May Contain / Peut Contenir (+/-): Titanium Dioxide (Ci 77891), Magnesium Stearate, Bis-Diglyceryl Polyacyladipate-2, Caprylyl Glycol, Talc, Simmondsia Chinensis (Jojoba) Seed Oil, Iron Oxides/Oxides De Fer (Ci 77491, Mica, Ci 77492, Ci 77499). For the latest information, Tocopheryl Acetate, Ci 77499). Mica, Octyldodecyl Stearoyl Stearate","Application Area: Cheeks, FaceFace Makeup: Face BronzerFinish: Matte, ShimmerIngredient: Jojoba, Mica, Titanium Dioxide, Vitamin EMakeup: Face MakeupPreferences: Paraben-Free, Phthalate-Free, Sulfate-Free",https://static.thcdn.com/productimg/original/12055419-1234895689129869.jpg
"GRANDE Cosmetics Grande Peace, Love, & Grande (Worth $166)",GRANDE Cosmetics,95.0,"GRANDE Cosmetics Grande Peace, Love, & Grande (Worth $166)","Love yourself and let the real you shine. Your lashes and brows will be making a comeback with our iconic GrandeLASH-MD Enhancing Serum &amp; GrandeMASCARA Conditioning Peptide Mascara for stronger, longer-looking lashes, and travel-size GrandeBROW Enhancing Serum for bolder-looking brows. Key Ingredients: GrandeLASH-MD : Radish Root Ferment: peptide-packed for conditioning properties GrandeBROW: &nbsp;Vitamin E: an essential vitamin to support brow health GrandeMASCARA: &nbsp;Myristoyl Pentapeptide-17: helps to strengthen and fortify for healthier looking lashes","Valine, Chamomilla Recutita (Metricaria) Flower Extract, Sodium PCA, Glycine, Aspartic Acid, Panthenol, Sodium Citrate, Sodium Lactate, Arctostaphylos Uva Ursi Leaf Extract, Threonine, Sodium Metabisulfite For the latest information, GrandeLASH-MD: Water/Aqua/Eau, Magnesium Ascorbyl Phosphate, Leuconostoc/Radish Root Ferment Filtrate, Caprylyl Glycol, Hydrolyzed Glycosaminoglycans, Hydrolyzed Yeast Extract, Panax Ginseng Root Extract, PCA, Hexylene Glycol, Histidine, Alanine, Aloe Barbadensis Leaf Juice, Triethanolamine, Honey Extract/Mel/Extrait de Miel, Sodium Metabisulfite GrandeBROW: Water/Aqua/Eau, Phenylalanine, it is recommended to review the ingredient list printed on the packaging of the product prior to usage or consumption., Arginine, Sodium Benzoate, Calcium Gluconate, Isoleucine, Glycerin, Tussilago Farfara (Coltsfoot) Leaf Extract, Proline, Ethylhexylglycerin, Isopropyl Cloprostenate (an analog of prostaglandin), Sodium Hyaluronate, Polysorbate 20, Alcohol, Arctostaphylos Uva URSI Leaf Extract, Gluconolactone, Hydroxyethylcellulose, Propylene Glycol, Serine, Vitis Vinifera (Grape) Seed Extract, Tocopheryl Acetate, Phenoxyethanol",,https://static.thcdn.com/productimg/original/15468151-1035170890418419.jpg
DHC CoQ10 Face Milk (3.3 fl. oz.),DHC,42.0,DHC CoQ10 Face Milk (3.3 fl. oz.),"Antioxidant-infused facial milk moisturizes, promotes firm-looking skin and helps protect against free radicals. This lightweight, daily moisturizer is formulated with organic olive oil, collagen, and sodium hyaluronate to hydrate and protect skin's natural moisture barrier. Skin is left soft, supple and radiant. In the Japanese beauty culture, few antioxidants are considered as powerful as Coenzyme Q10 in promoting skin's integrity and youthful appearance. This powerhouse ingredient fights free radicals and environmental stressors that can accelerate the visible signs of aging. Ideal for all skin types, including mature.","Phenoxyethanol For the latest information, Carbomer, Butylene Glycol, Ubiquinone, Soluble Collagen, Olea Europaea (Olive) Fruit Oil, Squalane, Carboxymethyl Chitosan Succinamide, Hydrogenated Lecithin, Tocopherol, Dipotassium Glycyrrhizate, Olea Europaea (Olive) Leaf Extract, Aloe Barbadensis Leaf Juice, it is recommended to review the ingredient list printed on the packaging of the product prior to usage or consumption., Biotin, Xanthan Gum, Water/Aqua/Eau, Glycerin, Polyglyceryl-10 Myristate, Sodium Hyaluronate, Pentylene Glycol, Ascorbyl Tetraisopalmitate, Potassium Hydroxide, Serine","Aging Skin: Loss of FirmnessApplication Area: FaceIdeal for these Concerns: Aging Skin, Free Radical DamageIngredient: Aloe Vera, Antioxidants, Coenzyme Q10, Hyaluronic Acid, Olive Oil, Vitamin C, Vitamin EMoisturizers: Face MoisturizerPreferences: Natural, Paraben-FreeSkin Care: MoisturizersSkin Type: Acne-Prone Skin, Combination Skin, Dry Skin, Mature Skin, Normal Skin, Oily Skin, Sensitive Skin","https://static.thcdn.com/productimg/original/11207519-2974867642196049.jpg, https://static.thcdn.com/productimg/original/11207519-1924859310025605.jpg, https://static.thcdn.com/productimg/original/11207519-1644859310056418.jpg, https://static.thcdn.com/productimg/original/11207519-1194859310098133.jpg, https://static.thcdn.com/productimg/original/11207519-1084859310138642.jpg, https://static.thcdn.com/productimg/original/11207519-1544859310173388.jpg"
Estée Lauder Advanced Night Repair Rescue Solution Serum with 15% Bifidus Ferment 20ml,Estée Lauder,82.0,Estée Lauder Advanced Night Repair Rescue Solution Serum with 15% Bifidus Ferment 20ml,"A fast-absorbing formula by Estée Lauder, developed to cool and visibly calm the complexion. The Advanced Night Repair Rescue Solution Serum with 15% Bifidus Ferment lends soothing benefits to sensitive skin,&nbsp;while hydrating and nourishing to result in long-lasting radiance. Powered by 15% bifidus ferment, the serum protects against feelings of dryness and discomfort, supporting the skin’s moisture barrier for a healthy-looking finish. Yeast extract works to diminish the appearance of redness and discoloration, while Tripeptide-32, the brand’s patented ingredient, encourages a visibly renewed and refreshed result. Ultra-lightweight, apply the&nbsp;liquid serum after cleansing to get the most from subsequent steps.","Ppg-6-Decyltetradeceth-30, Potassium Gluconate, Silybum Marianum (Lady'S Thistle) Extract, Disodium Edta, Sucrose, Carbomer, Butylene Glycol, Sodium Lactate, Yellow 5 (Ci 19140) <ILN51256>., Sodium Pca, Lens Esculenta (Lentil) Fruit Extract, Caprylyl Glycol, Bis-Peg-18 Methyl Ether Dimethyl Silane, Lactobacillus Ferment, Sodium Hydroxide, Water\Aqua\Eau, Caesalpinia Spinosa Gum, Tripeptide-32, Hexylene Glycol, Citrullus Lanatus (Watermelon) Fruit Extract, Anthemis Nobilis (Chamomile) Flower Extract, Polysorbate 80, Sodium Benzoate, Xanthan Gum, Glycerin, Bht, Bifida Ferment Lysate, Ethylhexylglycerin, Red 4 (Ci 14700), Hypnea Musciformis Extract, Magnolia Grandiflora Bark Extract, Pyrus Malus (Apple) Fruit Extract, Sodium Hyaluronate, Hydrolyzed Yeast Protein, Polygonum Cuspidatum Root Extract, Caffeine, Sapindus Mukorossi Fruit Extract, Potassium Sorbate, Ppg-5-Ceteth-20, Peg-8, Phenoxyethanol, Poria Cocos Sclerotium Extract",,"https://static.thcdn.com/productimg/original/14866367-1345066989746597.jpg, https://static.thcdn.com/productimg/original/14866367-1905078104714383.jpg, https://static.thcdn.com/productimg/original/14866367-1795078104764591.jpg, https://static.thcdn.com/productimg/original/14866367-1285189037373458.jpg, https://static.thcdn.com/productimg/original/14866367-3745189037405057.jpg, https://static.thcdn.com/productimg/original/14866367-2345189037429345.jpg"
Glo Skin Beauty Under Eye Concealer (0.11 oz.),Glo Skin Beauty,35.0,Glo Skin Beauty Under Eye Concealer (0.11 oz.),"What it is: Correct, conceal, protect, and brighten the under eye area with this mineral pigment powered under eye concealer duo. Creamy, longwearing concealer expertly lifts and corrects any unwanted tones and texture, with a nourishing formulation. What it does: Featuring two shades—a lighter to brighten and illuminate and a darker to blur and correct, this concealer duo is infused with antioxidants to protect and soothe, while imparting natural color in a semi-matte finish. Creating a “your skin but better” effect, each shade is buildable from medium to full coverage. Suitable for all skin types. Vegan, Cruelty Free, Gluten Free, Talc Free, Paraben Free, Sulfate Free, Phthalate Free.","Octyldodecanol, Retinyl Palmitate (Vitamin A), Copernicia Cerifera (Carnauba) Wax, CI 77499), Ascorbyl Palmitate (Vitamin C), Caprylic/Capric Triglyceride, Propylene Carbonate, Disteardimonium Hectorite, Euphorbia Cerifera (Candelilla) Wax, Polyethylene, Camellia Oleifera (Green Tea) Leaf Extract, it is recommended to review the ingredient list printed on the packaging of the product prior to usage or consumption., Carthamus Tinctorius (Safflower) Seed Oil, Iron Oxides (CI 77492, Zinc Oxide (CI 77947) For the latest information, (+/-): Titanium Dioxide (CI 77891), Tocopherol (Vitamin E), CI 77491, Jojoba Esters, Phenoxyethanol","Acne: WhiteheadsApplication Area: EyesIdeal for these Concerns: Acne, Dark Circles, HyperpigmentationCoverage: BuildableEye Makeup: Eye ConcealerMakeup: Eye MakeupPreferences: Certified Cruelty-Free",https://static.thcdn.com/productimg/original/11912265-2084868154343983.jpg
Christophe Robin Night Recovery Cream with White Lotus Flower 150ml,Christophe Robin,35.0,Christophe Robin Night Recovery Cream with White Lotus Flower 150ml,"This richly cocooning treatment complements natural night-time rest and renewal. It optimises hair strength from within so dry, weakened lengths feel fortified and more resistant to daily damage. In the morning, hair feels restored, beautifully supple with noticeable body and bounce.&nbsp;","Isopropyl Alcohol, Benzoic Acid, Aqua/Water/Eau, Butyrospermum Parkii (Shea) Butter, Panthenol, Polyquaternium-37, Hibiscus Sabdariffa Flower Extract, Stearamidopropyl Dimethylamine, Lactic Acid, Cocos Nucifera (Coconut) Oil, Oenothera Biennis (Evening Primrose) Oil, Caprylyl Glycol, Sodium Hydroxide, Glyceryl Stearate Se, Ricinus Communis (Castor) Seed Oil, Geraniol, Linalool, 1, Fragrance (Parfum), Benzyl Alcohol, Sodium Benzoate, Shea Butter Ethyl Esters, Cetearyl Alcohol, Theobroma Cacao (Cocoa) Seed Butter, Glycerin, Triticum Vulgare (Wheat) Protein, Coumarin, Tartaric Acid, 2-hexanediol, Nymphaea Alba Flower Extract, Hydroxypropylgluconamide, Tocopherol., Behentrimonium Chloride, Limonene, Potassium Sorbate, Gardenia Taitensis Flower, Hydroxypropylammonium Gluconate, Linum Usitatissimum (Linseed) Seed Oil, Phenoxyethanol",,"https://static.thcdn.com/productimg/original/12642445-8814984324025718.jpg, https://static.thcdn.com/productimg/original/12642445-1794984324083156.jpg, https://static.thcdn.com/productimg/original/12642445-1384984324138467.jpg, https://static.thcdn.com/productimg/original/12642445-6674984324206972.jpg"
SkinMedica Even and Correct Advanced Brightening Treatment 2 oz,SkinMedica,133.5,SkinMedica Even and Correct Advanced Brightening Treatment 2 oz,"FOR ALL SKIN TYPES This powerfully effective brightening treatment is a scientific breakthrough for discoloration. Proprietary technology features ultra-concentrated Lotus Seed Extract, Tranexamic Acid, and Niacinamide, plus antioxidant-rich Vitis Flower Stem Cell Extract, to help correct the appearance of uneven tone, hyperpigmentation, and dark spots, and prevent the appearance of future discoloration from forming. Use daily to treat visible skin discoloration and maintain bright, even skin. Hydroquinone-free and Retinol-free.","C12-15 Alkyl Benzoate, Polyacrylate-13, Niacinamide, Sucrose, Lecithin, Xanthophyll, Butylene Glycol, Caprylic/Capric Triglyceride, Tranexamic Acid, Phytic Acid, Phenylethyl Resorcinol, 2-Hexanediol, 1, Caprylhydroxamic Acid For the latest information, it is recommended to review the ingredient list printed on the packaging of the product prior to usage or consumption., Disodium EDTA, Polyisobutene, Water/Aqua/Eau, Glycerin, Ethylhexylglycerin, Sodium Hyaluronate, Vitis Vinifera (Grape) Flower Cell Extract, Trehalose, Diethylhexyl Syringylidenemalonate, Polysorbate 20, Sclareolide, Nelumbo Nucifera Germ Extract, Propanediol, Hydroxyacetophenone, Phenoxyethanol",,"https://static.thcdn.com/productimg/original/14215551-4605018981793162.jpg, https://static.thcdn.com/productimg/original/14215551-9205018981860995.jpg, https://static.thcdn.com/productimg/original/14215551-1035172458260116.jpg, https://static.thcdn.com/productimg/original/14215551-1705172458291751.jpg, https://static.thcdn.com/productimg/original/14215551-2085172458328231.jpg"
Glasshouse Fragrances Sunkissed in Bermuda Triple Scented Candle 380g,Glasshouse Fragrances,50.0,Glasshouse Fragrances Sunkissed in Bermuda Triple Scented Candle 380g,"It's not a dream, the pink sand, the gentle breeze that blows tangelo, grapefruit and geranium to billow linen as if the sun has a smell. Bermuda is where shorts were born, and where shipwrecks happen most. It's no wonder we can't wait to get there. Fragrance Notes: Top: Pear, Ambrette, Tea, Blood Orange, Ruby Pomelo Middle: Rose, Geranium, Magnolia, Grenadine Base: Red Fruits, Wood, Dry Amber","Soy Wax For the latest information, it is recommended to review the ingredient list printed on the packaging of the product prior to usage or consumption.",,"https://static.thcdn.com/productimg/original/15069728-1495121617121399.jpg, https://static.thcdn.com/productimg/original/15069728-5705121617134899.jpg"
Caswell-Massey Lilac Eau de Toilette Discovery 0.25 fl. oz,Caswell-Massey,30.0,Caswell-Massey Lilac Eau de Toilette Discovery 0.25 fl. oz,"Lilac Eau de Toilette is a delicate, fresh feminine floral that perfectly replicates the gorgeous aroma of the fleeting annual blossoming of this intoxicating flower. Effervescent top notes of sparkling bergamot and leafy green accord unfold into a romantic heart of living floral lilac and muguet. A dusting of suede is enhanced by the sensual warmth of amber at the dry-down. Top: sparkling bergamot, leafy green accord Middle: living floral lilac, muguet Base: suede, amber","Alcohol Denat., Blue 1 (CI 42090), it is recommended to review the ingredient list printed on the packaging of the product prior to usage or consumption., Fragrance (Parfum), Amyl Cinnamal, Benzyl Benzoate, Butyl Methoxydibenzoylmethane, Linalool, Limonene, Ethylhexyl Salicylate, Ext. Violet 2 (CI 60730), Red 33 (CI 17200), Methyl 2-Octynoate. For the latest information, Citral, Citronellol, Water (Aqua/Eau), Hexyl Cinnamal, Ethylhexyl Methoxycinnamate",,"https://static.thcdn.com/productimg/original/14855092-1135065703304057.jpg, https://static.thcdn.com/productimg/original/14855092-1285065703333511.jpg"
Moroccanoil All in One Leave-in Conditioner 5.4 oz,Moroccanoil,32.0,Moroccanoil All in One Leave-in Conditioner 5.4 oz,"Moroccanoil All in One Leave-in Conditioner is a lightweight leave-in that works instantly on all hair types to detangle and hydrate while guarding against breakage and thermal damage. The multitasking formula improves manageability while nourishing and softening the hair for up to 72 hours and reducing breakage by 49%. Fragranced with the Moroccanoil signature scent, a blend of spicy amber and sweet floral notes. Clinical Results: According to an independent lab study, All in One Leave-in Conditioner: Reduces breakage by 49% Protects against breakage and thermal damage Nourishes and softens the hair for up to 72 hours After using All in One Leave-in Conditioner: 100% said hair felt moisturized 95% said product increased shine on hair 95% said hair felt softer 90% said hair looked and felt revived Key Benefits: Instantly detangles Imparts long-lasting softness and silky texture Protects against breakage and thermal damage* Hydrates and prevents moisture loss Equalizes porosity Key Ingredients: Argan Oil: Extremely rich in tocopherols (Vitamin E), essential fatty acids and antioxidants, this natural oil helps to nourish. Naturally Derived Sugars: Act as an anti-dehydration shield to protect the integrity of the hair fiber. Pure Amino Acids: Vegetable-based keratin alternative increases hair strength, enhances elasticity, and improves combability. Sunflower Seed Oil: Provides excellent moisturizing and conditioning properties. Quinoa Extract: Helps retain moisture, provide nutrients, smooth hair, and increase shine. Barley Extract: Rich in phenols and flavonoids, known to provide antioxidant activity.","Stearamine Oxide, Behentrimonium Methosulfate, Isopropyl Alcohol, Cetrimonium Chloride, Aqua/Water/Eau, Trideceth-12, Hordeum Vulgare Seed Extract, Hydrolyzed Quinoa, Glucose, Cetyl Alcohol, Caprylic/Capric Triglyceride, Guar Hydroxypropyltrimonium Chloride, Threonine, Cinnamidopropyltrimonium Chloride, Amodimethicone, Polyquaternium-11, Chitosan, C12-13 Pareth-9, Olealkonium Chloride, Propanediol, it is recommended to review the ingredient list printed on the packaging of the product prior to usage or consumption., Helianthus Annuus (Sunflower) Seed Oil, Dimethicone, Anhydroxylitol, Algin, Phenoxyethanol. MOLIC01 For the latest information, Benzyl Alcohol, Caprylic/Capric Glycerides Polyglyceryl-10 Esters, Xylitol, Sodium Benzoate, Arginine HCL, Argania Spinosa (Argan) Kernel Oil, Cetearyl Alcohol, Hydrolyzed Rice Protein, Glycerin, Wheat Amino Acids, Citric Acid, Behentrimonium Chloride, Polyquaternium-7, Glyceryl Stearate SE, Potassium Sorbate, Serine, Xylitylglucoside, Parfum/Fragrance, Soy Amino Acids",,"https://static.thcdn.com/productimg/original/12759324-9465045960962830.jpg, https://static.thcdn.com/productimg/original/12759324-1665118069267879.jpg, https://static.thcdn.com/productimg/original/12759324-1695115184916280.jpg, https://static.thcdn.com/productimg/original/12759324-1785115184885095.jpg, https://static.thcdn.com/productimg/original/12759324-1685176093580658.jpg"
jane iredale Smooth Affair Mattifying Face Primer 50ml,jane iredale,55.0,jane iredale Smooth Affair Mattifying Face Primer 50ml,"A weightless face primer designed to mattify skin, help balance oil production and blur the appearance of pores and fine lines for smooth makeup application and a naturally matte finish.","Octyldodecanol, Sodium Dehydroacetate, Carbomer, Polymethylsilsesquioxane, Cyanidium Caldarium Extract, Caprylyl Glycol, Titanium Dioxide (Ci 77891), Pelargonium Capitatum Leaf Extract, Iron Oxides (Ci 77491) For the latest information, it is recommended to review the ingredient list printed on the packaging of the product prior to usage or consumption., Algin, Dimethicone, Arginine, Laureth12, Glycerin, Aluminum Hydroxide, Ethylhexylglycerin, Hibiscus Syriacus Bark Extract, Ingredients/Ingrédients: Water (Aqua), Potassium Sorbate, Polysilicone-11",,"https://static.thcdn.com/productimg/original/13881803-1505094969061101.jpg, https://static.thcdn.com/productimg/original/13881803-1324976549992875.jpg"
ClarityRx Rehab Mediterranean Detoxifying Mud Mask (1.7 oz.),ClarityRx,41.0,ClarityRx Rehab Mediterranean Detoxifying Mud Mask (1.7 oz.),"Put your skin into check with ClarityRx Rehab Mediterranean Detoxifying Mud Mask, a deeply purifying face treatment made with a blend of powerful clarifying ingredients. Enriched with vitamins, pure herbal extracts and nourishing oils, your skin is never overly stressed from the mask and is instead left revived, clear and refined.","Aloe vera gel, soidum benzoate, glycerin, dead sea mud, dead sea salt, clyceryl stearate, hops extract, bentonite, cetyl alcohol, fragrant oil, it is recommended to review the ingredient list printed on the packaging of the product prior to usage or consumption., ginseng extract, jojoba oil, burdock root extract, kaolin, sqaualene, sage leaves extract, sodium hyaluronate, rosemary leaves extract, potassium sorbate, mediterranean mud, phenoxyethanol, fullers earth, citric acid. For the latest information","Application Area: FaceIngredient: Alpha Hydroxy Acids, Herbal Extracts, Hyaluronic AcidPreferences: Natural, Paraben-FreeSkin Care: Skin Care TreatmentsSkin Care Treatments: Face MasksSkin Type: Acne-Prone Skin, Combination Skin, Dry Skin, Mature Skin, Normal Skin, Oily Skin, Sensitive Skin",https://static.thcdn.com/productimg/original/12901340-3904925407010610.jpg
Valmont Face Exfoliant 50ml,Valmont,110.0,Valmont Face Exfoliant 50ml,"Discover the secret to silky skin with this unique formulation of cellulose microparticles delivered in a silky cream. An exceptionally gentle scrub, part of Valmont's Purity Skincare Collection, that cleanses the skin without compromising on comfort.","Isocetyl Stearoyl Stearate, Peg-100 Stearate, Butyrospermum Parkii (Shea) Butter, Carbomer, Behenyl Alcohol, Caprylic/Capric Triglyceride, Cellulose Acetate, Propylene Glycol, Tocopherol, Sodium Hydroxide, 2-Hexanediol, 1, it is recommended to review the ingredient list printed on the packaging of the product prior to usage or consumption., Fragrance (Parfum), Helianthus Annuus (Sunflower) Seed Oil, Linalool Bl1A For the latest information, Xanthan Gum, Ethylhexylglycerin, Water (Aqua), Hydroxycitronellal, Polyglycerin-3, Isopropyl Myristate, Limonene, Citronellol, Glyceryl Stearate, Phenoxyethanol",,https://static.thcdn.com/productimg/original/14678756-1475181557724747.jpg
Rahua Heat Protectant Shield 7.5 fl oz,Rahua,46.0,Rahua Heat Protectant Shield 7.5 fl oz,"Plant-based leave-in spray protects against heat damage, nourishes strands and leaves hair smooth and healthy. Key Benefits: Acts as a primer Protects from heat damage to reduce breakage Hydrates and nourishes hair Adds health and shine"" Key Ingredients: Heat Resistant Plant Complex: Shields strands from heat styling tools and improves hair's elasticity, preventing breakage African Shea Butter: Provides advanced thermal protection Amazonian Rahua, Sacha Inchi and Morete Oils treat and strengthen strands Organic Hibiscus Flower Extract: Packed with antioxidants, reduces damage, supports healthy hair color, boosts shine and hair health.","Mauritia Flexuosa (Morete) Fruit Oil, Organic Avocado Oil, Organic Plukenetia Volubilis (Sacha Inchi) Seed Oil, Prunus Amygdalus Dulcis (Sweet Almond) Oil, Natural Aroma*, Oenocarpus Bataua (Rahua Ungurahua) Oil, Propanediol*, Coco Glucoside*, Ricinus Communis (Castor) Seed Oil, Isopropyl Myristate*, Cetyl Alcohol*, Hydrolyzed Quinoa Protein, Organic Hibiscus Flower Sabdariffa Extract, it is recommended to review the ingredient list printed on the packaging of the product prior to usage or consumption., Panthenol*, Organic Butyrospermum Parkii (Shea) Butter, Stearalkonium Chloride*, Potassium Sorbate. *Denotes plant derived ingredient For the latest information, Citric Acid*, Aqua",,"https://static.thcdn.com/productimg/original/14197979-1035010762108045.jpg, https://static.thcdn.com/productimg/original/14197979-1225133040857156.jpg"
ClarityRx Get Clean Crushed Bamboo Exfoliator (1.7 oz.),ClarityRx,37.0,ClarityRx Get Clean Crushed Bamboo Exfoliator (1.7 oz.),"ClarityRx Get Clean Crushed Bamboo Exfoliator delicately polishes away dull, dead skin, stimulating skin renewal for a fresher, glowing complexion. Jojoba beads further encourage skin cell turnover, while rosemary, calendula and cucumber soothe and calm irritations. Clarity is improved and skin texture is left refined and soft.","Sodium PCA, Butyrospermum Parkii (Shea) Butter, Coralina Officinalis Extract, Water, Cetyl Alcohol, Ocimum Sanctum Leaf Extract, Melia Azadirachta Leaf Extract, Ocimum Dasilcum (Basil) Extract, Allantoin, Stearic Acid, Rosmarinus Officinalis (Rosemary) Extract, Simmondsia Chinensis (Jojoba) Seed Oil, Melia Azadirachta Bark Extract, Moringa Oleifera Seed Oil, Carica Papaya (Papaya) Fruit Extract, Aloe Barbadensis Leaf Juice, Coccinia Indica Fruit Extract, it is recommended to review the ingredient list printed on the packaging of the product prior to usage or consumption., Carthamus Tinctorius (Safflower) Seed Oil, Calendula Officinalis Flower Extract, Xanthan Gum, Solanum Melongena (Eggplant) Fruit Extract, Chamomile Recutia (Matricaria) Flower Extract, Glycerin, Aloe Barbadensis Extract, Ethylhexylglycerin, Oryza Sativa (Rice) Powder, Bambusa Arundinacea Stem Extract, Fragrance, Cucumis Sativus (Cucumber) Fruit Extract, Melia Azadirachta Flower Extract, Vitis Vinifera (Grape) Seed Oil, Bambusa Arundinacea Leaf Extract. For the latest information, Curcuma Longa (Turmeric) Root Extract, Jojoba Esters, Titanium Dioxide, Cellulose Gum, Phenoxyethanol, Ananas Sativus (Pinepple) Fruit Extract","Application Area: FaceCleansers and Exfoliators: Exfoliants Peels and ScrubsPreferences: Natural, Paraben-FreeSkin Care: Cleansers and ExfoliatorsSkin Type: Acne-Prone Skin, Combination Skin, Dry Skin, Mature Skin, Normal Skin, Oily Skin, Sensitive Skin","https://static.thcdn.com/productimg/original/12901333-4174904473938060.jpg, https://static.thcdn.com/productimg/original/12901333-1764904473983102.jpg, https://static.thcdn.com/productimg/original/12901333-8824904474049798.jpg, https://static.thcdn.com/productimg/original/12901333-1724904474116515.jpg"
R+Co Two-Way Mirror Smoothing Oil 2 oz,R+Co,37.0,R+Co Two-Way Mirror Smoothing Oil 2 oz,"Boost softness and shine with R+Co's Two-Way Mirror Smoothing Oil. Infused with essential oils and vitamin E, it restores hydration and protects the hair, helping target and restore frizzy, damaged and dehydrated hair. Key Ingredients: Weightless Silicone Complex: adds softness and shine without weighing hair down or feeling greasy Tocopherol: a form of vitamin E with powerful antioxidants, it fights against free radical damage and acts as a moisturizer Bixa Orellana Seed Oil: known for its powerful emollient benefits, it deeply hydrates and softens hair Key Benefits: Adds softness and shine Doesn't weigh hair down or feel greasy Fights against free radical damage Vegan, cruelty and paraben-free","Sesamum Indicum (Sesame) Seed Oil, Butyrospermum Parkii (Shea) Butter, Brassica Campestris (Rapeseed) Seed Oil, Caprylic/Capric Triglyceride, Ocimum Sanctum Leaf Extract, Melia Azadirachta Leaf Extract, TBHQ, Astrocaryum Murumuru Seed Butter, Limnanthes Alba (Meadowfoam) Seed Oil, Tocopherol, Aloe Barbadensis Flower Extract, Coconut Alkanes, Moringa Oleifera Seed Oil, Simmondsia Chinensis (Jojoba) Seed Oil, Citral, Coccinia Indica Leaf Extract, Ocimum Basilicum (Basil) Flower/Leaf Extract, Eclipta Prostrata Extract, it is recommended to review the ingredient list printed on the packaging of the product prior to usage or consumption., Coco-Caprylate/Caprate, Bixa Orellana Seed Oil, Solanum Melongena (Eggplant) Fruit Extract, Limonene. For the latest information, Orbignya Speciosa Kernel Oil, Citric Acid, Cyclopentasiloxane, Melia Azadirachta Flower Extract, Dimethiconol, Curcuma Longa (Turmeric) Root Extract, Corallina Officinalis Extract, Argania Spinosa Kernel Oil, Parfum/Fragrance, Emblica Officinalis Fruit Extract","Application Area: HairIdeal for these Concerns: Damaged Hair, Free Radical Damage, Frizzy HairHair Care: Hair TreatmentsHair Treatments: Hair OilHair Type: Color-Treated Hair, Dry or Damaged Hair, Normal HairIngredient: Aloe Vera, Antioxidants, Dimethicone, Essential Oils, Herbal Extracts, Shea Butter, Vitamin C, Vitamin EPreferences: Certified Cruelty-Free, Paraben-Free, Vegan",https://static.thcdn.com/productimg/original/12902639-2034866427517991.jpg
VIRTUE Texturizing Spray Travel Size 65g,VIRTUE,20.0,VIRTUE Texturizing Spray Travel Size 65g,"Virtue Labs Texturizing Spray is a lightweight texturizing mist and styling spray that instantly adds definition, texture and to your hair. Formulated with our revolutionary Alpha Keratin 60ku® protein, this lightweight styling mist delivers lustrous, healthy shine while infusing hair with immediate, flexible and buildable texture. It helps to protect against UV damage and keep hair looking its healthiest. Non-sticky formula. Protects against UV damage. Color-safe, paraben-free, gluten-free.","Hydrofluorocarbon 152A, Benzoic Acid, Dimethyl Ether, Alpha Keratin, Sorbic Acid, Aqua (Water, Calcium Carbonate, Panthenol, Geranium Maculatum Extract, Aloe Barbadensis Leaf Extract, Butylene Glycol, Eau), Tocopheryl Acetate, Acetyl Triethyl Citrate, Melissa Officinalis Leaf Extract, Tocopherol, Benzophenone-4, Arnica Montana Flower Extract, Linalool, Alcohol Denat., Juniperus Communis (Juniper) Fruit Extract, it is recommended to review the ingredient list printed on the packaging of the product prior to usage or consumption., Chamomilla Recutita (Matricaria) Flower Extract, Dimethicone, VP/VA Copolymer, Calendula Officinalis Flower Extract, Chlorphenesin, Glycerin, Limonene. For the latest information, PEG/PPG-17/18 Dimethicone, Ethylhexylglycerin, Salvia Officinalis (Sage) Leaf Extract, Phenoxyethanol, Hydroxycitronellal, Parfum (Fragrance), AMP-Isostearoyl Hydrolyzed Wheat Protein, Echinacea Angustifolia Extract, Helianthus Annuus (Sunflower) Seed Extract, Fucus Vesiculosus Extract",,https://static.thcdn.com/productimg/original/12526895-1664897450375830.jpg
Oribe Côte d’Azur Restorative Body Crème 10.1 oz,Oribe,65.0,Oribe Côte d’Azur Restorative Body Crème 10.1 oz,"Indulgently rich, this crème envelops the skin in the scent of Côte d'Azur, Valley of Flowers and Desertland while providing the deepest hydration. The Scent: Côte d'Azur, seductively rich and effervescently fresh, the Oribe signature scent awakens with citrusy Calabrian bergamot, la mariposa blanca, or white butterfly jasmine - the Cuban national flower - and sandalwood.","C12-15 Alkyl Benzoate, Benzoic Acid, Sorbic Acid, Disodium Edta, Aqua/Water/Eau, Butyrospermum Parkii (Shea) Butter, Panthenol, Passiflora Edulis Seed Oil, Leontopodium Alpinum Extract, Borago Officinalis Seed Oil, Prunus Amygdalus Dulcis (Sweet Almond) Oil, Caprylic/Capric Triglyceride, Cetyl Alcohol, Ammonium Acryloyldimethyltaurate/Vp Copolymer, Hexyl Cinnamal, Beta-Carotene, Oryza Sativa (Rice) Bran Extract, Rosmarinus Officinalis (Rosemary) Leaf Extract, Stearic Acid, Caprylyl Glycol, Limnanthes Alba (Meadowfoam) Seed Oil, Glycine Soja (Soybean) Oil, Tocopherol, Isocetyl Stearate, Helianthus Annuus (Sunflower) Extract, Citral, Linalool, Hydrogenated Ethylhexyl Olivate, Propanediol, Steareth-2, Myristyl Myristate, Oryza Sativa (Rice) Bran Oil, Aloe Barbadensis Leaf Juice, it is recommended to review the ingredient list printed on the packaging of the product prior to usage or consumption., Dimethicone, Hydrogenated Olive Oil Unsaponifiables, Benzyl Alcohol, Sodium Benzoate, Xanthan Gum, Chlorphenesin, Cetearyl Alcohol, Glycerin, Daucus Carota Sativa (Carrot) Root Extract, Ethylhexylglycerin, Citric Acid, Cinnamal. A111 For the latest information, Shorea Stenoptera Seed Butter, Glyceryl Stearate, Aminomethyl Propanol, Sodium Hyaluronate, Vitis Vinifera (Grape) Seed Oil, Limonene, Palmitic Acid, Jojoba Esters, Potassium Sorbate, Citronellol, Peg-100 Stearate, Parfum/Fragrance, Tocopheryl Acetate, Phenoxyethanol",,"https://static.thcdn.com/productimg/original/13798735-4884952864194314.jpg, https://static.thcdn.com/productimg/original/13798735-1324952864252052.jpg, https://static.thcdn.com/productimg/original/13798735-3674952864302254.jpg, https://static.thcdn.com/productimg/original/13798735-1024952864357475.jpg, https://static.thcdn.com/productimg/original/13798735-2334952864412858.jpg"
Chantecaille Silver Willow Eye Duet 2.5g (Various Shades),Chantecaille,65.0,Chantecaille Silver Willow Eye Duet 2.5g (Various Shades),Limited-edition eye duo that pairs a luminous shimmer hue with a rich matte shade to create festive eye looks.,"Octyldodecanol, Diisostearyl Malate, Phenyl Trimethicone, Caprylic/Capric Triglyceride, Zea Mays (Corn) Starch, Yellow 5 Lake (Ci 19140) For the latest information, Squalane, Titanium Dioxide (Ci 77891) Shade 2: Synthetic Fluorphlogopite, Caprylyl Glycol, Titanium Dioxide (Ci 77891), Tocopherol, Mica, P-Anisic Acid, Glyceryl Caprylate, Polyisoprene, Rosa Hybrid (English Rose) Flower Extract, it is recommended to review the ingredient list printed on the packaging of the product prior to usage or consumption., Dimethicone, Zinc Stearate, Shade 1: Mica, Triethylhexanoin, Iron Oxides (Ci 77491/Ci 77492/Ci 77499), Bht, Ethylhexylglycerin, Talc, Nylon-12, Octyldodecyl Stearoyl Stearate",,"https://static.thcdn.com/productimg/original/15459341-1595170421306604.jpg, https://static.thcdn.com/productimg/original/15459341-7255170421374242.jpg, https://static.thcdn.com/productimg/original/15459341-1665170421437704.jpg, https://static.thcdn.com/productimg/original/15459341-2005170421523963.jpg, https://static.thcdn.com/productimg/original/15459341-1205170421601024.jpg, https://static.thcdn.com/productimg/original/15459341-7565170421679183.jpg, https://static.thcdn.com/productimg/original/15459341-1665170421762808.jpg"
Phyto Hair Colour by Phytocolor - 5.7 Light Chestnut 180g,Phyto,18.0,Phyto Hair Colour by Phytocolor - 5.7 Light Chestnut 180g,"PHYTO COLOR is a combination of cutting-edge technology and botanical research for a radiant, ultra shiny color: Covers 100% of gray hair right from the 1st application Guarantees long-lasting color As it is formulated like a treatment, PHYTO COLOR respects the hair and scalp and minimizes the risk of allergies. This easy-to-apply, smooth cream does not run and allows for precise, even distribution from the roots of the hair to the ends.","The botanical pigments contained in PHYTO COLOR have been used since Ancient times for their coloring properties: India wood, Brazilwood, madder, small horse and coreopsis. Their high concentrations provide a radiant, offering protection and leaving hair soft, its nourishing formula acts deep within the hair fiber, supple and ultra shiny., natural color and stunning glints. Enriched with botanical extracts",,https://static.thcdn.com/productimg/1600/1600/12267722-1104729524940626.jpg
jane iredale PureBronze Shimmer Bronzer Refill - Peaches & Cream 0.9g,jane iredale,48.0,jane iredale PureBronze Shimmer Bronzer Refill - Peaches & Cream 0.9g,"Brilliant shimmer bronzer palette with four complementary shades – blend together to create radiant, glowing looks or use individually as bronzer, highlighter, blush, and shadow. Key Benefits Versatile bronze palette refill for a naturally radiant glow. Pairs with our Refillable Compact for less waste. Blend shades together for a soft, glowy appearance. Use shades individually as bronzer, highlighter, blush and shadow. Lightweight, breathable coverage. Creamy formula won't settle into fine lines. Builds and blends effortlessly. Key Ingredients Pine Bark Extract protects, calms and soothes. Pomegranate Seed Oil protects, soothes and delivers antioxidant protection to help fight free radical production caused by sun exposure. Sunflower Seed Oil soothes and conditions skin and helps prevent trans epidermal water loss.","Pinus Strobus (Pine Bark) Extract, Boron Nitride, it is recommended to review the ingredient list printed on the packaging of the product prior to usage or consumption., Helianthus Annuus (Sunflower) Seed Oil, Stearic Acid, Dimethicone, CI 77492, CI 77499), CI 77491, Punica Granatum (Pomegranate) Extract. [+/-] Titanium Dioxide (CI 77891), Red 7 Lake (CI 15850). For the latest information, Mica, Iron Oxides (CI 77489, Red 30 Lake (CI 73360)",,"https://static.thcdn.com/productimg/original/14512017-5165040535202649.jpg, https://static.thcdn.com/productimg/original/14512017-8895040535279788.jpg, https://static.thcdn.com/productimg/original/14512017-1865040535351740.jpg, https://static.thcdn.com/productimg/original/14512017-2055040535425612.jpg"
ClarityRx Take It Easy Calming Serum 15ml,ClarityRx,48.94,ClarityRx Take It Easy Calming Serum 15ml,"Take It Easy™ Calming Serum&nbsp;is an all-natural formula used to reduce the appearance of redness and inflammation.&nbsp; Helps to significantly calm the skin while also improving texture, enhancing hydration and softening the skin. Key Ingredients: Hyaluronic Acid –&nbsp;helps reduce the visibility of fine lines and wrinkles by retaining moisture, creating a plumping effect in the skin. Also contains anti-inflammatory properties, which can help reduce the redness associated with rosacea and inflammation. Saccharide Isomerate –&nbsp;a deeply moisturizing, plant derived ingredient based on its unique composition, similar to that of the carbohydrate complex found in human skin and on its unique ability to bind to skin cells. Provides deep hydration and creates moisture that lasts. Chrysanthellum indicum –&nbsp;provides a documented effect on vascular wall permeability, improving the mechanical resistance of capillaries.","Saccharide Isomerate, it is recommended to review the ingredient list printed on the packaging of the product prior to usage or consumption., Ethylhexylglycerin, Butylene Glycol. For the latest information, Sodium Hyaluronate, Chrysanthellum Indicum Extract, Water, Phenoxyethanol",,"https://static.thcdn.com/productimg/original/14925194-5495085395908899.jpg, https://static.thcdn.com/productimg/original/14925194-5275085395948817.jpg, https://static.thcdn.com/productimg/original/14925194-1735085395997864.jpg"
PMD Personal Microderm Man (1 kit),PMD,175.0,PMD Personal Microderm Man (1 kit),"Achieve professional, spa-like results in the comfort of your home with PMD Personal MicroDerm - Man. This hand-held microdermabrasion device acts as a vacuum, suctioning off dead, dull skin cells while gently exfoliating to smooth the surface of both your face and body. As a result, the appearance of acne, large pores, fine lines and wrinkles are diminished. PMD Personal Microderm - Man includes: Personal Microdermabrasion Tool Large Body Exfoliation Cap (1 count) Small Facial Exfoliation Cap(1 count) Red Exfoliating Disk - very coarse (2count) Blue Exfoliating Disk - sensitive (4 count) Green Exfoliating Disk - medium (2 count)","N/A For the latest information, it is recommended to review the ingredient list printed on the packaging of the product prior to usage or consumption.","Acne: Acne ScarsApplication Area: Body, FaceIdeal for these Concerns: Acne, Ingrown Hairs, Large PoresMen: Men's EssentialsProfessional Tools and Devices: MicrodermabrasionSkin Care: Professional Tools and Devices","https://static.thcdn.com/productimg/original/11443354-1074969505605272.jpg, https://static.thcdn.com/productimg/original/11443354-1294969505673816.jpg, https://static.thcdn.com/productimg/original/11443354-9204969505755557.jpg"
Christophe Robin Shade Variation Mask - Warm Chestnut 250 ml,Christophe Robin,53.0,Christophe Robin Shade Variation Mask - Warm Chestnut 250 ml,"Enhance your colour with the Christophe Robin New Shade Variation Care in Warm Chestnut, a nourishing hair mask designed to enrich natural and colour-treated hair with rich caramel tones. The rich hair mask seeks to refresh your hair colour by enveloping the hair with a highly-pigmented formula. Hair appears more vibrant, bolder and silky-smooth as the colour-protecting hair mask delivers a vibrancy-boosting effect.","Cetrimonium Chloride, Disodium Edta, Aqua/Water/Eau, Butyrospermum Parkii (Shea) Butter, Prunus Amygdalus Dulcis (Sweet Almond) Oil, Cetyl Alcohol, Hydrogenated Vegetable Oil, Basic Red 76, Ci 60730 (Ext. Violet 2)., Basic Yellow 57, Tocopherol, Mauritia Flexuosa Fruit Oil, Fragrance (Parfum), Sodium Benzoate, Basic Brown 16, Cetearyl Alcohol, Theobroma Cacao (Cocoa) Seed Butter, Glycerin, Basic Brown 17, Bht, Ethylhexyl Methoxycinnamate, Citric Acid, Behentrimonium Chloride, Sericin, Basic Blue 99, Potassium Sorbate, Tocopheryl Acetate",,"https://static.thcdn.com/productimg/original/12635442-1574978576231143.jpg, https://static.thcdn.com/productimg/original/12635442-5584936839440475.jpg, https://static.thcdn.com/productimg/original/12635442-1034936839488460.jpg"
Illamasqua Skin Base Foundation 1 fl. oz.,Illamasqua,37.0,Illamasqua Skin Base Foundation 1 fl. oz.,"Create a flawless complexion every day with Illamasqua's Skin Base Foundation. This lightweight, easily blendable foundation smooths, softens and conditions your skin. Its buildable coverage allows you to create the coverage you desire ranging from a matte look with a subtle sheen to a more natural finish for a fresh-faced look. Key Benefits: Lightweight and blendable Suitable for most skin types Softens and conditions skin Matte look with a subtle sheen Cruelty-free","Aqua (Water), Niacinamide, Phenyl Trimethicone, Butylene Glycol, Peg/Ppg-18/18 Dimethicone, Isostearic Acid, Cetyl Peg/Ppg-10/1 Dimethicone, Disteardimonium Hectorite, Stearic Acid, Parfum (Fragrance) [+/- May Contain: Ci 77491 (Iron Oxides), Mica, Ci 77891 (Titanium Dioxide), Methylparaben, it is recommended to review the ingredient list printed on the packaging of the product prior to usage or consumption., Dimethicone, Sodium Ascorbyl Phosphate, Polymethyl Methacrylate, Ci 77492 (Iron Oxides), Ci 77002 (Aluminum Hydroxide)]. For the latest information, Peg-10 Dimethicone, Glycerin, Dimethicone/Methicone Copolymer, Silica, Dimethicone Crosspolymer, Hydrogenated Polyisobutene, Cyclopentasiloxane, Cyclometahicone, Paraffinum Liquidum (Mineral Oil), Sodium Hyaluronate, Ci 77499 (Iron Oxides), Talc, Tocopheryl Acetate, Phenoxyethanol","Application Area: FaceCoverage: BuildableFace Makeup: FoundationFinish: MatteFoundation: Liquid FoundationMakeup: Face MakeupPreferences: Certified Cruelty-FreeIdeal for these Skin Types: Acne-Prone Skin,Combination Skin,Dry Skin,Mature Skin,Normal Skin,Oily Skin,Sensitive Skin","https://static.thcdn.com/productimg/original/11264625-1294880122592832.jpg, https://static.thcdn.com/productimg/original/11264625-6114869428256768.jpg, https://static.thcdn.com/productimg/original/11264625-2074869428298771.jpg, https://static.thcdn.com/productimg/original/11264625-8164869428354817.jpg, https://static.thcdn.com/productimg/original/11264625-1764880122639605.jpg"
Estée Lauder Revitalizing Supreme+ Night Power Bounce Crème Moisturiser 50ml,Estée Lauder,135.0,Estée Lauder Revitalizing Supreme+ Night Power Bounce Crème Moisturiser 50ml,"The nighttime revolution. Boost. Protect. Optimize. Boost your skin's bounce and firmness at night-and see a more lifted look. Plump and deeply hydrate skin until morning and beyond. Soon visible signs of collagen loss are reduced-skin looks more lifted, feels firmer, with wrinkles and neck lines visibly reduced. And every night, you'll love the magical sensation of the transformative texture melting from dense to weightless on your skin. With this peptide night cream: 15% visible line reduction in just one sleep.(1) Wrinkles and neck lines look reduced over time. Bounce back in just 4 hours.(2) 92% said skin bounce improved.(3) CLINICAL TESTING PROVED: MORE NIGHT POWER BENEFITS +116% moisture boost immediately. (4) In just 4 hours, skin is bouncier. (2) -31% visible irritation within hours. (5) +20% radiance boost upon waking. (1) +15% smoother feeling upon waking. (1) 100% of panelists woke up to significantly higher moisture levels. (1) Skin looks more youthful-firmer and less lined. UNIQUE TRANSFORMING TEXTURE, IDEAL AT NIGHT The extraordinary Bounce Creme texture magically transforms from dense in the jar to weightless on your skin. Bi-layer bouncy texture. Melts on contact to glide over your skin with a silky caress. Absorbs quickly-perfect for bedtime. Plus, Double Anti-Pore Power: 1. OILY PORES look reduced 2. SAGGING PORES bounce back Overall, oil control is boosted. The glass jar is recyclable. For all ages, skintypes and skintones. (1) Clinical testing on 25 women 12 hours after a single nighttime product application. (2) Clinical testing on 28 women after 1 product application. (3) Consumer testing on 165 women, after using product for 3 weeks. (4) Clinical testing on 25 women after a single product application. Key Ingredients: OPTIMIZE WITH COLLANIGHT-8 TM Did you know? Skin's natural collagen production peaks at night. Night Power Bounce Creme, with exclusive CollaNight-8 TM technology, leverages our 40 years of Night Science Expertise-and 30 years of Collagen Research. Keeps skin feeling firm and bouncy, and looking younger and smoother. Our CollaNight-8 TM superblend includes eight powerhouse ingredients to help support skin's natural collagen, including potent Acetyl Hexapeptide-8, our exclusive Moringa Extract, our exclusive Hibiscus Morning Bloom Extract, concentrated Algae Extract, Sigesbeckia Extract and Vitamin E. The anti-oxidants and skin-soothing ingredients in CollaNight-8 TM help address irritation and environmental stressors that can impact collagen, leading to the appearance of lines, wrinkles, loss of firmness and other signs of aging.","Isododecane, Ppg-2 Myristyl Ether Propionate, Disodium Edta, Bis-Diglyceryl Polyacyladipate-2, Butyrospermum Parkii (Shea) Butter, Narcissus Tazetta Bulb Extract, Carbomer, Laminaria Saccharina Extract, Castor Oil/Ipdi Copolymer, Butylene Glycol, Butylene/Ethylene/Styrene Copolymer, Hibiscus Sinensis Flower Extract, Algae Extract, Cetyl Alcohol, Hydrolyzed Rice Extract, Potassium Sorbate For the latest information, Hydroxyacetophenone, Hordeum Vulgare Extract\Extrait D'Orge, Acrylates/C10-30 Alkyl Acrylate Crosspolymer, Whey Protein\Lactis Protein\Protéine Du Petit-Lait, Peg-40 Stearate, Sorbitan Stearate, Propylene Glycol Dicaprate, Tetrahexyldecyl Ascorbate, Moringa Oleifera Seed Extract, Sodium Hydroxide, Water\Aqua\Eau, Sucrose (Organic Brown Sugar), Sigesbeckia Orientalis (St. Paul'S Wort) Extract, Polyethylene, Laminaria Digitata Extract, Silybum Marianum Fruit Extract, Glycine Soja (Soybean) Seed Extract, Isoceteth-20, Triheptanoin, Fragrance (Parfum), it is recommended to review the ingredient list printed on the packaging of the product prior to usage or consumption., Peg-20 Methyl Glucose Sesquistearate, Acetyl Hexapeptide-8, Coco-Caprylate/Caprate, Acetyl Glucosamine, Chlorphenesin, C9-12 Alkane, Glycerin, Bht, Dilinoleic Acid/Butanediol Copolymer, Hydrogenated Polyisobutene, Opuntia Tuna Extract, C12-15 Alkyl Ethylhexanoate, Sodium Hyaluronate, Cucumis Sativus (Cucumber) Fruit Extract, Caffeine, Ethylene/Propylene/Styrene Copolymer, Glyceryl Stearate, Methyl Methacrylate Crosspolymer, Tocopheryl Acetate, Helianthus Annuus (Sunflower) Seed Extract, Phenoxyethanol",,"https://static.thcdn.com/productimg/original/15415609-2085176628465694.jpg, https://static.thcdn.com/productimg/original/15415609-2035176628478264.jpg, https://static.thcdn.com/productimg/original/15415609-2055176628496621.jpg, https://static.thcdn.com/productimg/original/15415609-7225176628519385.jpg, https://static.thcdn.com/productimg/original/15415609-4225176628549775.jpg, https://static.thcdn.com/productimg/original/15415609-1655176628576988.jpg, https://static.thcdn.com/productimg/original/15415609-1255176628603619.jpg, https://static.thcdn.com/productimg/original/15415609-1375176628623245.jpg"
NUDESTIX Nudescreen Daily Mineral Veil SPF30 50ml (Various Shades),NUDESTIX,36.0,NUDESTIX Nudescreen Daily Mineral Veil SPF30 50ml (Various Shades),"A multi-tasking mineral sunscreen, NUDESTIX’s Nudescreen Daily Mineral Veil SPF30 works to protect skin from UVA, UVB and blue light rays with a tinted glow. The hydrating formula helps to moisturise, prime and protect the complexion, while encouraging a skin warming colour for cool, warm, and deep tones. Featuring green algae and passionflower, the SPF cream seeks to brighten and nourish the visage for an ultra-radiant-looking result. Vegan and cruelty-free.","Cool: Active Ingredients: Zinc Oxide 15%. Inactive Ingredients: Aqua/Water/Eau, Distarch Phosphate, Polyhydroxystearic Acid, Ethyl Ferulate, Octyldodecanol, Mica (Ci77019), Butylene Glycol, Mica (Ci 77019), ingredient lists or claims shown here may differ from the box of the product depending on time and global region of purchase., Isostearic Acid, Caprylic/Capric Triglyceride, Iron Oxides (Ci 77499), Iron Oxides (Ci 77491), Triethyl Citrate, Passiflora Edulis Fruit Extract, Titanium Dioxide (Ci 77891), Lactobacillus Ferment, Iron Oxides (Ci77491), Coconut Alkanes, Polyglyceryl-4 Diisostearate/Polyhydroxystearate/Sebacate, Spirulina Platensis Extract, 2-Hexanediol, 1, Iron Oxides (Ci 77492), Sorbitan Oleate, Camellia Sinensis Leaf Extract. Hot: Active Ingredients: Zinc Oxide 15%. Inactive Ingredients: Aqua/Water/Eau, Benzyl Alcohol, Coco-Caprylate/Caprate, Zinc Stearate, Sodium Chloride, Camellia Sinensis Leaf Extract. Warm: Active Ingredients: Zinc Oxide 15%. Inactive Ingredients: Aqua/Water/Eau, Quaternium-90 Bentonite, Camellia Sinensis Leaf Extract. **Nudestix formulations are updated from time to time as part of the brand's commitment to innovation and maintaining global compliance. Therefore, Methyl Dihydroabietate, Propanediol, Hydroxyacetophenone, C13-15 Alkane",,"https://static.thcdn.com/productimg/original/13534988-1264928322164574.jpg, https://static.thcdn.com/productimg/original/13534988-6164928318445003.jpg, https://static.thcdn.com/productimg/original/13534988-1604928318515206.jpg, https://static.thcdn.com/productimg/original/13534988-1094928318594973.jpg, https://static.thcdn.com/productimg/original/13534988-6254928318689632.jpg, https://static.thcdn.com/productimg/original/13534988-1604928318789556.jpg, https://static.thcdn.com/productimg/original/13534988-1924928318882457.jpg"
Eminence Organic Skin Care Hibiscus Ultra Lift Neck Cream 1.7 fl. oz,Eminence Organic Skin Care,98.0,Eminence Organic Skin Care Hibiscus Ultra Lift Neck Cream 1.7 fl. oz,"Eminence Organics Hibiscus Ultra Lift Neck Cream is a miracle worker for your neck and decolletage area, the most tell-tale areas to show signs of aging. This highly potent neck lift cream helps rejuvenate and tighten the skin. The blend of hibiscus and botanical hyaluronic acid keeps skin looking firm and rich in moisture. All-natural active ingredients give sagging skin a boost from paprika and edelweiss to ensure the neck looks smooth and instantly lifted. Gluten-free, Nut-free, Vegan. Key Benefits Visible results in as little as 2 minutes. The elasticity of skin is improved to instantly look lifted and tightened Wrinkles are smoothed and appear reduced The neck and décolletage area is revitalized and hydrated for younger-looking skin","Aqua (Water), Butyrospermum Parkii (Shea) Butter, Leontopodium Alpinum (Edelweiss) Callus Culture Extract, Biocomplex2TM [Euterpe Oleracea (Acai) Fruit Extract*, Orbignya Oleifera (Babassu) Seed Oil*, Hibiscus Sabdariffa (Hibiscus) Flower Extract*, Capsicum Annuum (Paprika) Extract*, Behenyl Alcohol, Sodium Citrate, Thioctic Acid (Alpha Lipoic Acid) and Ubiquinone (Coenzyme Q10)]. *Certified organic ingredient Eminence Organics is constantly innovating their product formulations to deliver the best results. For the latest information, Vegetable Heptyl Glucoside, Ribes Rubrum (Red Currant) Fruit Extract, Zingiber Officinale (Ginger) Root Extract, Lauryl Lactate, Tropolone, Iron Oxides, Dodonaea Viscosa ('A'ali'i) Flower Extract, Olea Europaea (Olive) Leaf Extract*, Cocos Nucifera (Coconut) Oil, Cocos Nucifera (Coconut) Water*, Rosmarinus Officinalis (Rosemary) Leaf Extract*, Caprylyl Glycol, Ferulic Acid, Euphorbia Cerifera (Candelilla) Wax, Sodium Hydroxide, Myrciaria Dubia (Camu Camu) Fruit Extract*, Beta Vulgaris (Beet) Root Extract*, 2-Hexanediol, Hydrolyzed Soy Protein, 1, Daucus Carota Sativa (Carrot) Root Extract*, Gardenia Florida Oil, it is recommended to review the ingredient list printed on the packaging of the product prior to usage or consumption., Butyrospermum Parkii (Shea) Butter*, Arginine, Centaurea Cyanus (Cornflower) Extract*, Glycine Soja (Soybean) Germ Extract*, Xanthan Gum, Rosmarinus Officinalis (Rosemary) Leaf Extract* and Vegetable Glycerin*], Pipterus Albidus (Māmaki) Leaf Extract, Lycium Barbarum (Goji) Fruit Extract*, Organic Phytonutrient BlendTM [Aloe Barbadensis (Aloe) Leaf Juice*, Plant-Derived Maltodextrin*, Acacia Senegal (Acacia) Gum, Cetearyl Alcohol, Tetrasodium Glutamate Diacetate, Trifolium Pratense (Red Clover) Flower Extract*, Glycerin, Theobroma Cacao (Cocoa) Seed Butter, Tocopheryl Acetate (Vitamin E), Arachidyl Alcohol, Panthenol (Provitamin B5), Citrus Limon (Lemon) Juice*, Persea Gratissima (Avocado) Oil*, Adansonia Digitata (Baobab) Fruit Extract*, Sambucus Nigra (Elderflower) Flower Extract*, Emblica Officinalis (Indian Gooseberry) Fruit Extract*, Vegetable Glycerin*, Sodium Hyaluronate (Botanical Hyaluronic Acid), Helianthus Annuus (Sunflower) Seed Oil*, Arachidyl Glucoside, Malpighia Glabra (Barbados Cherry) Fruit Extract*, Gardenia Taitensis (Monoi) Flower Extract, Schizandra Chinensis (Five Flavor Berry) Extract*, Vitis Vinifera (Grape) Seed Extract*, Glyceryl Stearate, Vegetable Glycerin, Lithium Magnesium Sodium Silicate, Niacinamide (Vitamin B3)","Aging Skin: Fine Lines and Wrinkles, Loss of FirmnessApplication Area: Decollete, NeckIdeal for these Concerns: Aging Skin, Free Radical DamageIngredient: Aloe Vera, Coconut Oil, Essential Oils, Hyaluronic Acid, Panthenol, Shea Butter, Vitamin EPreferences: Certified Cruelty-Free, Certified Organic, Fragrance-Free, Gluten-Free, Natural, Paraben-Free, Phthalate-Free, Sulfate-Free, VeganSkin Care: Skin Care TreatmentsSkin Care Treatments: Decollete Neck CreamsSkin Type: Combination Skin, Dry Skin, Mature Skin, Normal Skin, Oily Skin, Sensitive Skin","https://static.thcdn.com/productimg/original/11370452-9244872074089377.jpg, https://static.thcdn.com/productimg/original/11370452-1774866732444582.jpg, https://static.thcdn.com/productimg/original/11370452-1024864246443564.jpg, https://static.thcdn.com/productimg/original/11370452-7284864246532478.jpg"
Dermstore Exclusive Black Baccara Set (Worth $125.00),Miriam Quevedo,95.0,Dermstore Exclusive Black Baccara Set (Worth $125.00),"Restore hair and scalp with the Black Baccara Haircare Christmas Set from miriam quevedo. This festive hair care set is designed to reverse the signs of aging and transform hair back to a healthier state.&nbsp; It works from the follicle to the fiber to stimulate growth and delivers superior rejuvenation, strength and hydration for healthier, shinier hair with renewed texture and manageability.&nbsp; Black Baccara Haircare Christmas Set 2021 includes:&nbsp;&nbsp; Shampoo (250 ml.): A luxurious and restorative treatment shampoo.&nbsp; Mask (250 ml.): A reparative hair growth mask.&nbsp; Texturizing Wave Mist Spray (150 ml.): A hair texturizing spray to give your hair a shinier look.&nbsp; Key Ingredients:&nbsp; Black Baccara Rose Youth Concentrate: provides intense protection against internal and external stressors, while constantly adapting based on lifestyle and environment to prevent and defend against aging caused prematurely by our daily routines&nbsp; Fresh Rose Stem Cells: contains special epigenetic factors and metabolites to preserve hair follicle’s stem cells’ function, increasing stem cell vitality, boosting regeneration and protecting against environmental stress&nbsp; Hair Growth Factors: act at the heart of hair follicle, targeting multiple hair growth regulators, to prevent and stop hair loss while also stimulating growth&nbsp; Key Benefits:&nbsp; Gently cleanses while preventing hair growth disturbances due to our environment and lifestyle&nbsp; Intensely moisturizes, nourishes and revitalizes hair and scalp while preventing hair growth disturbances due to our environment and lifestyle&nbsp; Adds volume and texture&nbsp;","Oryza Sativa (Rice) Seed Protein, Lactitol, Lactic Acid, Threonine, Zingiber Officinale (Ginger) Root Extract, Benzyl Alcohol. Shampoo: Aqua (Water), Phytic Acid, Rhododendron Ferrugineum Leaf Cell Culture Extract, Riboflavin, Biotin, Peg-120 Methyl Glucose Trioleate, Wheat Amino Acids, Betaine, Citric Acid, Hydrolyzed Chestnut Extract, Gold, Parfum (Fragrance), Ascorbyl Tetraisopalmitate, Gluconolactone, Maltodextrin, Hydroxyacetophenone, C12-15 Alkyl Benzoate, Sepiolite Extract, Boswellia Serrata Resin Extract, Niacinamide, Sodium Lauroyl Methyl Isethionate, Rhodiola Rosea Root Extract, Cetyl Alcohol, Glycol Distearate, 1, Dimethyl Isosorbide, Polyquaternium-6, Hydroxypropyl Guar Hydroxypropyltrimonium Chloride, Arginine, Copper, Sodium Benzoate, Tetrasodium Glutamate Diacetate, Glycerin, Ci 77491 (Iron Oxides). Mask: Aqua (Water), Cocamidopropyl Betaine, Sodium Chloride, Sodium Cocoyl Apple Amino Acids, Isomalt, Polyquaternium-7, Hydroxypropylammonium Gluconate, Phospholipids, Propanediol, Tocopheryl Acetate, Behentrimonium Methosulfate, Sorbic Acid, Acetyl Tetrapeptide-3, Vitis Vinifera (Grape) Fruit Extract, Lecithin, Yeast Extract, Sodium Hydroxide, Mica, Texturizing Wave Mist: Aqua (Water), Salvia Hispanica Seed Oil, Glutamylamidoethyl Imidazole, Benzyl Alcohol, Sodium Ascorbyl Phosphate, Calcium Gluconate, Cetearyl Alcohol, Tartaric Acid, Moringa Oleifera Seed Extract/Moringa Pterygosperma Seed Extract, Pvp, Potassium Sorbate, Hydroxypinacolone Retinoate, Dextran, Oryza Sativa (Rice) Extract, Soy Amino Acids, Phenoxyethanol, Parfum (Fragrance). For the latest information, Peg-7 Glyceryl Cocoate, Panthenol, Butylene Glycol, Caprylyl Glycol, Tocopherol, Moringa Oleifera Seed Extract, Ci 77891 (Titanium Dioxide), Arginine Hcl, Hexylene Glycol, Inositol, it is recommended to review the ingredient list printed on the packaging of the product prior to usage or consumption., Trifolium Pratense (Clover) Flower Extract, Xylitol, Silver, 2-hexanediol, Ethylhexylglycerin, Hydroxypropylgluconamide, Rosa Hybrid Flower Extract, Peg-40 Hydrogenated Castor Oil, Maltodextrin/Vp Copolymer, Propylene Glycol, Serine","Application Area: Hair, ScalpConcern: Damaged Hair, Dryness and Dehydration, Frizzy Hair, Hair Loss and Thinning Hair, Hypersensitive SkinFragrance Note: FloralHair Care: Hair Care Kits and Value SetsHair Type: Coarse Hair, Color-Treated Hair, Curly Hair, Dry or Damaged Hair, Fine Hair, Normal Hair, Oily HairIngredient: Essential Oils, Keratin, Peptides, Plant Stem CellsPreferences: Certified Cruelty-Free, Clean, Paraben-Free, VeganSkin Type: Acne-Prone Skin, Combination Skin, Dry Skin, Mature Skin, Normal Skin, Oily Skin, Sensitive Skin","https://static.thcdn.com/productimg/original/13175660-1024884692706069.jpg, https://static.thcdn.com/productimg/original/13175660-1794876484432508.jpg, https://static.thcdn.com/productimg/original/13175660-3924876484469840.jpg"
ESPA Energising Body Oil 3.3 fl. oz.,ESPA,70.0,ESPA Energising Body Oil 3.3 fl. oz.,"ESPA's Energising Body Oil harnesses the power of aromatherapy to awaken and refresh the skin and senses. This nourishing body oil combines stimulating peppermint, refreshing eucalyptus and clarifying rosemary to combat fatigue, reenergize the skin and invigorate the senses with a pleasant aromatic experience. Key Ingredients: Peppermint: re-energizes Eucalyptus: refreshes Rosemary: clarifies and awakens Key Benefits: This lightweight body oil deeply nourishes the skin Blended with essential oils that provide a refreshing aromatic experience Ideal for all skin types","Persea Gratissima (Avocado) Oil, Prunus Amygdalus Dulcis (Sweet Almond) Oil, Caprylic/Capric Triglyceride, Beta-Carotene, Glycine Soja (Soybean) Oil, Citral, Geraniol, Linalool, Litsea Cubeba Fruit Oil, it is recommended to review the ingredient list printed on the packaging of the product prior to usage or consumption., Helianthus Annuus (Sunflower) Seed Oil, Eucalyptus Globulus Leaf Oil, Coumarin, Daucus Carota Sativa (Carrot) Root Extract, Lavandula Angustifolia (Lavender) Oil, Daucus Carota Sativa (Carrot) Seed Oil, Limonene, Fragrance* (Parfum), Mentha Piperita (Peppermint) Oil, Ascorbyl Palmitate. *100% Natural Fragrance. For the latest information, Citronellol, Tocopheryl Acetate, Rosmarinus Officinalis (Rosemary) Leaf Oil","Application Area: BodyBath and Body: Lotions and OilsIdeal for these Concerns: Dryness and DehydrationFragrance Note: FreshIngredient: Essential OilsLotions and Oils: Body OilPreferences: Certified Cruelty-Free,Non-Comedogenic,Paraben-Free,Phthalate-Free,Sulfate-FreeIdeal for these Skin Types: Dry Skin","https://static.thcdn.com/productimg/1600/1600/12226489-7684768410015780.jpg, https://static.thcdn.com/productimg/1600/1600/12226489-2354768410176208.jpg"
Alterna CAVIAR Anti-Aging Replenishing Moisture Conditioner 8.5 oz,Alterna,37.0,Alterna CAVIAR Anti-Aging Replenishing Moisture Conditioner 8.5 oz,"A luxurious conditioner that works to restore moisture while protecting hair from color fade, daily stresses and future damage.","Isopropyl Alcohol, Isododecane, Cetrimonium Chloride, Disodium Edta, Butyrospermum Parkii (Shea) Butter, Isopentyldiol, Trideceth-12, Iodopropynyl Butylcarbamate, Butylene Glycol, Fragrance (Parfum). (10-16-35826) For the latest information, Saccharomyces/Magnesium Ferment, Sodium Acetate, Acetic Acid, Hydrolyzed Vegetable Protein Pg-Propyl Silanetriol, Guar Hydroxypropyltrimonium Chloride, Polysilicone-15, Glycereth-26, Laureth-9, Caviar Extract, Tocopheryl Acetate, Amodimethicone, Caprylyl Glycol, Tocopherol, Saccharomyces/Zinc Ferment, Ascorbic Acid, Alaria Esculenta Extract, Peg-4, it is recommended to review the ingredient list printed on the packaging of the product prior to usage or consumption., Helianthus Annuus (Sunflower) Seed Oil, Dimethicone, Peg-4 Laurate, Benzyl Alcohol, Sodium Benzoate, Water/Aqua/Eau, Peg-4 Dilaurate, Cetearyl Alcohol, Hydrolyzed Rice Protein, Glycerin, Superoxide Dismutase, Saccharomyces/Copper Ferment, Citric Acid, Isohexadecane, Behentrimonium Chloride, Jojoba Esters, Potassium Sorbate, C11-15 Pareth-7, Hydroxyethylcellulose, Phospholipids, Linum Usitatissimum (Linseed) Seed Oil, Saccharomyces/ Iron Ferment, Phenoxyethanol, Saccharomyces/Silicon Ferment",,"https://static.thcdn.com/productimg/original/11524820-1575011482787017.jpg, https://static.thcdn.com/productimg/original/11524820-1684979067111099.jpg, https://static.thcdn.com/productimg/original/11524820-1264979067158382.jpg, https://static.thcdn.com/productimg/original/11524820-2064979067247980.jpg"
Replenix Gly-Sal 10-2 Clarifying Pads (60 count),Replenix,36.5,Replenix Gly-Sal 10-2 Clarifying Pads (60 count),"Replenix Gly-Sal 10-2 Clarifying Pads are medicated with 10% pure glycolic acid and 2% salicylic acid to effectively unclog pores, eliminate dead skin and gently exfoliate. Combined with witch hazel, these medicated pads deliver astringent and toning benefits, promoting glowing, clear skin. Due to a manufacturer packaging change, item received may vary from product image","Glycolic Acid, it is recommended to review the ingredient list printed on the packaging of the product prior to usage or consumption., Polysorbate-20, Disodium EDTA, Sodium Benzoate, Ammonium Hydroxide, SD Alcohol (13& v/v), Active: Salicylic Acid 2%. Innactive: Purified Water, Imidazolidinyl Urea. For the latest information, Witch Hazel, Acetone","Acne: Acne ScarsApplication Area: FaceCleansers and Exfoliators: Exfoliants Peels and ScrubsIdeal for these Concerns: Acne, Large PoresIngredient: Glycolic Acid, Salicylic Acid, Witch HazelPreferences: Oil-Free, Paraben-Free, Sulfate-FreeSkin Type: Acne-Prone Skin",https://static.thcdn.com/productimg/original/11296433-3034869687874020.jpg
Sachajuan Silver Shampoo 8.4 oz,Sachajuan,31.0,Sachajuan Silver Shampoo 8.4 oz,"Sachajuan Silver Shampoo washes away impurities while maintaining cool-toned blondes with powerful UV protection and yellow-neutralizing violet pigments. Algae-derived carrageenan extracts work to nourish each individual strand to leave hair looking lustrous and sleek. As a result, color-treated hair holds onto light hues longer and is less susceptible to breakage.","Peg-7 Glyceryl Cocoate, Parfum, Dimethtlpabamidopropyl Laurdimonium Tosylate, Sodium Acetate, Hexyl Cinnamal, Peg-150 Pentaerythrityl Tetrasterate, Caprylyl/Capryl Glucoside, Linalool, Cocamidopropyl Betaine Glycereth-2 Cocoate Peg-4 Rapeseedamide, it is recommended to review the ingredient list printed on the packaging of the product prior to usage or consumption., Hydroxypropyl Guar Hydroxypyl Trimonium Chloride, Sodium Laureth Sulfate, Sodium Benzoate, Chrondus Crispus Extract, Trisodium Sulfosuccinate CI 60730, Glycerin, Sodium Chloride, Peg-6 Caprylic/Capric Glycerides, Citric Acid, Sodium Sulfate, Limonene, Isopropyl Alcohol. For the latest information, Polyquaternium-10, Aqua",Application Area: HairHair Care: ShampooHair Type: Color-Treated HairIngredient: Algae ExtractShampoo: Color Shampoo,"https://static.thcdn.com/productimg/original/11220951-5455065930605228.jpg, https://static.thcdn.com/productimg/original/11220951-4794885784524059.jpg"
Dermalogica Active Moist Moisturizer 5.1 oz,Dermalogica,98.0,Dermalogica Active Moist Moisturizer 5.1 oz,"Dermalogica's Active Moist is a sheer, easytoapply formula contains Prebiotic Moisture Complex and a unique combination of plant extracts that help improve surface texture and combat surface dehydration. Natural botanical extracts of Lemon, Cucumber and Burdock help to refine the skin.","Saccharide Isomerate, Malva Sylvestris (Mallow) Flower Extract, Hydrolyzed Jojoba Esters, Butylene Glycol, Sodium Citrate, Caprylic/Capric Triglyceride, Allantoin, Triethyl Citrate, Acrylates/C10-30 Alkyl Acrylate Crosspolymer, Stearic Acid, Leuconostoc/Radish Root Ferment Filtrate, Caprylyl Glycol, Sodium Hydroxide, Coconut Alkanes, Citrus Aurantium Bergamia (Bergamot) Fruit Extract, Lavandula Angustifolia (Lavender) Flower/Leaf/Stem Extract, Citral, Arctium Lappa Root Extract, Linalool, Hedera Helix (Ivy) Extract, Citrus Limon (Lemon) Fruit Extract, it is recommended to review the ingredient list printed on the packaging of the product prior to usage or consumption., Methyl Gluceth-20, Dimethicone, Nasturtium Officinale Extract, Coco-Caprylate/Caprate, Water/Aqua/Eau, Cetearyl Alcohol, Tetrasodium Glutamate Diacetate, Limonene. For the latest information, Polysorbate 60, Ethylhexylglycerin, Citric Acid, Aminomethyl Propanol, Pentylene Glycol, Cucumis Sativus (Cucumber) Fruit Extract, Palmitic Acid, Citrus Limon (Lemon) Peel Extract, Glyceryl Stearate, Lavandula Hybrida Flower Extract, Propanediol, Polyquaternium-10, Myristic Acid",,https://static.thcdn.com/productimg/original/14220123-1215047315532937.jpg
NEOM Perfect Nights Sleep Essential Oil Blend 1 fl. oz,NEOM,48.0,NEOM Perfect Nights Sleep Essential Oil Blend 1 fl. oz,"100% NATURAL FRAGRANCES TO BOOST YOUR WELLBEING Scent to sleep English lavender, sweet basil &amp; jasmine A complex blend of 19 of the purest possible essential oils including English lavender, sweet basil and jasmine, all expertly blended to help you relax and prepare for sleep. NO HARSH CHEMICALS. NO ARTIFICIAL COLOURS.","Lavandula Hybrida (Lavandin) Oil, Illiceum Verum (Aniseed) Fruit / Seed Oil, Ocimum Basilicum (Basil) Oil, I-Limonene, Pogostemon Cablin (Patchouli) Leaf Oil, Aniba Rosaeodora (Rosewood) Wood Oil, Citral, Geraniol, Eugenol. For the latest information, Linalool, Benzyl Benzoate, it is recommended to review the ingredient list printed on the packaging of the product prior to usage or consumption., Pelargonium Graveolens (Geranium) Oil, Pelargonium Graveolens (Geranium) Extract, Anthemis Nobilis (Chamomile) Flower Oil, Juniperus Mexicana (Cedarwood) Wood Oil, Lavandula Hybrida Grosso (Lavandin) Herb Oil, Boswellia Carterii (Frankincense Oil, Coumarin, Lavandula Angustifolia (Lavender) Oil, Citrus Aurantium Dulcis (Orange) Peel Oil Expressed, Limonene, Jasminum Officinale (Jasmine) Flower Extract",,"https://static.thcdn.com/productimg/original/13482936-5734928014178337.jpg, https://static.thcdn.com/productimg/original/13482936-1914928013261519.jpg, https://static.thcdn.com/productimg/original/13482936-8974924386176685.jpg, https://static.thcdn.com/productimg/original/13482936-1734924384743846.jpg, https://static.thcdn.com/productimg/original/13482936-6134924385731707.jpg, https://static.thcdn.com/productimg/original/13482936-1514924384841637.jpg, https://static.thcdn.com/productimg/original/13482936-3744924385773815.jpg, https://static.thcdn.com/productimg/original/13482936-1174924384935834.jpg"
Chantecaille 24K Gold Energizing Face Cream 50ml,Chantecaille,445.0,Chantecaille 24K Gold Energizing Face Cream 50ml,"A luxurious treatment balm infused with 24-karat gold and a vegan gold peptide to create unparalleled anti-aging power. This lightly hydrating formula is enriched with high-performance botanicals that reduce the look of multiple signs of aging: lines, wrinkles and dullness. Crafted in Switzerland with the highest quality pure botanicals. 79% from Natural Origin Key Benefits: Gold Heptapeptide: Softens the appearance of wrinkles* Bionymph Peptide Stem Cell Extract: Fights the anti-aging process on all fronts softening the appearance of fine lines * Tripeptide: Reduces the appearance of lines and wrinkles to promote a smoother looking complexion* Pullalan/Algae Extracts: A tensing agent that creates a smooth film on skin to instantly and visibly reduces the appearance of lines. It also works over time to promote more firm looking skin* A blend of Butcher's Broom, Centella and Marigold helps sooth skin diminishing visible redness* Plantago Extract: Allotted antioxidant and soothing properties Microalgae Extract: Helps promote more toned looking skin and reduce the appearance of redness* Vitamin E/White Tea/Coneflower Extracts: Powerful antioxidants Borage and Evening Primrose Oil: Soften and moisturize skin Jasmine/Orange/Mimosa Flower Waxes: Emollient and softening to skin * Tests performed on ingredient.","Sorbitol, Nicotiana Sylvestris Leaf Cell Culture, Acetyl Heptapeptide-9, Iron Oxides (Ci 77491) 79% D'Origine Naturelle. 79% From Natural Origin. For the latest information, Centella Asiatica Leaf Extract, Borago Officinalis Seed Oil, Ananas Sativus (Pineapple) Fruit Extract, Ppg-25-Laureth-25, Phytic Acid, Titanium Dioxide (Ci 77891), Glyceryl Stearate Se, Glyceryl Caprylate, Myristyl Myristate, Laureth-7, Citrus Aurantium Amara (Bitter Orange) Flower Wax, Undecylenic Acid, Citric Acid, Ascorbyl Tetraisopalmitate, Alcohol, Maltodextrin, Citronellol, Nannochloropsis Oculata Extract, Pullulan, Ascorbyl Palmitate, Jasminum Grandiflorum (Jasmine) Flower Wax, Cetyl Alcohol, Ethylhexyl Palmitate, Ammonium Glycyrrhizate, Squalane, Sorbitan Tristearate, Plantago Lanceolata Extract, Linalool, Rosa Damascena Flower Oil, C13-14 Isoparaffin, Sodium Benzoate, Glycerin, Propanediol, Pelargonium Graveolens Oil, Tocopheryl Acetate, Sorbic Acid, Sodium Dehydroacetate, Diphenyl, Acacia Dealbata Flower Wax, Stearic Acid, Peg-40 Stearate, Camellia Sinensis Leaf Extract, Rosmarinus Officinalis (Rosemary) Extract, Mica, Ruscus Aculeatus Root Extract, Benzyl Alcohol, Calendula Officinalis Flower Extract, Escin, Polyacrylamide, Palmitoyl Tripeptide-5, Potassium Sorbate, Methyl Methacrylate Crosspolymer, Phenoxyethanol, Benzoic Acid, Chlorella Vulgaris Extract, Butyrospermum Parkii (Shea) Butter, Panthenol, Butylene Glycol, Rosa Damascena Flower Water, Sodium Citrate, Bisabolol, Colloidal Gold, Oenothera Biennis (Evening Primrose) Oil, Caprylyl Glycol, Sodium Polyacrylate, Tocopherol, Citral, Geraniol, Hexylene Glycol, it is recommended to review the ingredient list printed on the packaging of the product prior to usage or consumption., Dimethicone, Xanthan Gum, Cyclopentasiloxane, Sodium Hyaluronate, Dimethiconol, Hydrolyzed Yeast Protein, Peg-8, Echinacea Angustifolia Extract",,"https://static.thcdn.com/productimg/original/14235222-5795045426860113.jpg, https://static.thcdn.com/productimg/original/14235222-4705045426906850.jpg, https://static.thcdn.com/productimg/original/14235222-8605045426947212.jpg, https://static.thcdn.com/productimg/original/14235222-5865045427001074.jpg, https://static.thcdn.com/productimg/original/14235222-1545045427046326.jpg"
Sisley Paris Purifying Re-Balancing Lotion With Tropical Resins 125ml,Sisley Paris,115.0,Sisley Paris Purifying Re-Balancing Lotion With Tropical Resins 125ml,"A true 3-in-1 skin care lotion, Purifying Re-balancing Lotion purifies, refines and softens the skin. It visibly reduces imperfections and minimizes shiny areas; pores look smaller, the skin's texture is refined and the complexion appears fresh and luminous. The formula helps reduce the appearance of redness from skin imperfections creating a clear and comfortable, matte complexion. Non-comedogenic.","Limonene. Il#1APlease Note That The Ingredient List In The Composition Of Sisley And Hair Rituel By Sisley-Paris May Change Or Vary Over Time. Please Refer To The Product Packaging You Receive Before Using For The Most Up To Date Ingredient List. For the latest information, Boswellia Carterii Resin Extract, Salicylic Acid, Disodium Edta, Panthenol, Butylene Glycol, Styrax Benzoin Resin Extract, Sodium Hydroxide, Commiphora Abyssinica Resin Extract, Geraniol, Linalool, Benzyl Benzoate, Alchemilla Vulgaris Extract, Alcohol Denat., it is recommended to review the ingredient list printed on the packaging of the product prior to usage or consumption., Fragrance (Parfum), Xanthan Gum, Glycerin, Alpha-Isomethyl Ionone, Water/Eau (Aqua), Amyl Cinnamal, Citric Acid, Peg-40 Hydrogenated Castor Oil, Orthosiphon Stamineus Extract, Maltodextrin, Phenoxyethanol",,"https://static.thcdn.com/productimg/original/14662431-7355167581574632.jpg, https://static.thcdn.com/productimg/original/14662431-8705167581611949.jpg, https://static.thcdn.com/productimg/original/14662431-5565167581649365.jpg"
Natura Bissé C+C Vitamin Cream (2.5 oz.),Natura Bissé,148.0,Natura Bissé C+C Vitamin Cream (2.5 oz.),"Natura Bisse's C+C Vitamin Cream helps you achieve a more hydrated, firm and glowing complexion. Designed to diminish the appearance of wrinkles, dark spots and free radical damage, this brightening moisturizer is powered by vitamin C, provitamin D and turmeric oil to guard your skin against environmental aggressors and thwart skin aging. Key Ingredients: Antioxidants: shield your skin from damaging free radicals Shea Butter: rehydrates and nourishes your skin to diminish dryness Vitamin C: lightens dark spots and protects your skin against environmental stressors Stabilized Ascorbic Acid: a potent antioxidant that reduces and prevents wrinkles, and improves skin elasticity and firmness Turmeric Oil: enhances the skin’s cellular defense mechanisms against oxidative stress, thus protecting the skin against damage caused by sun exposure Provitamin D: contributes to the generation of optimal levels of vitamin D, a key vitamin to prevent skin aging Key Benefits: Hydrates and makes skin look firm and supple Boosts luminosity to lend a revitalized complexion Helps diminish the appearance of dark spots and evens out skin tone Results in a radiant complexion Tip: For those exposed to plenty of sun, apply this regularly to help moisturize your skin and improve its appearance. For smokers, this is the ideal formula to restore a luminous appearance and revitalize dull complexions.","Hydrolyzed Collagen, Ascorbyl Palmitate, Octyldodecanol, Benzotriazolyl Dodecyl p-Cresol, Butyrospermum Parkii (Shea) Butter, Carbomer, PEG-75 Stearate, Sodium Citrate, Amyl Cinnamal. Formulations and ingredients may be occasionally modified. You can find up to date information about this product on its package and its leaflet. For the latest information, Cetearyl Ethylhexanoate, Rosa Canina Fruit Oil, Cetyl Alcohol, Beta-Carotene, Steareth-20, Sodium Hydroxide, Octadecyl Di-t-Butyl-4-hydroxyhydrocinnamate, Linalool, Ascorbic Acid, it is recommended to review the ingredient list printed on the packaging of the product prior to usage or consumption., Fragrance (Parfum), Helianthus Annuus (Sunflower) Seed Oil, Dimethicone, Disodium EDTA, Ceteth-20, Polyisobutene, Cetearyl Alcohol, Glycerin, PPG-3 Myristyl Ether, Ethylhexylglycerin, Citrus Aurantium Dulcis (Orange) Oil, Water (Aqua), 7-Dehydrocholesterol, Citric Acid, Anogeissus Leiocarpus Bark Extract, Citrus Nobilis (Mandarin Orange) Oil, Daucus Carota Sativa (Carrot) Seed Oil, Vitis Vinifera (Grape) Seed Oil, Limonene, Curcuma Longa (Turmeric) Root Extract, 3-O-Ethyl Ascorbic Acid, Cyclodextrin, Glyceryl Stearate, Propanediol, Tocopheryl Acetate, Phenoxyethanol","Aging Skin: Fine Lines and WrinklesApplication Area: Decollete, Face, NeckIdeal for these Concerns: Dryness and Dehydration, Free Radical Damage, HyperpigmentationFeatures: Adaptogenic Skin CareHyperpigmentation: Dark SpotsIngredient: Amino Acids, Antioxidants, Dimethicone, Essential Oils, Shea Butter, Vitamin C, Vitamin EMoisturizers: Face MoisturizerSkin Care: MoisturizersSkin Type: Acne-Prone Skin, Combination Skin, Dry Skin, Mature Skin, Normal Skin, Oily Skin, Sensitive Skin","https://static.thcdn.com/productimg/original/11329109-1375054464711284.jpg, https://static.thcdn.com/productimg/original/11329109-5645054464762764.jpg, https://static.thcdn.com/productimg/original/11329109-5665054464814127.jpg, https://static.thcdn.com/productimg/original/11329109-1245054464879161.jpg"
DermaQuest Nourishing Peptide Cream (2 oz.),DermaQuest,102.0,DermaQuest Nourishing Peptide Cream (2 oz.),"DermaQuest Nourishing Peptide Cream restores vitality to lackluster skin with a formula rich in antioxidants. Amino acids and peptides fade fine lines and wrinkles to restore youthful vibrancy while panthenol nourishes your complexion with essential hydration to restore health and luminosity. Due to a manufacturer packaging change, item received may vary from product image.","Ascorbyl Palmitate, Lecithin, Teprenone, Carbomer, Butylene Glycol, Ubiquinone, Cetyl Alcohol, Caprylic/Capric Triglyceride, Tocopheryl Linoleate/Oleate, Allantoin, Citric Acid. For the latest information, Acrylates/C10-30 Alkyl Acrylate Crosspolymer, Cyclotetrapeptide-24 Aminocyclohexane Carboxylate, Sodium Polyacrylate, Caprylyl Glycol, Palmitoyl Pentapeptide-4, Camellia Sinensis Leaf Extract, Water(Aqua), Tocopherol, Ectoin, Aloe Barbadensis Leaf Juice Powder, Arabidopsis Thaliana Extract, Darutoside, Magnesium Aluminum Silicate, Cetyl Octanoate, Hexylene Glycol, Ascorbic Acid, PPG-12/SMDI Copolymer, Sodium Chondroitin Sulfate, Adenosine Triphosphate, Brassica Campestris / Aleurites Fordi Oil Copolymer, Dimethicone, Glycine Soja (Soybean) Sterols, Ceteareth-20, Disodium EDTA, it is recommended to review the ingredient list printed on the packaging of the product prior to usage or consumption., Xanthan Gum, Plankton Extract, Cetearyl Alcohol, Centella Asiatica Extract, Glycerin, Retinyl Palmitate, Ergothioneine, PEG-8, Ethylhexylglycerin, Phenoxyethanol, Linoleic Acid, Sodium Hyaluronate, Ethoxydiglycol, Micrococcus Lysate, Polysorbate 20, Alcohol, Hydrolyzed Vegetable Protein, Imperata Cylindrica Root Extract, Phospholipids, Tocopheryl Acetate, Hydrolyzed Elastin","Aging Skin: Fine Lines and WrinklesApplication Area: Face, NeckIdeal for these Concerns: Aging Skin, Free Radical DamageIngredient: Aloe Vera, Alpha Hydroxy Acids, Amino Acids, Antioxidants, Dimethicone, Hyaluronic Acid, Peptides, Vitamin A, Vitamin EMoisturizers: Face MoisturizerPreferences: Certified Cruelty-Free, Paraben-FreeSkin Care: MoisturizersSkin Type: Acne-Prone Skin, Combination Skin, Dry Skin, Mature Skin, Normal Skin, Oily Skin, Sensitive Skin",https://static.thcdn.com/productimg/original/11287247-6024866308022564.jpg
Elizabeth Arden SuperStart Skin Renewal Booster 50ml,Elizabeth Arden,106.0,Elizabeth Arden SuperStart Skin Renewal Booster 50ml,"Boost your skin's moisture and resilience with Elizabeth Arden's SUPERSTART Skin Renewal Booster , a hydrating elixir that works to strengthen skin's natural defences whilst boosting radiance. Caring for the surface of your skin is important; the health and condition of your skin's surface layer has a direct correlation to how radiant and youthful your skin looks. With this in mind, the SuperStart Skin Renewal Booster expertly targets the skin's surface, supporting healthy skin cells and strengthening the natural moisture barrier to ensure skin is left resilient and hydrated. Boosting natural defences and the effectiveness of your skincare regimen, the formula will fortify the skin's ability to repair and renew itself, so you can feel confident your skin looks and feels protected, radiant and younger-looking. Suitable for all skin types.",,,"https://static.thcdn.com/productimg/original/11282264-2104918738516428.jpg, https://static.thcdn.com/productimg/original/11282264-1484918738464060.jpg, https://static.thcdn.com/productimg/original/11282264-1474911254162610.jpg, https://static.thcdn.com/productimg/original/11282264-6284911254201328.jpg, https://static.thcdn.com/productimg/original/11282264-1204911254250939.jpg, https://static.thcdn.com/productimg/original/11282264-5224911254291808.jpg"
KLORANE Soothing Shampoo 13.5 fl. oz,KLORANE,24.0,KLORANE Soothing Shampoo 13.5 fl. oz,"Soothe sensitive scalp naturally with the plant-based Shampoo with Peony, a calming and pH balanced shampoo for immediate and 24-hour scalp comfort.","Water (Aqua). Disodium Laureth Sulfosuccinate. Decyl Glucoside. Ceteareth-60 Myristyl Glycol. Lauryl Betaine. Laureth-3. Propylene Glycol. Paeonia Lactiflora Root Extract. Caprylyl Glycol. Citric Acid. Fragrance (Parfum). Maleic Acid. Polyquaternium-22. Red 33 (Ci 17200). Sodium Benzoate. Sodium Chloride. Trisodium Ethylenediamine Disuccinate For the latest information, it is recommended to review the ingredient list printed on the packaging of the product prior to usage or consumption.",,"https://static.thcdn.com/productimg/original/13888954-2075009645491809.jpg, https://static.thcdn.com/productimg/original/13888954-1214977029059245.jpg"
RMS Beauty Kakadu Beauty Oil 30ml,RMS Beauty,64.0,RMS Beauty Kakadu Beauty Oil 30ml,"Longwearing, crease-proof cream eyeshadows in 9 nourishing, metallic, buildable shades. Key Ingredients: Kakadu Plum Seed Oil: One of the most natural and stable forms of Vitamin C, this superfruit has a great source of antioxidants to help plump, brighten, and reduce the appearance of fine lines and wrinkles. Organic Jojoba Oil: Rich in antioxidants, Jojoba Oil mimics the natural oils found in our skin to allow for easy absorption of nourishing skin benefits, while creating a protective barrier from environmental stressors and free radicals. Wildcrafted Buriti Oil: Native to Brazil, Buriti Oil is rich with vitamins that offer potent antioxidant protection. RMS Adaptogenic Herbal Blend: A proprietary blend of 9 rare adaptogenic herbs that help to balance, hydrate, soothe, and soften the skin.","*Smilax Aristolochiifolia (Sarsaparilla) Root Extract, *Withania Somnifera (Ashwagandha) Root Extract, Citrus Aurantium Bergamia (Bergamot) Peel Oil, *Curcuma Longa (Turmeric) Root Extract, *Terminalia Ferdinandiana (Kakadu Plum) Seed Oil, *Hypericum Perforatum (St. John's Wart) Leaf Extract, *Glycyrrhiza Glabra (Licorice) Root Extract, Tocopherol (non-GMO), Juniperus Virginiana (Cedarwood) Oil, Geraniol, Pelargonium Graveolens (Geranium) Flower Oil, Linalool, Citrus Aurantium Dulcis (Orange) Peel Oil, it is recommended to review the ingredient list printed on the packaging of the product prior to usage or consumption., *Olea Europaea (Olive) Fruit Oil, Helianthus Annuus (Sunflower) Seed Oil, *Equisetum Arvense (Horsetail) Extract, Artemisia Vulgaris (Mugwort) Oil, *Calendula Officinalis (Marigold) Flower Extract, *Rosa Canina (Rose Hip) Fruit Oil, Ferula Galbaniflua Resin Oil, Limonene. For the latest information, *Simmondsia Chinensis (Jojoba) Seed Oil, Lavandula Angustifolia (Lavender) Oil, Rosa Damascena (Rose) Flower Oil, Copaifera Officinalis Resin, **Mauritia Flexuosa (Buriti) Fruit Oil, *Calophyllum Inophyllum (Tamanu) Seed Oil, Myrtus Communis (Myrtle) Oil",,"https://static.thcdn.com/productimg/original/15062869-1305129456998680.jpg, https://static.thcdn.com/productimg/original/15062869-1905129457019698.jpg, https://static.thcdn.com/productimg/original/15062869-2565130718265526.jpg, https://static.thcdn.com/productimg/original/15062869-1335130718296507.jpg, https://static.thcdn.com/productimg/original/15062869-1745132586878364.jpg, https://static.thcdn.com/productimg/original/15062869-4175129457042423.jpg, https://static.thcdn.com/productimg/original/15062869-1065129457072774.jpg, https://static.thcdn.com/productimg/original/15062869-1565129457100641.jpg"
Tarte Foundcealer Foundation Brush (1 piece),Tarte,34.0,Tarte Foundcealer Foundation Brush (1 piece),"Press and buff on comfortable, flawless medium-to-full coverage with this cruelty-free, vegan babassu Foundcealer™ Foundation Brush from Tarte Cosmetics. The high-density brush is made of extremely soft synthetic fibers of varying heights that mimic and outperform natural hair making it extremely easy to buff and blend this formula into the skin without streaking. Additionally, the hairs are ultra-dense so the gel formula does not absorb into the brush, leaving you with maximum pigment. Key Benefits: Dense, yet soft synthetic bristles Easily blends foundation Delivers custom coverage on the skin Vegan, cruelty-free","N/A For the latest information, it is recommended to review the ingredient list printed on the packaging of the product prior to usage or consumption.","Application Area: FaceCosmetic Tools: Makeup BrushesCoverage: Buildable, Full, MediumMakeup: Cosmetic ToolsMakeup Brushes: Face BrushesPreferences: Certified Cruelty-Free","https://static.thcdn.com/productimg/original/12915728-1054866567095796.jpg, https://static.thcdn.com/productimg/original/12915728-7174864794218829.jpg, https://static.thcdn.com/productimg/original/12915728-2145169119845431.jpg, https://static.thcdn.com/productimg/original/12915728-1735169119781318.jpg, https://static.thcdn.com/productimg/original/12915728-2075169119813898.jpg"
Erborian Skin Therapy Multi-Perfecting Night Oil-Serum (Various Volume),Erborian,59.0,Erborian Skin Therapy Multi-Perfecting Night Oil-Serum (Various Volume),"Skin Therapy is a new generation of face oil-serum, nourishing but not greasy, supercharged with 17 ingredients and 5 potent renowned add-ons that work from the very first night to visibly improve 7 skin concerns like appearance of fine lines, skin texture and complexion evenness. IN A BI-PHASE OIL-SERUM FOR ALL SKIN TYPES​: 1/AQUEOUS PHASE​ Which delivers all the powers of our super ingredients​ 2/ OIL PHASE​ That improves absorption of the ingredients​ ONCE SHAKEN THE 2 LAYERS BLEND TOGETHER TO CREATE THE PERFECT LIGHTWEIGHT TEXTURE SUITABLE FOR ALL SKIN TYPES (including combination and oily skins)! FROM THE 1ST NIGHT: 95% said skin feels softer, suppler, and texture is smoother.* AFTER 28 DAYS OF USE: 95% feel happier looking at their bare skin in the mirror* AFTER 28 DAYS OF USE: 93% feel more confident in their bare skin* *Consumer test on 41 volunteers# A powerhouse of ingredients that work in combination to deliver 7 benefits: APPEARANCE OF FINE LINES &amp; WRINKLES (2)​: Thanks to White &amp; Red Ginseng Root Extracts, Wild yam, Kigelia, horsetail, Licorice​ SKIN TEXTURE (1)​: Thanks to PHA known to help improve skin texture and zinc, known to help improve skin quality​ COMPLEXION EVENNESS (1)​: Yuzu extract known to help complexion evenness.​ LUMINOSITY (1)​: Thanks to Red Pepper and PHA which target skin luminosity​ PLUMPNESS (1)​: Thanks to Squalane &amp; Bamboo extract known to moisturize, while Hyaluronic Acid helps to keep the skin looking plumper.​ NOURISHMENT (1)​: Thanks to its oil-serum texture. ​ SUPPLENESS (1)​: Thanks to Hyaluronic acid which targets skins’ hydration leaving the skin more supple.&nbsp; SKIN THERAPY also brings COMFORT to the skin thanks to Japanese knotweed, Scutellaire skullcap, Chamomile, Green tea and Rosemary. Centella Asiatica is known for soothing properties.​ (1) Consumer test on 41 volunteers after 1st night​ (2) Consumer test on 41 volunteers after 14 days","it is recommended to review the ingredient list printed on the packaging of the product prior to usage or consumption., 2-Hexanediol - Citrus Junos Fruit Extract - Sodium Citrate - Sodium Chloride - Betaine - Zinc Pca - Avena Sativa Kernel Oil/Avena Sativa (Oat) Kernel Oil - Panax Ginseng Root Extract - Ophiopogon Japonicus Root Extract - Polygonatum Officinale Rhizome/Root Extract - Scrophularia Nodosa Extract - Phyllostachys Bambusoides Juice - Centella Asiatica Extract - Glycine Soja (Soybean) Oil - Glycyrrhiza Glabra (Licorice) Root Extract - Capsicum Annuum Fruit Extract - Dioscorea Villosa (Wild Yam) Root Extract - Polygonum Cuspidatum Root Extract - Kigelia Africana Fruit Extract - Scutellaria Baicalensis Root Extract - Equisetum Giganteum Extract - Rosmarinus Officinalis (Rosemary) Leaf Extract - Camellia Sinensis Leaf Extract- Chamomilla Recutita (Matricaria) Flower Extract - Lactobacillus Ferment - Sodium Hyaluronate - Pentylene Glycol - Tocopherol - Bisabolol - Citric Acid - Ethylhexylglycerin - Parfum/Fragrance - Hexyl Cinnamal - Alpha-Isomethyl Ionone - Linalool - Citronellol For the latest information, Aqua/Water - Glycerin - Caprylic/Capric Triglyceride - Gluconolactone - Helianthus Annuus (Sunflower) Seed Oil - Squalane - Coco-Caprylate/Caprate - Propanediol - Dicaprylyl Carbonate - Butylene Glycol - Arginine - Phyllostachys Bambusoides Extract - 1",,"https://static.thcdn.com/productimg/original/13927692-4825171377775631.jpg, https://static.thcdn.com/productimg/original/13927692-7065171377812675.jpg, https://static.thcdn.com/productimg/original/13927692-1795171377848624.jpg, https://static.thcdn.com/productimg/original/13927692-2025171377890360.jpg"
this works Perfect Hands Intense Moisture (75ml),this works,29.0,this works Perfect Hands Intense Moisture (75ml),"Keep your hands looking young with the this works Perfect Hands Intense Moisture; a multiple award winning hand cream which contains rose oil, mimosa and musk mallow to reduce the appearance of dark spots. With its fast penetrating, non-greasy formula, this hand cream even contains larch extract to tighten the skin and hyaluronic acid, coconut and glycerine to lock in moisture. - E.D this works Perfect Hands Intense Moisture (75ml) Multiple award winning Reduces the appearance of ageing and dark spots Fast penetrating, non-greasy formula Tightens the skin to keep it looking young Unisex","Cananga Odorata (Ylang Ylang) Flower Oil, Parfum, Caprylic/Capric Triglyceride, Eugenol, Sodium Stearoyl Lactylate, Caprylyl Glycol, Sodium Hydroxide, Citral, Geraniol, Linalool, Benzyl Benzoate, Pelargonium Graveolens (Geranium) Oil, Benzyl Alcohol, Rosa Damascena (Rose) Flower Absolute, Candelilla/Jojoba/Rice Bran Polyglyceryl-3 Esters, Cetearyl Alcohol, Glycerin, Acacia Dealbata (Mimosa) Absolute, Pogostemon Cablin (Patchouli) Oil, Galactoarabanin, Farnesol, Hibiscus Abelmoschus (Musk Mallow) Seed Oil, Galataric Acid, Isoeugenol, Sodium Hyaluronate, Brassica Napus (Rapeseed) Extract, Citrus Aurantium Bergamia (Bergamot) Fruit Oil, Limonene, Glyceryl Stearate SE, Benzyl Salicylate, Aqua, Citronellol, Glyceryl Stearate, Cedrus Atlantica (Cedarwood) Bark Oil, Phenoxyethanol",,https://static.thcdn.com/productimg/original/10524496-9154925715169614.jpg
KYPRIS Clearing Serum Balance & Soothe Facial Serum 47ml,KYPRIS,90.0,KYPRIS Clearing Serum Balance & Soothe Facial Serum 47ml,"Sweet talk your fussy, blemished complexion. Clearing Serum enlists balancing zinc, soothing lilac leaf stem cells, beautiful cherry blossom, and a selection of phytonutrient rich, botanical gems for the appearance of a balanced, happy complexion.","Ascorbyl Palmitate, Camellia Oleifera Leaf Extract, Sclerotium Gum, Phytosterols, Aqua/Water/Eau, Asiaticoside, Lecithin, Butyrospermum Parkii (Shea) Butter, Melaleuca Alternifolia (Tea Tree) Leaf Oil, Montmorillonite, Helianthus Annuus Hybrid Oil, Caprylic/Capric Triglyceride, Allantoin, Chenopodium Quinoa Seed Oil, Squalane, Prunus Cerasus (Sour Cherry) Flower Extract, Leuconostoc/Radish Root Ferment Filtrate, Salix Alba Bark Extract, Tocopherol, Ceramide Np, Linalool For the latest information, Citrus Limon (Lemon) Fruit Extract, Sodium Anisate, Aloe Barbadensis Leaf Juice, Sodium Levulinate, it is recommended to review the ingredient list printed on the packaging of the product prior to usage or consumption., Helianthus Annuus (Sunflower) Seed Oil, Glycerin, Syringa Vulgaris (Lilac) Leaf Cell Culture Extract, Betaine, Lavandula Angustifolia (Lavender) Oil, Pyrus Malus (Apple) Fruit Extract, Zinc Pca Ahnfeltia Concinna Extract, Maltodextrin, Larrea Divaricata (Chaparral) Leaf Extract, Sarcosine, Phospholipids",,"https://static.thcdn.com/productimg/original/13311528-1735149389661740.jpg, https://static.thcdn.com/productimg/original/13311528-2135149389688734.jpg, https://static.thcdn.com/productimg/original/13311528-1045149389735261.jpg, https://static.thcdn.com/productimg/original/13311528-4995149389765960.jpg, https://static.thcdn.com/productimg/original/13311528-1575149389793800.jpg, https://static.thcdn.com/productimg/original/13311528-1995149389819204.jpg, https://static.thcdn.com/productimg/original/13311528-1035149389862392.jpg"
