Title,Product,Brand,Skin_Type,price,currency
"        Nivea Soft Light Moisturizer For Face, Hand & Body, Instant Hydration, Non-Greasy Cream With Vitamin E & Jojoba Oil, 300 Ml       ",Moisturizer,Nivea,all,,
"        Nivea Soft Playful Peach, Light Moisturizer Cream For Face, Hands And Body, Instant Hydration, Non-Greasy Cream With Vitamin E & Jojoba Oil 200 Ml       ",Moisturizer,Nivea,all,,
"        Nivea Soft Light Moisturizer For Face, Hand & Body, Instant Hydration, Non-Greasy Cream With Vitamin E & Jojoba Oil, 50ml       ",Moisturizer,Nivea,dry,,
"        Biotique Morning Nectar Flawless Skin Moisturizer For All Skin Types, 190Ml       ",Moisturizer,Biotique,combination,,
"        Minimalist Marula Oil 5% Face Moisturizer For Dry Skin With Hyaluronic Acid For Deep Nourishment & Hydration For Unisex, 50g       ",Moisturizer,Minimalist,dry,,
"        Cetaphil Moisturizing Lotion for Normal to Combination, Sensitive Skin| 100 ml| Moisturizer with Niacinamide, Panthenol| Non-greasy, Won’t Clog Pores| Dermatologist Recommended| Paraben, Sulphate Free       ",Moisturizer,Cetaphil,"all, combination, sensitive, dry, normal",,
"        Lakme Absolute Hydra Pro Overnight Gel, 50 g       ",Moisturizer,LAKMÉ,normal,,
"        Neutrogena Hydro Boost Hyaluronic Acid Hydrating Water Gel Daily Face Moisturizer For All Skin Types, 15 g       ",Moisturizer,Neutrogena,normal,,
"        POND'S Super Light Gel Face Moisturiser, 147 g       ",Moisturizer,POND'S,normal,,
"        Joy Revivify Hydra Boost Lightweight Day Cream SPF 15, 50g       ",Moisturizer,JOY,all,,
"        Parachute Advansed Deep Nourish Body Lotion for Women & Men, Dry Skin, 400ml | Pure Coconut Milk, 100% Natural, 72h Moisturisation       ",Moisturizer,Parachute Advansed,dry,,
        Neutriderm Moisturising Lotion w/Vitamin E - 125 mL       ,Moisturizer,Neutriderm,all,,
"        Cetaphil DAM Daily Advance Ultra Hydrating Lotion for Dry, Sensitive Skin| 30 g| Moisturizer with Shea Butter| Non-Greasy, Fragrance-Free| Paraben, Sulphate Free       ",Moisturizer,Cetaphil,"sensitive, dry",,
"        Vaseline Intensive Care Deep Moisture Nourishing Body Lotion 400 ml, Daily Moisturizer for Dry Skin, Gives Non-Greasy, Glowing Skin - For Men & Women       ",Moisturizer,Vaseline,all,,
"        Neutrogena Hydro Boost Hyaluronic Acid Hydrating Water Gel Daily Face Moisturizer For All Skin Types, 50g       ",Moisturizer,Neutrogena,all,,
"        Dot & Key Ceramides & Hyaluronic Hydrating Face Cream With Probiotic & Rice Water I Barrier Repair For Dry Skin, 100g       ",Moisturizer,DOT & KEY,"sensitive, dry",,
"        Dot & Key Vitamin C + E Super Bright Moisturizer | Face Moisturizer For Glowing Skin, Fades Pigmentation, Reduces Skin Dullness | Super Soft Face Cream For Dry Skin & Oily Skin | For Women & Men | 25ml       ",Moisturizer,DOT & KEY,all,,
"        Mamaearth Vitamin C Ultra Light Gel Oil-Free Moisturizer For Face, Body And Hands; With Vitamin C & Aloe Vera Water For Glowing Hydration - 200 Ml       ",Moisturizer,Mamaearth,combination,,
        Minimalist 10% Vitamin B5 Gel Face Moisturizer For Oily & Acne Prone Skin | Oil-Free | Fast Absorbing Lightweight Winter Cream For Women & Men | Non Sticky | Fragrance Free | 50 G       ,Moisturizer,Minimalist,"oily, acne prone",,
"        POND'S Super Light Gel Oil Free Face Moisturizer 50 ml, With Hyaluronic Acid & Vitamin E for Fresh Glowing Skin & 24 hr Hydration - Daily Use       ",Moisturizer,POND'S,all,,
        Mamaearth Vitamin C Oil-Free Moisturizer For Face With Vitamin C & Gotu Kola For Skin Illumination - 80 Ml       ,Moisturizer,Mamaearth,all,,
        Re'equil Ceramide & Hyaluronic Acid Moisturiser For Normal To Dry Skin 100 gm       ,Moisturizer,RE' EQUIL,"dry, normal",,
"        Cetaphil Moisturising Cream for Face & Body , Dry to very dry skin, 80 gm       ",Moisturizer,Cetaphil,combination,,
        Simple Kind To Skin Replenishing Rich Moisturiser 125 ml       ,Moisturizer,Simple,all,,
        Neutriderm Moisturising Lotion w/Vitamin E - 125 mL       ,Moisturizer,Neutriderm,all,,
"        Nivea Soft Entertainer College Edition Moisturizer For Face, Hand & Body, Non Sticky Cream, 300ml Qith Floral Styling Pouchh       ",Moisturizer,Nivea,all,,
"        Lakme Lumi Cream ,Moisturizer with highlighter, Enriched with Niacinamide for all skin type,30 gm       ",Moisturizer,LAKMÉ,normal,,
"        Bioderma Atoderm Creme Ultra-Nourishing - Moisturizer For Normal To Sensitive Dry Skin, 200ml       ",Moisturizer,Bioderma,dry,,
"        Vaseline Healthy Bright Sun Protection Body Lotion SPF 30 400 ml, Daily Moisturizer for Dry Skin, Gives Non-Greasy Glowing Skin - For Men & Women       ",Moisturizer,Vaseline,all,,
"        WOW Skin Science Shea Butter and Cocoa Butter Moisturizing Body Lotion, Deep Hydration, 400ml       ",Moisturizer,WOW Skin Science,combination,,
"        Nivea Body Lotion, Aloe Hydration, With Aloe Vera For Instant Hydration In Summer, For Men & Women, 400 ml       ",Moisturizer,Nivea,normal,,
        Neutrogena Combi Skin Moisture for Moisturize Dry Skin and Control Shine in Oily Areas (Dry Skin) 118 milliliters       ,Moisturizer,Neutrogena,dry,,
"        Nivea Soft Light Moisturizer For Face, Hand & Body, Instant Hydration, Non-Greasy Cream With Vitamin E & Jojoba Oil, 300 Ml       ",Moisturizer,Nivea,all,,
"        Biotique Morning Nectar Sun Protect Moisturizer Lotion For Visibly Flawless Skin All Skin Types, 120 ml       ",Moisturizer,Biotique,combination,,
"        RE' EQUIL Oil Free Moisturiser for Normal, Oily & Combination Skin- 100g       ",Moisturizer,RE' EQUIL,combination,,
"        Parachute Advansed Soft Touch Body Lotion for Women & Men, All Skin types, 400ml | Pure Coconut Milk & Honey, 100% Natural, 72h Moisturisation       ",Moisturizer,Parachute Advansed,dry,,
"        Nivea Body Lotion For Very Dry Skin, Nourishing Body Milk With 2X Almond Oil For 48H Moisturization, For Men & Women, 400ml       ",Moisturizer,Nivea,dry,,
"        Himalaya Cocoa Butter Intensive Body Lotion, 400ml       ",Moisturizer,Himalaya,dry,,
        The Derma Co Pore Minimizing Daily Face Moisturizer with 3% Niacinamide 3% PHA and p-REFINYL for Open Pores - 50 g       ,Moisturizer,The Derma Co,all,,
"        Lakme Peach Milk Soft Crème Moisturizer for Face 150 g, Daily Lightweight Whipped Cream with Vitamin E for Soft, Glowing Skin - Non Oily 24h Moisture       ",Moisturizer,LAKMÉ,all,,
"        Mamaearth Oil-Free Moisturizer For Face With Apple Cider Vinegar For Acne Prone Skin, 80 Ml       ",Moisturizer,Mamaearth,acne,,
        Simple Kind To Skin Hydrating Light Moisturiser 125 ml       ,Moisturizer,Simple,all,,
"        POND'S Super Light Gel Oil Free Face Moisturizer 200 ml, With Hyaluronic Acid & Vitamin E for Fresh Glowing Skin & 24 hr Hydration - Daily Use       ",Moisturizer,POND'S,all,,
"        POND'S Super Light Gel Oil Free Face Moisturizer 100 ml, With Hyaluronic Acid & Vitamin E for Fresh Glowing Skin & 24 hr Hydration - Daily Use       ",Moisturizer,POND'S,all,,
"        Biotique Bio Morning Nectar Visibly Flawless Skin Moisturizer, 120ml       ",Moisturizer,Biotique,combination,,
"        LAKMÉ Peach Milk Face Moisturizer, 200ml, Daily Lightweight Lotion with Vitamin C & Vitamin E for Soft Glowing Skin Non Oily 24h Moisture for Women       ",Moisturizer,LAKMÉ,all,,
"        Nivea Soft Light Moisturizer For Face, Hand & Body, Instant Hydration, Non-Greasy Cream With Vitamin E & Jojoba Oil, 50ml       ",Moisturizer,Nivea,dry,,
"        Boroplus Body Lotion Provides 24Hrs Moisturisation 100% Ayurvedic Lotion, Vitamin E For Dry And Normal Skin With Goodness Of Dhoodh, Badam & Kesar, 400Ml       ",Moisturizer,BOROPLUS,normal,,
"        Plum Green Tea Mattifying Moisturizer for Daily Use | Moisturizer for face | For Oily, Acne-Prone Skin | Lightweight, Matte Formula | 50ml       ",Moisturizer,Plum,oily,,
        Minimalist 3% Sepicalm With Oats Face Moisturizer Cream for Sensitive Skin | Lightweight | Calming | Reduces Redness | Soothes Skin | 50g       ,Moisturizer,Minimalist,all,,
"        Glenmark Episoft AC Moisturizer with Sunscreen, SPF 30+, Anti-acne Benefits, Anti-hyperpigmentation | For Men and Women, 75 gms       ",Moisturizer,Episoft,all,,
"        Foxtale Squalene & Vitamin B5 Moisturizer for Dry, Sensitive & Flaky skin | Comfort Zone Rich Moisture Cream | Nourishing & Soothing, Repairs Damaged Skin Barrier - 50ml       ",Moisturizer,FoxTale,all,,
"        LAKMÉ Peach Milk Lotion Moisturizer SPF 24 PA++, 200ml       ",Moisturizer,LAKMÉ,oily,,
"        Plum Green Tea Oil Free Moisturizer for Daily Use | Moisturizer for face | 100% Fragrance Free | Enriched with Squalane, Niacinamide & Hyaluronic Acid | 50 ml       ",Moisturizer,Plum,oily,,
"        Dot & Key CICA + Niacinamide Oil-Free Moisturizer, 50gm Tube       ",Moisturizer,DOT & KEY,"oily, acne prone, sensitive",,
"        Nivea Soft Playful Peach, Light Moisturizer Cream For Face, Hands And Body, Instant Hydration, Non-Greasy Cream With Vitamin E & Jojoba Oil 200 Ml       ",Moisturizer,Nivea,all,,
"        Nivea Soft Berry Blossom, Light Moisturizer For Face, Hand & Body, Instant Hydration Non-Greasy Cream With Vitamin E & Jojoba Oil, 100ml       ",Moisturizer,Nivea,normal,,
"        Minimalist 0.3% Ceramide Moisturizing Cream For Barrier Repair & Deep Moisturization, Daily Repairing Face Moisturizer For Normal To Dry Skin, 50g       ",Moisturizer,Minimalist,dry,,
"        NIVEA Aloe Hydration Cream, Refreshing Moisture Care 200ml       ",Moisturizer,Nivea,normal,,
"        Neutrogena Hydro Boost Hyaluronic Acid Hydrating Water Gel Daily Face Moisturizer For All Skin Types, 50g       ",Moisturizer,Neutrogena,all,,
"        Nivea Soft Light Moisturizer For Face, Hand & Body, Instant Hydration, Non-Greasy Cream With Vitamin E & Jojoba Oil, 200 Ml       ",Moisturizer,Nivea,all,,
"        HK VITALS by HealthKart Vitamin E Moisturizer with Glycerine, Brightens Dull Skin, Deeply Moisturizes & Nourishes Skin, All Skin Types, 100 g       ",Moisturizer,HK Vitals,all,,
"        Nivea Soft Light Moisturizer For Face, Hand & Body, Non-Sticky Cream With Vitamin E & Jojoba Oil, 500ml       ",Moisturizer,Nivea,normal,,
"        The Derma Co Ceramide + Ha Intense Face Moisturizer, Dry Skin Moisturiser - 25 Gm(Dermaco)       ",Moisturizer,The Derma Co,all,,
        Pilgrim Australian 2% Vitamin C Oil free Moisturizer for oily & acne prone skin with Kakadu Plum & Lime Pearl™ | Vitamin C Moisturizer for Face | Moisturiser for dry skin | Women & Men | 50 gm       ,Moisturizer,Pilgrim,all,,
"        Nivea Soft Light Moisturizer For Face, Hand & Body, Instant Hydration, Non-Greasy Cream With Vitamin E & Jojoba Oil, 200 Ml       ",Moisturizer,Nivea,all,,
        Mamaearth Ubtan Oil-Free Face Moisturizer With Turmeric & Saffron For Skin Brightening - 80 Ml       ,Moisturizer,Mamaearth,all,,
"        Mamaearth Ubtan Ultra Light Gel Oil-Free Moisturizer For Face, Body And Hands; With Turmeric & Saffron For Deep Hydration - 200 Ml       ",Moisturizer,Mamaearth,all,,
        The Derma Co 1% Salicylic Acid Oil-Free Face Moisturizer with Oat Extract for Active Acne - 50g(dermaco)       ,Moisturizer,The Derma Co,"all, acne",,
        Mamaearth Tea Tree Oil-Free Moisturizer For Face For Oily Skin With Tea Tree & Salicylic Acid For Acne & Pimples 80 Ml       ,Moisturizer,Mamaearth,all,,
"        Jovees Shea Butter Moisturizer, 100g       ",Moisturizer,JOVEES,"dry, normal skin",,
"        Olay Moisturising Cream, 50g       ",Moisturizer,Olay,dry,,
"        WOW Skin Science Organic Apple Cider Vinegar Face Moisturizer - Oil Free, Quick Absorbing - For Normal/Oily and Acne Prone Skin - No Parabens, Silicones, Mineral Oil, Color, 100 ml       ",Moisturizer,WOW Skin Science,all,,
        Plum Saffron & Kumkumadi Oil Glow Bright Moisturizer | With SPF 35 | Brightens Skin & Enhances Glow | Fights Dark Spots & Dull Skin | UVA & UVB Protection | All Skin Types | 100% Vegan | 50 gm       ,Moisturizer,Plum,normal,,
"        Neutrogena Hydro Boost Hyaluronic Acid Hydrating Water Gel Daily Face Moisturizer For All Skin Types, 15 g       ",Moisturizer,Neutrogena,normal,,
        Mamaearth Honey Malai Oil-Free Face Moisturizer for Nourishing Glow - 80 g       ,Moisturizer,Mamaearth,all,,
        Simple Kind To Skin Replenishing Rich Moisturiser 125 ml       ,Moisturizer,Simple,all,,
"        POND'S Cream Moisturizer, All Skin Type with 15 SPF, 200 ml/197g       ",Moisturizer,POND'S,all,,
"        Joy Skin Fruits Fast Absorbing Light Moisturizer with Vitamin Complex, Ceramides and Jojoba Esters, Non-Oily Face Cream - For All Skin Types - 150 ml       ",Moisturizer,JOY,combination,,
        VLCC Honey Cream Moisturiser (100ml)       ,Moisturizer,VLCC,combination,,
"        Lacto Calamine Aloe Vera Gel with 99% Pure Natural Aloe Vera, Vitamin E and Glycerin, No Parabens, No Sulphates (150 g)       ",Moisturizer,Lacto Calamine,all,,
"        Nivea Creme, All Season Multi-Purpose Cream, 200ml       ",Moisturizer,Nivea,all,,
"        NIVEA Soft Entertainer College Edition Moisturizer for Face, Hand & Body, Non Sticky Cream, 300 ml       ",Moisturizer,Nivea,all,,
        Archi Herbals Moisturizer Lotion 500 Ml       ,Moisturizer,ARCHIHERBALS,all,,
"        The Derma Co Oil-Free Daily Face Moisturizer With Hyaluronic Acid, Ceramides & Multivitamins for Non-Greasy & Hydrated Skin - 100g Prolonged Moisturization | Strengthens Skin Barrier       ",Moisturizer,The Derma Co,all,,
"        mCaffeine Deep Nourishing Face Moisturizer for Dry Skin with Ceramide, Shea Butter, Caffeine & Coffee | Helps in Barrier Repair | Face Cream For Women & Men | 48 Hrs Moisturization - 50ml       ",Moisturizer,Mcaffeine,"all, dry",,
        VLCC Almond Honey Deep Nourishing Skin Brightening Body Lotion (700ml) (Each 350ml)       ,Moisturizer,VLCC,dry,,
"        Aroma Magic Juniper Berry Oil Free Moisturiser, 100ml       ",Moisturizer,Aroma Magic,all,,
"        Dr. Sheth's Ceramide & Vitamin C Oil Free, Lightweight Moisturizer to Hydrate & Brighten Skin with Vitamin C, Ceramide & Ashwagandha Daily Use Cream for Oily Skin, 50g       ",Moisturizer,Dr. Sheth's,all,,
        POND'S Triple Vitamin Moisturising Body Lotion 600 ml       ,Moisturizer,POND'S,normal,,
"        Mamaearth Daily Moisturizing Lotion, 200ml       ",Moisturizer,Mamaearth,sensitive,,
"        Minimalist 0.3% Ceramide Moisturizing Cream For Barrier Repair & Deep Moisturization, Daily Repairing Face Moisturizer For Normal To Dry Skin, 50g       ",Moisturizer,Minimalist,dry,,
        Lakme Peach Milk Moisturizer Body Lotion 60ml       ,Moisturizer,LAKMÉ,dry,,
        Pilgrim Australian Tea Tree oil free moisturizer for face for oily & acne prone skin with Hyaluronic acid & CICA |Tea tree light non-oily moisturizer for face |Face moisturizer for women & men | 80 gm       ,Moisturizer,Pilgrim,all,,
"        Cetaphil Daily Advance Ultra Hydrating Lotion For Dry/Sensitive Skin, Long Lasting Moisturizer For Face & Body, Multi, 100 G       ",Moisturizer,Cetaphil,combination,,
        VLCC Honey Cream Moisturiser (100ml)       ,Moisturizer,VLCC,combination,,
"        Nivea Body Lotion For Dry Skin, Shea Smooth, With Shea Butter, For Men & Women, 400 ml       ",Moisturizer,Nivea,dry,,
        Mamaearth Aqua Glow Gel Face Moisturizer With Himalayan Thermal Water and Hyaluronic Acid for 72 Hours Hydration 100ml       ,Moisturizer,Mamaearth,all,,
        WOW Skin Science Skin Revive Nectar Moisturizer for Ultra Deep Hydration - Dull & Dehydrated Skin - 400mL       ,Moisturizer,WOW Skin Science,combination,,
        The Derma Co 5% Vitamin C Oil-Free Daily Face Moisturizer for Skin Radiance - 100g       ,Moisturizer,The Derma Co,all,,
"        Nivea Men Creme, Dark Spot Reduction, Non Greasy Moisturizer, Cream with UV Protect, 75 ml       ",Moisturizer,Nivea,all,,
"        Aqualogica Glow+ Oil Free Moisturizer, With Papaya And Vitamin C | Brightens & Hydrates Skin | Lightweight & Non-Sticky | Unique Water Lock Technology | 100 G       ",Moisturizer,Aqualogica,all,,
"        Aqualogica Radiance+ Jello Moisturizer With Watermelon & Niacinamide, For Bright And Radiant Skin 50 G       ",Moisturizer,Aqualogica,all,,
"        NIVEA Soft, Light Moisturising Cream, Chilled Mint, 100ml       ",Moisturizer,Nivea,normal,,
"        Dot & Key 72HR HYDRATING GEL + PROBIOTICS, with Hyaluronic Acid, Kombucha & Rice Water | Lightweight gel Moisturizer for Dry Skin, Damaged & Uneven Skin Tone Skin I 25ml       ",Moisturizer,DOT & KEY,all,,
"        Vaseline Intensive Care Deep Moisture Nourishing Body Lotion 600 ml, Daily Moisturizer for Dry Skin, Gives Non-Greasy, Glowing Skin - For Men & Women       ",Moisturizer,Vaseline,all,,
"        Brwn Tinted Moisturiser for face, 50ml, 7 Shades, Suitable for all skin types, SPF 30 with Vitamins and prebiotics| Lightweight+easy blend | Beige       ",Moisturizer,Brwn. pro melanin care,all,,
"        Dove Body Love Light Hydration Body Lotion For All Skin Types Paraben Free, 48hrs Moisturisation with Plant Based moisturiser, Fresh Hydrated Skin 400ml       ",Moisturizer,Dove,all,,
"        Fixderma Moisturizing lotion, Daily Moisturizer for Dry skin, Body & face moisturizer, Provides Hydration & calmness, Non-Comedogenic & Non-Greasy - 150ml       ",Moisturizer,FIXDERMA,all,,
"        Excela Lite Daily Skin Nourishing Moisturizer, 100ml       ",Moisturizer,EXCELA,sensitive,,
        Mamaearth Rice Gel Face Moisturizer With Rice Water & Niacinamide for Glass Skin - 100 ml       ,Moisturizer,Mamaearth,all,,
"        NIVEA Men Moisturiser, Oil Control Cream, 50g       ",Moisturizer,Nivea,combination,,
        Minimalist 3% Sepicalm With Oats Face Moisturizer Cream for Sensitive Skin | Lightweight | Calming | Reduces Redness | Soothes Skin | 50g       ,Moisturizer,Minimalist,all,,
        Pilgrim Australian Tea Tree oil free moisturizer for face for oily & acne prone skin with Hyaluronic acid & CICA |Tea tree light non-oily moisturizer for face |Face moisturizer for women & men | 80 gm       ,Moisturizer,Pilgrim,all,,
        Faces Canada Hydro Face Moisturizer 100 ml (White)       ,Moisturizer,Faces,dry,,
"        NIVEA Soft Fashionista College Edition Moisturizer for Face, Hand & Body, Non Sticky Cream, 300 ml with Floral Styling Pouch       ",Moisturizer,Nivea,all,,
"        NIVEA Soft, Light Moisturising Cream, Chilled Mint, 200ml       ",Moisturizer,Nivea,normal,,
"        Nivea Soft Light Moisturizer Cream, Peppy Pomegranate, With Vitamin E & Jojoba Oil For Face, Hands And Body, 200ml       ",Moisturizer,Nivea,all,,
        The Derma Co 1% Salicylic Acid Oil-Free Face Moisturizer with Oat Extract for Active Acne - 50g(dermaco)       ,Moisturizer,The Derma Co,"all, acne",,
        mCaffeine Green Tea Oil-Free Moisturizer with 5% Niacinamide | Hyaluronic Acid for 24h Hydration & Glowing Skin| Reduce Blemishes & Acne Marks | Antioxidant Rich & Lightweight | For Oily Skin - 50 ml       ,Moisturizer,Mcaffeine,all,,
        The Derma Co 3% Vitamin E Face Moisturizer With Vitamin E & Lactic Acid For Dry & Flaky Skin - 100 G       ,Moisturizer,The Derma Co,all,,
        Pilgrim Squalane (Plant Derived) Glow Moisturizer For Face With Niacinamide & Vitamin C | Moisturizer For Dry Skin Hydration | Face Moisturizer With Vitamin C For Glowing Skin | Non-Greasy | 50 Gm       ,Moisturizer,Pilgrim,all,,
"        Vaseline Intensive Care Aloe Fresh Hydrating Body Lotion 400 ml, Daily Skin Moisturizer for Dry Skin, Lotion for Non-Greasy, Glowing Skin       ",Moisturizer,Vaseline,normal,,
"        Aqualogica Hydrate+ Gel Moisturizer with Coconut Water & Hyaluronic Acid for Deep Hydration, Oil-Free Formula, 100G       ",Moisturizer,Aqualogica,all,,
"        POND'S Light Moisturiser Cream, 100ml       ",Moisturizer,POND'S,all,,
"        Himalaya Aloe and Cucumber Refreshing Moisturizer, 100ml       ",Moisturizer,Himalaya,normal,,
"        Parachute Advansed Coconut Water Hydrating Gel for Skin & Hair, 200ml | Niacinamide & Glycerine, Insta 2X Hydration, 72h Moisturisation       ",Moisturizer,Parachute Advansed,all,,
"        Lakme Peach Milk Soft Creme Moisturizer, Lightweight Face Cream, Non Sticky, Locks Moisture For 24 Hours For Soft And Glowing Skin, 100 g       ",Moisturizer,LAKMÉ,dry,,
"        Aqualogica Glow+ Jello Moisturiser with Vitamin C & Papaya for Illuminating Moisturization & Skin Hydration, Non Sticky, 50 G       ",Moisturizer,Aqualogica,all,,
"        Nivea Soft Light Moisturizer For Face, Hand & Body, Instant Hydration, Non-Greasy Cream With Vitamin E & Jojoba Oil, 100 Ml       ",Moisturizer,Nivea,all,,
        Himalaya Nourishing Body Lotion - 400ml       ,Moisturizer,Himalaya,normal,,
"        Dr. Sheth'S Tea Tree & Lactic Acid Body Lotion With 1% Salicylic Acid | Ph Balancing Moisturizer | Helps To Reduce Body Acne, Uneven Skin Tone | 200 Ml       ",Moisturizer,Dr. Sheth's,all,,
"        Joy Hydra Refresh Ultra Light Gel Oil Free Face Moisturizer with Watermelon & Vitamin E | Long Lasting Hydration, Daily Use & Fast Absorbing, for Normal to Oily Skin - 250 ml       ",Moisturizer,JOY,all,,
        The Derma Co Pore Minimizing Daily Face Moisturizer with 3% Niacinamide 3% PHA and p-REFINYL for Open Pores - 50 g       ,Moisturizer,The Derma Co,all,,
        Jergens Soothing Aloe refreshing Moisturizer - 400ml       ,Moisturizer,Jergens,"oily, combination, dry, normal",,
"        NIVEA Soft Light Moisturizing Cream, 300ml (Pack of 2)       ",Moisturizer,Nivea,normal,,
        Kapiva Skin Rituals Aloe Rose Gel 200 gms | Clinically Tested Rose Actives | For Oil Control & Hydration | Reduces Oil Production by 91%       ,Moisturizer,Kapiva,all,,
"        Joy Honey & Almonds Advanced Nourishing Body Lotion, For Normal to Dry skin 500ml       ",Moisturizer,JOY,normal to dry skin,,
        Cosmedical Oryza Moisturizing Cream 50gm The 3:1:1 Skin Moisturizer with SPF 20 Safe for Sensitive Skin       ,Moisturizer,Cosmedical,all,,
"        NIVEA Aloe Hydration Cream, Refreshing Moisture Care 200ml       ",Moisturizer,Nivea,normal,,
"        Yardley London English Lavender Moisturizing Body Lotion, Germ shield, 400ml [350ml +50ml free] (Pack of 2)       ",Moisturizer,Yardley,normal,,
"        HK VITALS by HealthKart Collagen Face Moisturizer with Hyaluronic Acid & Multiminerals Complex, Stimulates Collagen Production, Reduces Signs of Ageing & Nourishes Skin, All Skin Types, 50 ml       ",Moisturizer,HK Vitals,all,,
"        Himalaya Herbals Nourishing Face Moisturizing Lotion, 100ml       ",Moisturizer,Himalaya,dry,,
"        Brinton Doux 24 Hour Moisturizer Cream Face, Moisturizer, For Women, Ladies, Men, Man, 100 g, blue       ",Moisturizer,Brinton,sensitive,,
"        UrbanBotanics® Oil Free Moisturizer For Face - Mattifying Moisturiser Face Cream for Oily/Acne Prone/Normal Skin - with Neem & Basil Extract, Face Moisturizer For Women & men - 100ml       ",Moisturizer,UrbanBotanics,"all, oily, combination, sensitive, normal",,
        Kahira Rice Water & Ceramide Moisturizer Emulsion with Rice Extracts suits for brightening | All Skin Types | Paraben Free (200 ml)       ,Moisturizer,Kahira,all,,
"        Lacto Calamine Light moisturising gel. Non-sticky hydrating face & body gel with niacinamide, Hyaluronic and vitamin E. For non-oily feel & glowing skin. 150g x Pack of 1       ",Moisturizer,Lacto Calamine,all,,
"        Vaseline Intensive Care Aloe Soothe Spray Moisturizer, 190ml       ",Moisturizer,Vaseline,normal,,
"        Dr. Sheth's Haldi & Hyaluronic Acid Oil-Free Lightweight Moisturiser to Rehydrate Dull Skin with 1% Hyaluronic Acid, Cica Extract & Aquaporin Boosters for Unisex, 50g       ",Moisturizer,Dr. Sheth's,all,,
"        Himalaya Baby Body Lotion, For All Skin Types (400 ml)       ",Moisturizer,Himalaya,"all, dry",,
"        Hydravo Skin Renewing Moisturizer Cream | Long Lasting, Light Weight And Paraben free (50 g)       ",Moisturizer,Hydravo,all,,
"        Dove Body Love Supple Bounce Body Lotion for Dry Skin 48Hrs Moisturisation, Paraben Free, with Plant based Moisturiser, For Supple Healthy Skin 400ml       ",Moisturizer,Dove,all,,
"        LAKMÉ Absolute Hydra Pro Tinted Face Moisturiser with Hyaluronic Acid, Pentavitin and Shea Butter for Even-Tone & Intense Hydration, 30 g       ",Moisturizer,LAKMÉ,all,,
"        HK VITALS by HealthKart Vitamin E Moisturizer with Glycerine, Brightens Dull Skin, Deeply Moisturizes & Nourishes Skin, All Skin Types, 100 g       ",Moisturizer,HK Vitals,all,,
"        Plum Vitamin C Fragrance-Free Vegan Moisturizer with Mandarin For Glowing Skin, Hyperpigmentation & Dull Skin, Improves Uneven Skin Tone & Elasticity       ",Moisturizer,Plum,all,,
"        Himalaya Nourishing Skin Cream, 200ml       ",Moisturizer,Himalaya,normal,,
"        Dr. Sheth's Vitamin E & Ginseng Face Moisturizer Cream for Instant Hydration | Non-Greasy, Fast-Absorbing | Deeply Nourishes & Repairs Damage | For All Skin Types | For Women & Men | 50g       ",Moisturizer,Dr. Sheth's,all,,
"        Chemist at Play Face Moisturizer for Oily Skin Type, with 1% Salicylic Acid, Ceramides, Pentavitin & Zinc PCA, Hydrates & Controls Excess Sebum Production, Repairs the Skin, for Men and Women, 45 gms       ",Moisturizer,Chemist at Play,"oily, combination",,
        La Shield Probiotic Moisturizer Face Cream | Restores skin microbiome | 72 HR Hydration | Soft & Supple skin | For All Skin types | 100 gm       ,Moisturizer,La Shield,all,,
        Olivia Honey Almond Natural Skin Care Moisturizer for Face and Body 500ml with Sunscreen       ,Moisturizer,Olivia,"all, oily, combination, dry, normal",,
        Mamaearth Green Tea Oil-Free Face Moisturizer with Green Tea & Collagen for Open Pores - 80 g       ,Moisturizer,Mamaearth,all,,
"        Nivea Body Lotion For Very Dry Skin, Nourishing Body Milk With 2X Almond Oil, For Men & Women, 200 ml       ",Moisturizer,Nivea,"dry, normal",,
"        Derma Essentia Ultra Hydrating Ceramide Moisturizer With Hyaluronic Acid, Provitamin B5, Japanese Chronochardy & Aquaxyl, Hydrates, Moisturizes & Repairs Skin For Normal To Dry Skin, 100g       ",Moisturizer,Derma Essentia,"all, sensitive",,
"        L'Oreal Paris Revitalift Crystal Fresh Hydrating Gel Cream, Oil-Free moisturiser, With Salicylic Acid, 15ml       ",Moisturizer,L'Oreal Paris,all,,
"        Olay Moisturising Cream, 100g       ",Moisturizer,Olay,dry;combination,,
"        Nivea Soft Skin Moisturizer, 50ml       ",Moisturizer,Nivea,all,,
"        FACES CANADA Peaches N Cream Tinted Moisturizer - Light 01, 35 g | Soft Peachy, Natural Glow | Lightly Tinted BB Cream | Non Oily Lightweight Gel Formula | Blends Easily | Suitable For All Skin Types       ",Moisturizer,Faces,sensitive,,
"        Vaseline Men Body and Face Lotion , 20.3 Ounce Bottle       ",Moisturizer,Vaseline,dry,,
"        Lakme Peach Milk Moisturizer Body Lotion, Lightweight, Non-Sticky, Locks Moisture For 24 Hrs, 120 ml       ",Moisturizer,LAKMÉ,dry,,
"        Mamaearth Oil-Free Moisturizer For Face With Apple Cider Vinegar For Acne Prone Skin, 80 Ml       ",Moisturizer,Mamaearth,acne,,
"        Hibiscus Monkey Velvet Spray Bergamot In-Shower Body Moisturizer | Soothe Dry Itchy Skin and Even Tone Complexion | 100% Natural, Lightweight, Non Greasy | All Skin Types, 250ml       ",Moisturizer,Hibiscus Monkey,all,,
"        Conscious Chemist Lightweight Moisturizer for Hand, Foot & Body | Instant Hydration, Non-Greasy Cream with Ceramides, Hyaluronic Acid & Colloidal Oatmeal | For Men & Women | Fragrance Free, Cruelty Free |150g       ",Moisturizer,Conscious Chemist,"all, combination, sensitive, dry, normal",,
"        Joy Skin Fruits Fruit Moisturizing Cream With Jojoba and Almond Oil, For All Skin Types 500 ml       ",Moisturizer,JOY,combination,,
"        Mitchell USA Skin Energizer Peptide Moisturizer Cream for Cell Renewal & Repair, Hydrating & Moisturizing Dry Skin & Reduces Wrinkles Lotus Seed Extracts, Pumpkin Seed Extracts, Pine Bark Extracts & Apple Extract for Unisex All Skin Type, 30ml       ",Moisturizer,Mitchell USA,all,,
"        WOW Skin Science Green Tea Face Moisturizer - OIL FREE - Quick Absorbing - Non Sticky - contains Green Tea Extract - for Refining & Nourishing Skin - No Parabens, Silicones & Mineral Oil - 100mL       ",Moisturizer,WOW Skin Science,all,,
"        Bioderma Atoderm Intensive Ultra-soothing Baume - Moisturizer for Very dry Sensitive to Atopic Skin, 200ml       ",Moisturizer,Bioderma,dry,,
"        Conscious Chemist Lightweight Moisturizer for Hand, Foot & Body | Instant Hydration, Non-Greasy Cream with Ceramides, Hyaluronic Acid & Colloidal Oatmeal | For Men & Women | Fragrance Free, Cruelty Free | 150g - Pack of 2       ",Moisturizer,Conscious Chemist,"all, combination, sensitive, dry, normal",,
"        Nivea Men Creme, Non Greasy Moisturizer, Cream For Face, Body & Hands, 75 ml       ",Moisturizer,Nivea,all,,
"        Neutrogena Norwegian Formula Body Moisturizer For Dry Skin 24 Hour Moisturization , 250ml       ",Moisturizer,Neutrogena,dry,,
        La Shield Probiotic Moisturizer Face Cream | Restores skin microbiome | 72 HR Hydration | Soft & Supple skin | For All Skin types | 50 gm       ,Moisturizer,La Shield,all,,
        Mamaearth Aloe Vera Oil-Free Face Moisturizer for Oily Skin with Aloe Vera & Ashwagandha for a Youthful Glow - 80 g       ,Moisturizer,Mamaearth,all,,
"        Varaasa Punyatam Tulsi 100% Natural, Pure, Petroleum-Free Jelly | Infused with Dwiharidradi, Jatyadi, Eladi Tail & Tulsi Essential Oil | 5-in-1 Moisturizer For Nourished, Brightened Skin | 100 g       ",Moisturizer,VARAASA,"all, especially extra-dry skin",,
        skinhub IPCA Acne oc Moisturizer Cream (75gm)       ,Moisturizer,Skinhub,all,,
        Jergens Soothing Aloe Refreshing Moisturizer (600 ml)       ,Moisturizer,Jergens,dry,,
        Jergens Shea Butter Deep Conditioning Moisturizer (16.8 Ounce)       ,Moisturizer,Jergens,dry,,
"        Bioderma Sebium Hydra Ultra-Moisturizer- For Dry and Acne Prone Skin, 40ml       ",Moisturizer,Bioderma,oily,,
"        Joy Hydra Refresh Ultra Light Gel Oil Free Face Moisturizer with Hyaluronic Acid & Panthenol | Long Lasting Hydration, Daily Use & Fast Absorbing, for Normal to Oily Skin - 150 ml       ",Moisturizer,JOY,normal to oily skin,,
"        Parachute Advansed Cocoa Repair Body Lotion for Women & Men, Very Dry Skin, 400ml | Pure Coconut Milk & Cocoa, 100% Natural, 72h Moisturisation       ",Moisturizer,Parachute Advansed,"all, dry",,
"        Cetaphil Moisturizing Cream, 250 g       ",Moisturizer,Cetaphil,all,,
"        Dot & Key Watermelon Superglow Matte Moisturizer with Watermelon Extracts | Lightweight Gel, Controls Excess Oil, Hydrates & Plumps Skin, With Glycolic Acid & Hyaluronic Acid for Oily Skin | 60ml       ",Moisturizer,DOT & KEY,all,,
"        KHADI NATURAL Peach and Avacado Herbal Moisturizer With Shea/Kokum Butter, SLS and Paraben Free, 210 ml       ",Moisturizer,Khadi Natural,sensitive,,
"        my skin Hydravo Renewing Moisturizer, Fresh, Yellow, 50 g       ",Moisturizer,My skin,sensitive,,
        Sebaoff acne moisturizer 100g Pack of 1       ,Moisturizer,KARISSA MARKETING,all,,
"        RENEE Glowscreen SPF 50 Sunscreen Spray - 50ml, PA++++ For UVA & UVB Protection, Enriched with Hyaluronic acid & Vitamin C| Lightweight, Non Greasy, Quick Absorbing with No White Cast       ",Moisturizer,RENEE,"all, oily, combination, dry, normal",,
"        WOW Skin Science 99% Pure Aloe Vera Gel for Face, Skin & Hair - 150ml | Ultimate Gel For Glowing Skin | For Both Men and Women | No Parabens, Mineral Oils, Silicones, Color & Synthetic Fragrances       ",Moisturizer,WOW Skin Science,"acne, dry",,
        WOW Skin Science Skin Revive Nectar Moisturizer for Ultra Deep Hydration - Dull & Dehydrated Skin - 400mL       ,Moisturizer,WOW Skin Science,combination,,
"        Kapiva Pure Aloe Vera Skin Gel 500g For Face & Hair | Hydrating, Moisturizing, Soothing Skin | Multipurpose Gel       ",Moisturizer,Kapiva,all,,
"        The Formularx Peptide Ceramide Moisturizer - Barrier Plus Nourishing Barrier Repair Moisturizer For Normal, Dry, Compromised, Sensitive skin 50 g       ",Moisturizer,The Formularx,all,,
"        Yardley English Lavender Hand & Body Lotion for Women, 350ml + 50ml (400ml)       ",Moisturizer,Yardley,normal,,
"        The Moms Co. Natural Vitamin C Oil-Free Moisturizer for Face| With Hyaluronic Acid, Niacinamide and Aloe Vera|Regulates Oil Production, Minimizes Acne & Controls Shine |For Women and Men 40g       ",Moisturizer,The Moms Co,all,,
"        Nivea Soft Light Moisturizer For Face, Hand & Body, Non-Sticky Cream With Vitamin E & Jojoba Oil, 500ml       ",Moisturizer,Nivea,normal,,
"        VIA TOKYO ORGANIC Jamaican Coffee & Grapeseed Oil Body Lotion Anti-Blemish & Anti-Marks | Body Cream, Moisturizer For Men and Women | For All Skin Type | All Seasons | Sulphate & Paraben Free 285ml       ",Moisturizer,Via Tokyo Organic,all,,
        Ayur Herbal Moisturizer 100ml Pack of 3 with Ayur Product in Combo       ,Moisturizer,Ayur,combination,,
"        The Formularx Barrier Relief Lightweight Gel-cream Oil-free Skin Barrier Supporting Ceramide Moisturizer For Oily, Combination, Dehydrated, Acne prone, Sensitive skin 50 Gram       ",Moisturizer,The Formularx,all,,
"        Ozone Complexion Brightening Skin Tone Hydrant | Face Moisturizer Enriched with Aloe Vera, Liquorice & Camphor Ideal For All Skin Types Helps in Nourishing, Glowing & Moisturising The Skin       ",Moisturizer,OZONE,all,,
"        Joy Hydra Refresh Ultra Light Gel Oil Free Face Moisturizer with Hyaluronic Acid & Panthenol | Long Lasting Hydration, Daily Use & Fast Absorbing, for Normal to Oily Skin - 250 ml       ",Moisturizer,JOY,all,,
        Mamaearth Vitamin C Face Milk Moisturiser with Vitamin C and Peach Moisturizer for Skin Illumination 100 ml       ,Moisturizer,Mamaearth,combination,,
"        Nivea Men Fresh Face Moisturizer Gel, Non Sticky & Light Moisturization, 30 ml, 30 ml       ",Moisturizer,Nivea,all,,
"        Biotique Advanced Organics Vitamin E & Hyaluronic Acid Super Light Gel Oil-Free Moisturiser, 50g       ",Moisturizer,Biotique,all,,
        RE' EQUIL Oil Free Mattifying Moisturiser - 50g       ,Moisturizer,RE' EQUIL,oily,,
"        Vaadi Herbals Bamboo Age Defying Moisturizer, 60g       ",Moisturizer,VAADI HERBALS,dry,,
        Kaya Clinic Anytime Daily Use Lightweight 24 Hours Hydration Moisturising Cream Enriched with Shea Butter for All Skin Types (50ml)       ,Moisturizer,Kaya Clinic,combination,,
        Aquasoft Fc Moisturizer cream with Vit.E Advanced Facial Cream 100G       ,Moisturizer,Aquasoft,all,,
        The Man Company Daily Moisturising Cream With Shea Butter & Vitamin E for Moisturizing & Hydrating | All Skin Types | 50 gm       ,Moisturizer,The Man Company,normal,,
        Nilgiri Aromas Sheabutter Moisturizer Nourishing Cream for Men and Women (200gms)       ,Moisturizer,Nilgiri Aromas,dry,,
"        Phy Green Tea Superlight Moisturizer | Anti-acne action, light liquid face cream | Non-greasy, non-sticky | Great for Oily or Acne-Prone Skin, 75 ml       ",Moisturizer,Phy,all,,
        Excela Anti Acne Moisturizer for oily and Acne prone skin Available on 50gm for Daily use for Acne prone and Drynessface skin and       ,Moisturizer,Excela Anti Acne Moisturizer,oily,,
"        Bioderma Atoderm Intensive Face And Body Moisturizer for Dry Skin For Infants, Babies and Adults,       ",Moisturizer,Bioderma,dry,,
"        The Man Company Caffeine Face Moisturiser (Buy 1 Get 1 Free) with Coffee Arabica & Shea Butter |Provides Soft,Smooth & Hydrated Skin | Removes Hyperpigmentation | Nourishment - 30gm*2       ",Moisturizer,The Man Company,"all, combination, normal",,
"        SUGAR POP Vitamin C & Tea Tree Moisturizer - Infused with Rosehip Oil, Tea Tree Oil, Cucumber Extracts and Glow-Boosting Vitamin C for Skin Brightening, Intense Hydration, Spot Reduction, Skin Elasticity, Non-Sticky Gel-Based Formula, Controls Excess Oil l Face Cream for Women l 50 gm       ",Moisturizer,SUGAR POP,all,,
        Nilgiri Aromas Sheabutter Moisturizer Nourishing Cream for Men and Women(500gms)       ,Moisturizer,Nilgiri Aromas,"oily, combination, dry, normal",,
        Bombay Shaving Co Shea Butter Moisturizer (100g)       ,Moisturizer,Bombay Shaving Company,all,,
        Fixderma Fidelia Nourishing Body Lotion | Moisturizer for face & Body | Body lotion for Winter | Body lotion for Women & Men | Body Lotion for Sensitive & Very dry skin with Rice Brain Oil & Aloe vera - 250Ml       ,Moisturizer,FIXDERMA,sensitive,,
"        LAKMÉ 9 to 5 Matte Moist Mattifying Moisturiser, 50 g       ",Moisturizer,LAKMÉ,all,,
"        CeraVe Moisturizers, Moisturizing Cream, 1.89 Ounce       ",Moisturizer,CeraVe,all,,
"        Simple Daily Skin Detox Ultra-Light Liquid Moisturiser| Face Moisturiser for Oily, Pimple Prone Skin & Matte Effect| No Harsh Chemicals| Tested on Sensitive Skin, 60 ml       ",Moisturizer,Simple,oily,,
        Khadi Natural Herbal Rose and Honey Moisturizer 210ml       ,Moisturizer,Khadi Natural Herbal,all,,
        POND'S Triple Vitamin Moisturising Body Lotion 275 ml       ,Moisturizer,POND'S,normal,,
"        Dot & Key 72HR HYDRATING GEL + PROBIOTICS, with Hyaluronic Acid, Kombucha & Rice Water | Lightweight gel Moisturizer for Dry Skin, Damaged & Uneven Skin Tone Skin I 60ml       ",Moisturizer,DOT & KEY,all,,
        Joy Skin Fruits Active Moisture Fruit Moisturizing Massage Cream (500ml)       ,Moisturizer,JOY,all,,
"        WOW Skin Science Organic Apple Cider Vinegar Face Moisturizer - Oil Free, Quick Absorbing - For Normal/Oily and Acne Prone Skin - No Parabens, Silicones, Mineral Oil, Color, 100 ml       ",Moisturizer,WOW Skin Science,all,,
        WishCare® Pure & Natural Aloe Vera Gel - 200 Ml - Enriched With Vitamin E - Multipurpose Gel for Skin and Hair       ,Moisturizer,WishCare,"all, oily, combination, sensitive, dry",,
"        Chicaa BlueBerry Aqua Gel Moisturizer for Skin Brightening, Hydration and skin nourishment enriched with Blueberry, Hyaluronic acid & Vitamin-C       ",Moisturizer,Chicaa,all,,
"        Quench Botanics Chialeader Oil Control Moisturizer | with Relaxing Roller Ball Applicator | Made in Korea | Non-greasy Face Moisturizer | with Chia Seed, Bamboo, Cactus Water, Calendula and Rose Myrtle (75ml)       ",Moisturizer,QUENCH BOTANICS,all,,
        Dermsilk Skin Moisturising Cream For all Skin White Soft Paraffin Light Liquid paraffin Cream - 500 Gram       ,Moisturizer,Dermsilk,all,,
"        THE UNPLUGGED Hydra-Clear Oil Free Summer Moisturiser With Hyaluronic Acid, Niacinamide & Salicylic Acid For Excess Oily & Acne Prone Skin, Treats Acne, Hydrates Skin & Brightens Skin For Unisex, 50g       ",Moisturizer,THE UNPLUGGED,"oily, combination, sensitive",,
        Khadi Natural Herbal Rose and Honey Moisturizer 210ml       ,Moisturizer,Khadi Natural Herbal,all,,
        POND'S Triple Vitamin Moisturising Body Lotion 275 ml       ,Moisturizer,POND'S,normal,,
"        Patanjali Moisturizer Cream, 50g (Pack of 2)       ",Moisturizer,Patanjali,dry,,
        POND'S Super Light Gel Oil Free Face Moisturizer 25 ML UNIQUE       ,Moisturizer,Generic,oily,,
"        Kaya Super Hydrator Dry Skin Moisturizer | With Colloidal Oatmeal, Shea butter & Hyaluronic Acid | 24 Hours Hydration Lock* | Hydrating Moisturizer | 50ml       ",Moisturizer,Kaya Clinic,"sensitive, dry",,
"        Mexrich P Moisturizing Lotion | Intense Hydrating Moisturizer, Long-Lasting moisturizer For All Skin Type | 250ML       ",Moisturizer,BREEMETIC,all,,
"        Plum Green Tea Mattifying Moisturizer for Daily Use | For Oily, Acne-Prone Skin | Lightweight, Matte Formula | 25 ml       ",Moisturizer,Plum,oily,,
"        Nua Oil-Free Gel Moisturizer with 5% Niacinamide, Ceramides, Vitamin B5 and Vitamin E, Controls Acne & Strengthens Skin Barrier, Suitable for Oily & Combination Skin Types, 50g       ",Moisturizer,Nua,all,,
        CeraVe Moisturizing Cream | 19 Ounce | Daily Face and Body Moisturizer for Dry Skin       ,Moisturizer,CeraVe,all,,
"        La Roche-Posay Toleriane Double Repair Moisturizer, 75ml       ",Moisturizer,La Roche-Posay,normal,,
        Bombay Shaving Co Shea Butter Moisturizer (100g)       ,Moisturizer,Bombay Shaving Company,all,,
"        Nivea Soft Entertainer College Edition Moisturizer For Face, Hand & Body, Non Sticky Cream, 300ml Qith Floral Styling Pouchh       ",Moisturizer,Nivea,all,,
"        Himalaya Aloe & Cucumber Refreshing Body Lotion, 400ml       ",Moisturizer,Himalaya,dry,,
        Modicare Schloka Hydrating Papaya & Hibiscus Moisturizer-100ml       ,Moisturizer,Modicare,all,,
"        Biotique Vitamin C Correcting and Brightening Non Greasy Face Cream for All Skin Types, 50g | Younger Looking Nourished & Bright Skin | SLS & Paraben Free       ",Moisturizer,Biotique,normal,,
"        Foxtale Squalene & Vitamin B5 Moisturizer for Dry, Sensitive & Flaky skin | Comfort Zone Rich Moisture Cream | Nourishing & Soothing, Repairs Damaged Skin Barrier - 50ml       ",Moisturizer,FoxTale,all,,
        Blue Nectar Ayurvedic Anti Aging Night Cream for Men to reduce fine lines and wrinkles | Skin Repair & Nourishment | Best Men Face Moisturizer to Add Natural Glow for Youthful Look       ,Moisturizer,Blue Nectar,all,,
"        Dewska Moisturising Cream (100 g * 2) with Cocoa Butter, Shea Butter, Vitamin E, and Aloe Vera Extracts, Perfect Moisturiser for Face, Dry and Rough Skin       ",Moisturizer,Dewska,all,,
"        Just Herbs Ultra-Moisturising & Hydrating Vitamin C Day & Night Gel Creme with Amla & Liquorice Root, Protects from UV rays & Reduces Dark Spots - 50 gm       ",Moisturizer,Just Herbs,all,,
"        Neutrogena Oil Free Face Moisture SPF 15 For Normal To Oily Skin, 115ml       ",Moisturizer,Neutrogena,oily,,
"        Kimirica Pharmacopia Argan Oil & Aloe Vera Organic Premium Moisturizing Body Lotion 250ml, 100% Vegan and Paraben & SLS Free Free Daily Moisturizer for Dry Skin       ",Moisturizer,Kimirica,all,,
"        Phy Green Tea Superlight Moisturizer | Anti-Acne Action | Light-liquid texture | Non-greasy, non-sticky | Specially for oily skin types | 15 ml       ",Moisturizer,Phy,all,,
        Dot & Key Vitamin C Moisturizer For face with Vitamin E for Glowing Skin I For Pigmentation and Dark Spot Removal Moisturizer cream for dry skin and oily skin| For Women & Men | Travel Edition | 50gm       ,Moisturizer,DOT & KEY,all,,
        Mirabelle Papaya Radiant Glow Moisturizer For Face | Glossy Dewy Finish | Soft and supple skin | For Women & Men | SLS and Paraben Free | Made In Korea - 80ml       ,Moisturizer,MIRABELLE COSMETICS KOREA,all,,
"        Khadi Natural Herbal Sandalwood Alovera Moisturizer 420Ml, Set Of 2       ",Moisturizer,Khadi,combination,,
"        WOW Skin Science Green Tea Face Moisturizer - OIL FREE - Quick Absorbing - Non Sticky - contains Green Tea Extract - for Refining & Nourishing Skin - No Parabens, Silicones & Mineral Oil - 100mL       ",Moisturizer,WOW Skin Science,all,,
"        Dr. Reddy Venusia Moisturizing Cream With Aloe Vera, Vitamin E and Squalene, Everyday Use Cream, Smooth and Moisturized Skin for Long Hours, Non-Greasy       ",Moisturizer,VENUSIA,normal,,
        Colorbar Co-Earth Vitamin C Face Moisturizer - 100 g       ,Moisturizer,Colorbar,all,,
        Biotique Bio Winter Cherry Lightening And Rejuvenating Body NourisherLotion - 190ml       ,Moisturizer,Biotique,combination,,
        Khadi Natural Sandalwood Kesar Moisturiser       ,Moisturizer,Khadi Natural,all,,
"        Kaya Clinic Acne Free Purifying Nourisher, Gentle/light/non-greasy daily Moisturizer for oily & pimple prone skin, 50 ml       ",Moisturizer,Kaya Clinic,all,,
"        OPERIO Ajanta Aqua soft Moisturizer Lotion, 200ml       ",Moisturizer,OPERIO,"all, combination, sensitive, dry, normal",,
"        Vaseline Intensive Care Aloe Fresh Body Lotion, With 100% Aloe Extract, Non Greasy, Non Sticky Formula For Hand & Body, 100 ml       ",Moisturizer,Vaseline,normal,,
        Aloe&Me Creme Gel Face and Body Moisturizer For Oily & Acne Prone Skin | Oil-free | Fast Absorbing | Non sticky | Fragrance Free | 150 ml       ,Moisturizer,Aloe&Me,"oily, combination, sensitive",,
        Nivea Aloe Body Cream Refreshing Moisturiser (50ml)       ,Moisturizer,Nivea,sensitive,,
        Rejusure Plant Derived Squalane + Vitamin E Face Moisturizer Nourishes & Restores Skin Moisture For Dry Skin– 50ml       ,Moisturizer,Rejusure,"all, dry",,
        The Derma Co Squalane + Zinc Oil Free Face Moisturizer - 50 gm(dermaco)       ,Moisturizer,The Derma Co,oily,,
"        Mitchell USA Skin Energizer Peptide Moisturizer Cream for Cell Renewal & Repair, Hydrating & Moisturizing Dry Skin & Reduces Wrinkles Lotus Seed Extracts, Pumpkin Seed Extracts, Pine Bark Extracts & Apple Extract for Unisex All Skin Type, 30ml       ",Moisturizer,Mitchell USA,all,,
"        Joy Pure Aloe | Multi-Benefit Aloe Vera Body Lotion | Soothes, hydrates & freshens | Natural Skin Moisturizer for Body | For Normal to oily skin | 300 ml       ",Moisturizer,JOY,normal to oily skin,,
"        Foxtale Ceramide Moisturizer for Face, Hydrates Skin 3x more than Hyaluronic Acid, Lightweight, Removes Dullness, Gives Instant Glow & Repairs Skin Barrier - 50ml       ",Moisturizer,FoxTale,all,,
"        Kaya Clinic Brightening Day Cream, 50ml with Vitamin C & Azelaic Acid, Daily Use Moisturizer, SPF15, Lightweight for All Skin Types       ",Moisturizer,Kaya Clinic,combination,,
"        SUGAR Cosmetics - Aquaholic - Priming Moisturizer - 30 ml - 2-in-1 Primer and Moisturizer - Non-greasy, Lightweight Formulation       ",Moisturizer,SUGAR Cosmetics,normal,,
"        Cheryl's Cosmeceuticals Actiblend Butter Moisturiser For All Skin Type, 40g       ",Moisturizer,Cheryl's Cosmeceuticals,all,,
        Pilgrim Korean Oil free Gel Moisturizer for oily skin with Hyaluronic Acid & Willow Bark Extracts | Moisturiser for face | Suitable for Oily & Acne-Prone Skin| Men & Women | Korean Skin Care | 50gm       ,Moisturizer,Pilgrim,"all, oily, combination, sensitive, dry",,
"        LAKMÉ Peach Milk Soft Crème Moisturizer, Light Weight Face Cream with 24hr Moisture Lock, 65g       ",Moisturizer,LAKMÉ,all,,
"        Vaseline Intensive Care Aloe Fresh Hydrating Body Lotion 400 ml, Daily Moisturizer for Dry Skin, Gives Non-Greasy, Glowing Skin - For Men & Women       ",Moisturizer,Vaseline,dry,,
"        Nivea Soft Chilled Mint, Light Moisturizer for Face, Hand & Body, Non Sticky Cream with Vitamin E & Jojoba Oil, 50ml       ",Moisturizer,Nivea,normal,,
"        Neutrogena Ultra sheer Sunscreen, SPF 50+, Ultra light, for oily and dry skin, 30ml       ",Moisturizer,Neutrogena,all,,
"        De - cons truct Skin Soothe Moisturiser, 1% Ceramides + 0.2% Bisabolol Cream Moisturiser, Dry To Combination Skin, Deep Moisturization & Hydration, 50g       ",Moisturizer,De - cons truct,"all, combination, sensitive, dry, normal",,
"        Brinton Doux 24 Hour Moisturizer Cream Face, Moisturizer, For Women, Ladies, Men, Man, 100 g, blue       ",Moisturizer,Brinton,sensitive,,
"        Careberry Organic Vanilla & Extra Virgin Coconut Oil Body Lotion, Ultra Moisture, Fast-Absorbing, Ayush Certified Ayurvedic, Paraben & Silicone Free 300ml       ",Moisturizer,Careberry,all,,
"        Brinton Doux 24 Hour Moisturizer Cream Face, Moisturizer Cream For All Skin Types, Body Lotion, Moisturizer For Face, Women Moisturizer Cream, Dry Skin Cream, Oil Skin Cream, 100 g (Pack of 2)       ",Moisturizer,Brinton,sensitive,,
"        Keya Seth Aromatherapy, Orange Gel, Vitamin C Enriched, Brightening, Nourishing, Refreshing, Hydrating. Non-sticky Light Moisturizer,160gm       ",Moisturizer,Keya Seth Aromatherapy,"all, oily, combination, dry, normal",,
"        RENEE Bollywood Filter Face Primer 15gm, Blurs Fine Lines, Wrinkles & Pores Instantly | Hydrating, Lightweight, Non-sticky       ",Primer,RENEE,"all, oily, combination, dry, normal",,
"        Maybelline New York Primer, Oils Absorbing, Moisturises and Smooths Skin, Long-lasting, Fit Me Matte + Poreless Finish, 8g       ",Primer,Maybelline,oily,,
"        Lakme Absolute Under Cover Gel Face Primer, Transparent Makeup Primer to Prep Skin for Smooth & Long Lasting Makeup - Moisturizing Makeup Base, 30 g       ",Primer,LAKMÉ,all,,
        The Derma Co 2% Niacinamide Pore Minimizing Primer For Pore Minimizing & Mattifying Skin - 30g       ,Primer,The Derma Co,all,,
        Insight Primer | 3 In 1 Oil Free (PRIMER)       ,Primer,INSIGHT,all,,
"        Colorbar Cosmetics Flawless Finish Primer, Transparent, 30 ml       ",Primer,Colorbar,all,,
"        Blue Heaven Flawless Makeup Base Primer For Face Makeup, 30gm       ",Primer,Blue Heaven,normal,,
"        Swiss Beauty Real MakeUp Base Hightlighting Primer| Skin-hydrating Poreless Primer with Natural Glow finish for Face makeup |Shade - Golden-Tint, 32ml       ",Primer,SWISS BEAUTY,normal,,
"        Maybelline New York Primer, Reduces Appearance of Pores, Long-lasting, Fit Me Dewy + Smooth Finish, Duo Pack, 30g       ",Primer,Maybelline,dry,,
        MARS Pore Cure Long Lasting Makeup Primer - 30 ml (Transparent)       ,Primer,MARS,normal,,
"        RENEE Bollywood Filter Face Primer 15gm, Blurs Fine Lines, Wrinkles & Pores Instantly | Hydrating, Lightweight, Non-sticky       ",Primer,RENEE,"all, oily, combination, dry, normal",,
        INSIGHT Primer 3 In 1 Oil Free       ,Primer,INSIGHT,normal,,
"        Just Herbs 3 in 1 Pore-Refining,Minimizer Mattifying & Hydrating Primer for Face Makeup Normal Oily ,Dry and Combination Skin Types 20g       ",Primer,Just Herbs,all,,
        Insight Primer | 3 In 1 Oil Free (PRIMER)       ,Primer,INSIGHT,all,,
"        Maybelline New York Primer, Oils Absorbing, Moisturises and Smooths Skin, Long-lasting, Fit Me Matte + Poreless Finish, 8g       ",Primer,Maybelline,oily,,
"        Blue Heaven Flawless Makeup Base Primer For Face Makeup, 30gm       ",Primer,Blue Heaven,normal,,
"        Colorbar Cosmetics Flawless Finish Primer, Transparent, 30 ml       ",Primer,Colorbar,all,,
"        LAKMÉ Absolute Blur Perfect Matte Face Primer, Makeup Primer for Poreless, Smooth & Long Lasting Makeup - Waterproof Brightening Makeup Base, 30 ml       ",Primer,LAKMÉ,all,,
"        Lakme Absolute Under Cover Gel Face Primer, Transparent Makeup Primer to Prep Skin for Smooth & Long Lasting Makeup - Moisturizing Makeup Base, 30 g       ",Primer,LAKMÉ,all,,
"        L'Oreal Paris Smoothing Face Primer, Minimised Pores and Fine Lines, Hydrating with Matte Finish, Ideal Base for Makeup, Magique, 15 ml       ",Primer,L'Oreal Paris,all,,
"        Colorbar New Perfect Match Primer, 30ml       ",Primer,Colorbar,normal,,
        The Derma Co 2% Niacinamide Pore Minimizing Primer For Pore Minimizing & Mattifying Skin - 30g       ,Primer,The Derma Co,all,,
"        Dazller Pristine Finish Primer, 10g, Smoothens Pores, Mattifying, Transfer-proof, Paraben-free, Enriched with Aloe, Centella and Vitamin E, Vegan & Cruelty-free       ",Primer,DAZLLER,all,,
        RENEE Glass Glow Pre Make-up Oil Primer (10ml)       ,Primer,RENEE,all,,
"        Swiss Beauty Real MakeUp Base Hightlighting Primer| Skin-hydrating Poreless Primer with Natural Glow finish for Face makeup |Shade - Golden-Tint, 32ml       ",Primer,SWISS BEAUTY,normal,,
"        Just Herbs 3 in 1 Pore-Refining,Minimizer Mattifying & Hydrating Primer for Face Makeup Normal Oily ,Dry and Combination Skin Types 20g       ",Primer,Just Herbs,all,,
"        THR3E STROKES Full Size Fix+ Makeup Fixer/Finishing Mist, 100 ml/3.4 Oz (D U P E) (1ST COPY)       ",Primer,THR3E STROKES,all,,
"        Skineace Stay Matte HD High- Definition Smoothing Transparent Face Primer, Type Of Packaging: Tube, Packaging Size: 40 ml       ",Primer,Generic,all,,
"        Blue Heaven Primer & Fixer Combo Set, Transparent, 30 g + 60 ml       ",Primer,Blue Heaven,all,,
"        SUGAR POP Perfecting Primer - Infused with Vitamin E l Blurs Pores, Wrinkles & Fine Lines, Hydrating, Lightweight, Gel-Based Matte Finish Formula to keep Makeup Intact l Face Primer for Women l 25       ",Primer,SUGAR POP,all,,
        Rsentera MAKEUP BASE PRIMER WITH MAKEUP FIXER Primer - 150 ml (TRANSPARENT)       ,Primer,Rsentera,all,,
"        Lotus Makeup Ecostay Insta Smooth Perfecting Primer, 30g       ",Primer,Lotus Makeup,all,,
"        Swiss Beauty Pearl Primer, Prime Light, Face Makeup, Pearl-Pores, 30ml - Long Stay, Oil Free, All Skin Type, Primer for Face Makeup       ",Primer,SWISS BEAUTY,oily,,
        A.K.Enterprise Insight Primer | 3 In 1 Oil Free (PRIMER) 30ml       ,Primer,A.K.Enterprise,all,,
"        Iba Photo Perfect Hd Face Primer, Transparent, 35 Gm l Matte Gel Base l Fills Pores & Fine Lines l Makes Makeup Last Longer       ",Primer,Iba,all,,
        Insight Prime N Hold Eye Base Primer (EB-01)       ,Primer,INSIGHT,all,,
        ORO MAC Prep+Prime All Skin Base Visage Primer Pack-of-1       ,Primer,OROMAC,all,,
        MAKEUP SETTING SPRAY FIXER AND MATTE FINISHING FOUNDATION & GEL FACE PRIMER & 3D CONTOUR CONCEALER HIGHLIGHTER STICK & PUFF SOFT BLENDER       ,Primer,BEGGIE,all,,
        MARS Illuminati Base with primer & highlighter look (Pink Beam)       ,Primer,MARS,all,,
"        Skineace beauty High- Definition Smoothing Transparent Face Primer, Type Of Packaging: Tube, Packaging Size: 40 ml       ",Primer,Generic,all,,
        Plum Prep Set Go Face Primer | Minimizes Pores | Weightless Formula | 100% Vegan & Cruelty Free | 30 ml       ,Primer,Plum,all,,
"        SUGAR Cosmetics Prime Sublime Brightening Face Primer, Mattifying, Long-Lasting, Pore Minimizing, Makeup-Skincare Hybrid, 100% Vegan, Cruelty-Free, 15 g       ",Primer,SUGAR Cosmetics,all,,
        MISSDOLL Fit Me Matte+Poreless Liquid Tube Foundation Natural & illuminating Gel Primer For Women       ,Primer,MISSDOLL,all,,
"        Lakme 9to5 Primer+Matte Liquid Concealer 34 Almond, 5.4 ml       ",Primer,LAKMÉ,normal,,
"        PRAUSH (Formerly Plume) Silk Blur Moisturising & Hydrating Primer 50 Gm, With Hyaluronic Acid And Avocado Extracts, Pink       ",Primer,PRAUSH BEAUTY,all,,
"        Recode Makeup Ace of Base Primer for Oily Skin & Dry Skin, Extremely Lightweight & Silky Smooth On Skin, Primer for Face Makeup, Face Primer for Women & Girls, For All Skin Types, 30ml       ",Primer,Recode,all,,
        Mars 5 Function Make-up Base Face Primer 30 ML       ,Primer,MARS,all,,
"        PRAUSH (Formerly Plume) Say No Pore Mattifying Gel Primer for Crack Free Long Lasting Makeup, Oil Absorbing & Skin Perfecting formula, all skin type, 30 g       ",Primer,PRAUSH BEAUTY,all,,
"        RENEE Face Gloss Primer Serum with Hyaluronic Acid, Nourishes And Brightens Skin, Lightweight, Non Greasy, Rose Gold 10ml       ",Primer,RENEE,"all, oily, combination, acne prone, dry, normal",,
        MyGlamm Tinted Perfection Face Primer-30gm       ,Primer,MyGlamm,normal,,
"        Hilary Rhoda Power of Blur Perfect Matte & Smooth Face Primer, Makeup Primer for Poreless, Oil Control & Long Lasting Makeup - Waterproof Brightening Makeup Base, 30 ml       ",Primer,HILARYRHODA,"all skin types,oily",,
"        SUGAR Cosmetics The Most Eligiblur Correcting Primer - 01 Peach Precedent (Peach) | Tackle Open Pores, Dark Circles, Wrinkles, Pigmentation & Acne Marks | 30 gm       ",Primer,SUGAR Cosmetics,all,,
        BLUE HEAVEN Flawless Make-up base primer 16 g (mini pack) Primer - 16 ml (black)       ,Primer,Blue Heaven,all,,
        Swiss Beauty Pore Minimizer Primer | Oil Control Primer for Flawless Long lasting face makeup base with benefits of Vitamin E and C| 25ml|       ,Primer,SWISS BEAUTY,all,,
"        SWISS BEAUTY Makeup Primer Oil Free Mattifying Long Lasting Base, 30 ml - Face Primer, Smooth and Long Lasting, Makeup Primer, Minimies Pores and Fine Line       ",Primer,SWISS BEAUTY,all,,
"        Swiss Beauty Makeup Primer, Face Makeup, 30Ml       ",Primer,SWISS BEAUTY,all,,
"        Faces Ultime Pro Perfecting Primer, 30ml       ",Primer,Faces,all,,
        Bella Voste Ultra HD Primer | VEGAN | CRUELTY FREE | PARABEN FREE | Poreless Smooth Long Lasting Makeup | Ultra Matt Finish (25 gm)       ,Primer,Bella Voste,all,,
"        GLAMLER Professional Makeup Combo Primer, Foundation, Facial Wipes, Concealer, Blender With Fixer Pack Of 6.       ",Primer,GLAMLER,combination,,
"        Charmacy Milano Pro-Pore Conceal Primer - 40 ml, Flawless Finish, for Smooth Canvas, Blurs Pores, Transparent Texture, Matte Finish, Vegan, Cruelty-Free, Non Toxin       ",Primer,Charmacy Milano,normal,,
        Colors Queen REVITALIFT 2 IN 1 High Definition Double Action Water Proof Foundation With Primer       ,Primer,COLORS QUEEN,all,,
        RENEE Glass Glow Pre Make-up Oil Primer (30ml)       ,Primer,RENEE,all,,
        FIRSTZON Vitamin enriched non greasy face base primer oil Primer | HD matte face primer       ,Primer,FIRSTZON,oily,,
"        FACES CANADA Ultime Pro HD Intense Matte Lips + Primer - Bloodmoon 20, 1.4g | 9HR Long Stay | Primer Infused For Flawless HD Matte Finish | Intense Color Lightweight Silky Smooth Cream Application       ",Primer,FACESCANADA,normal,,
        GLAMLER Pre Prime Fix And Skin Base Visage Primer.       ,Primer,GLAMLER,all,,
"        Maliao Matte Finish Face Primer, 30 g       ",Primer,Maliao,all,,
"        Swiss Beauty Color Correcting Brightening Primer, 20ml       ",Primer,SWISS BEAUTY,all,,
"        Wet n Wild Photo Focus Dewy Face Primer Till Prime Do Us Part, Mattifying, Blurring & Oil Absorbing Face Makeup,Blurs Imperfections and Reduces Pore Appearance Paraben & Cruelty Free-25ml       ",Primer,Wet n Wild,all,,
"        Colorbar Magic Water Primer, Clear, 30 ml       ",Primer,Colorbar,all,,
        MyGlamm Manish Malhotra Beauty Luminious Moisturising Primer - 28ml       ,Primer,MyGlamm,all,,
"        E. L. F. Cosmetics Hydrating Face Primer, For Use As A Foundation For Your Makeup, Vitamin Infused Formula, 14G       ",Primer,E.l.f.,dry,,
        Faces Canada Ultime Pro Primerizer Primer + Moisturizer 30g       ,Primer,FACESCANADA,normal,,
        FIRSTZON Vitamin enriched non greasy face base primer oil Primer | HD matte face primer       ,Primer,FIRSTZON,oily,,
"        SERY Perfect Finish Face Primer, Makeup Primer for Poreless, Smooth & Long Lasting Makeup - Waterproof Brightening Makeup Base, 30ml       ",Primer,SERY,all,,
"        Swiss Beauty Flawless Moisture Primer with amino, Face Makeup, White, 80ml       ",Primer,SWISS BEAUTY,combination,,
        Fit Me Primer 01       ,Primer,Maybelline,all,,
"        RENEE Face Base Illuminating Primer, 20ml | Long Lasting, Highly Moisturizing, Easy Blend Formula for All Skin Types, Enriched with Maca Roots       ",Primer,RENEE,all,,
"        SUGAR Cosmetics - Face Fwd >> - Primer Stick - Mattifying Primer Stick for All Skin Types, Evens Skin Tone, Longlasting Formula, Lightweight       ",Primer,SUGAR Cosmetics,normal,,
"        L'Oreal Paris Infallible Lasting Primer, 30 g       ",Primer,L'Oreal Paris,all,,
"        Faces Canada Vitamin Rich Primer, Clear, 15 g       ",Primer,Faces,all,,
        Get Glamorous Combo Blue Heaven Fixer And Primer For Women And Girls       ,Primer,Generic,all,,
"        Quench Botanics Mama Cica Pore minimizing Primer | Korean Skin care, Vitamin E, Hydrating formula minimizes pores, 30ml       ",Primer,QUENCH BOTANICS,normal,,
        Kiss Pretty Smooth Perfecting Primer| Hydrating Face Primer For Smoothing Skin & Perfect Makeup - Long Lasting & Moisturizing       ,Primer,Kiss Pretty,all,,
        Shryoan illuminating Strobing Moisturizer Cream primer 20g       ,Primer,Shryoan,all,,
"        MALIAO Magic Perfecting Base Face Primer 24 H Matte Finish Oil-Free, 45 g       ",Primer,MALIAO,all,,
"        Skineace Stay Matte HD High- Definition Smoothing Transparent Face Primer, Type Of Packaging: Tube, Packaging Size: 40 ml       ",Primer,Generic,normal,,
"        Wet n Wild Prime Focus The Impossible Primer Silicon-Free Face Primer for Pore-Minimizing Effect, with Gooseberry and Jeju Blossom Extract, Mattifying and Hydrating Shine Control Formula Vegan-25 ml       ",Primer,Wet n Wild,normal,,
        MISS ROSE Pearl Primer Zero Porse Oil Free Primer       ,Primer,Miss Rose,all,,
"        SUGAR Cosmetics - The Most Eligiblur - Smoothing Primer - Full Coverage Primer with Super Matte Finish, Cream Finish Primer, Suitable for All Skin Types       ",Primer,SUGAR Cosmetics,all,,
        Maliao Photo Finish Foundation Primer 40 ml       ,Primer,Maliao,all,,
        Insight Primer | 3 In 1 Oil Free (PRIMER) & Insight Makeup Fixer and 3 in 1 Primer (Makeup Fixer)       ,Primer,INSIGHT,all,,
        Rsentera MAKEUP BASE PRIMER WITH MAKEUP FIXER Primer - 150 ml WITH ORANGE CONCEALER (TRANSPARENT)       ,Primer,Rsentera,all,,
"        FIRSTZON HD pore minimizer and pore blurring matte face make up primer, matte + poreless face make up base primer , stay upto 24 hr mattifying face base primer       ",Primer,FIRSTZON,all,,
"        The Trendy Foundation ILLUMINATING Base Waterproof Primer, 50ml       ",Primer,The Trendy,all,,
"        Makeup Revolution Power Fix Primer, Transparent, Oils Absorbing, Moisturises and Smooths Skin, Long-lasting, Fit Me Matte + Poreless Finish (1)       ",Primer,Makeup Revolution,all,,
        Lakme Absolute Glow Primer 30g       ,Primer,LAKMÉ,all,,
"        MAPPERZ Perfect Matte Face Makeup Base Primer Makeup Primer for Pore less, Smooth & Long Lasting Makeup Waterproof Makeup Base Gel - 50 ml       ",Primer,MAPPERZ,all,,
        ClubBeauty Most Beautiful Trending Fixer combo with Primer Foundation Luxury Primer - 150 ml (Transparent)       ,Primer,ClubBeauty,all,,
        Rsentera Super Quality ILLUMINATING WATERPROOF PRIMER WITH MATTE MAKEUP FIXER FOR LONG LASTING MAKEUP Primer - 150 ml (Transperent)       ,Primer,Rsentera,all,,
"        MeeTo Perfect Matte Face Makeup Base Primer Makeup Primer for Pore less, Smooth & Long Lasting Makeup Waterproof Makeup Base Gel - 50 ml       ",Primer,MeeTo,all,,
"        Blue Heaven Studio Perfection Primers, 60g (Transparent, BHPRIMER) - Set of 2       ",Primer,Blue Heaven,all,,
"        Lotus Makeup Proedit Silk Touch Luminizing Primer, White, 20 g       ",Primer,Lotus Makeup,normal,,
"        Colors Queen Perfect Balance Primer | Oil Free Primer Which Provides Soothing and Hydrating Makeup Base | Waterproof Long Lasting Primer, Which helps to mask Fine Lines and Uneven Texture       ",Primer,COLORS QUEEN,all,,
        MARS Illuminati Base with primer & highlighter look (Gold Beam)       ,Primer,MARS,all,,
"        Swiss Beauty Primer Mattifying Setting Powder with SPF 15 |Translucent powder for Face makeup| Shade-01, 10G |       ",Primer,SWISS BEAUTY,all,,
        Rsentera Most Beautiful Trending Fixer combo with Primer Foundation Luxury Primer - 150 ml (Transparent)       ,Primer,Rsentera,all,,
        Coloressence AQUA MAKEUP BASE PRIMER (PACK OF 1) Primer - 35 ml (Biege)       ,Primer,Coloressence,all,,
        Bella Voste Ultra HD Primer | VEGAN | CRUELTY FREE | PARABEN FREE | Poreless Smooth Long Lasting Makeup | Ultra Matt Finish (25 gm)       ,Primer,Bella Voste,all,,
"        Dazller Pristine Finish Primer, 30g, Smoothens Pores, Mattifying, Transfer-proof, Paraben-free, Enriched with Aloe, Centella and Vitamin E, Vegan & Cruelty-free       ",Primer,DAZLLER,all,,
"        ZOOMIQUE 3D Contour Stick with Matte Fixer Spray, Foundation Illuminating WaterProof Makeup Base Primer 150 ml with (Transparent), Foundation and 2 Pink Beauty Blenders - (Pack of 6)       ",Primer,ZOOMIQUE,all,,
        Glam21 Face Primer For Easy Makeup & Pore Minimize | Gel-like Texture | Perfect Coverage | Lightweight | With Skin-Softening Apricot Essence | 30 gm       ,Primer,Glam 21,all,,
"        FACES CANADA Ultime Pro HD Intense Matte Lips + Primer - Bloodmoon 20, 1.4g | 9HR Long Stay | Primer Infused For Flawless HD Matte Finish | Intense Color Lightweight Silky Smooth Cream Application       ",Primer,FACESCANADA,normal,,
"        RED4 Oil free Aloevera Primer for Hydrating and Moustrising Face ,long lasting 24 Hydration Formula for Natural Complexion (30Ml)       ",Primer,RED4,oily,,
"        L.A.GIRL PRO. Prep HD Smoothing Face Primer - Matte & Poreless Ultra Blendable Liquid Clear, Smoothening, Lightweight, Soft Nourishing Formula, Paraben Free, (15ml)       ",Primer,L.A GIRL,all,,
        Maliao WOW! 24K Gold Gel Primer 40 ml       ,Primer,Maliao,all,,
"        Colors Queen Perfect Balance Oil Free Primer | Waterproof Long Lasting Primer for Face Makeup, Which helps to mask Fine Lines and Uneven Texture with Free Eye Primer (Pack of 2)       ",Primer,COLORS QUEEN,all,,
"        CS Essentials Glow Fix, Prep, Prime & Set It Too, Clear, 100 ml       ",Primer,CS Essentials,all skin type,,
        Inshine Professional Poreless Absolute PEARL PRIMER       ,Primer,INSHINE ORIGINALS,all,,
"        FIRSTZON HD pore minimizer and pore blurring matte face make up primer, matte + poreless face make up base primer , stay upto 24 hr mattifying face base primer       ",Primer,FIRSTZON,all,,
"        FLiCKA Get Set Go Primer for womens and Girls, (30ML) - Brand Outlet       ",Primer,FLiCKA,combination,,
"        Ainhoa Skin Primer Ultra Comfort Vegan Cleansing Milk With Rice Oil For Dry Skin, 350ml       ",Primer,AINHOA,all,,
"        PAPAI RANG MAHAL, Interiror POPULAR PRIMER 4 L (1 Pc)       ",Primer,Generic,all,,
"        Quench Botanics Yuzu Fine Brightening Primer | Korean Skin care, Hydrate, Smoothen and Brighten, 30ml       ",Primer,QUENCH BOTANICS,normal,,
        Maliao WOW! 24K Gold Gel Primer 40 ml       ,Primer,Maliao,all,,
        RED 4 Face & Body Primer Matte Finish Oil Free Primer       ,Primer,RED 4,all,,
"        Wet n Wild Prime Focus Nude Primer Serum for Face, Hydrating for Dry Skin, Makeup Primer Serum Paraben & Cruelty Free-30 ml       ",Primer,Wet n Wild,all,,
        Faces Canada Ultime Pro HD Ace Of Base Radiance Primer 30g       ,Primer,FACESCANADA,normal,,
"        Nyx Professional Makeup Glitter Primer, 10ml       ",Primer,Nyx Professional Makeup,all,,
"        Lakmé Absolute Blur Perfect Makeup Primer, 30g       ",Primer,LAKMÉ,acne prone,,
"        MeeTo Perfect Matte Face Makeup Base Primer Makeup Primer for Pore less, Smooth & Long Lasting Makeup Waterproof Makeup Base Gel Spray - 100 ml       ",Primer,MeeTo,all,,
"        maliao Mahak Beauty Infallible Mattifying Base Face Primer Gel (4.5 g), multicolour       ",Primer,Maliao,all,,
        Maliao Star Ocean Illumine Primer Colour Corrector and Glow Booster Primer - 40ml       ,Primer,Generic,all,,
"        Clinique Clinique Super Primer Color Corrects Discolorations for Women, 1 Ounce       ",Primer,Clinique,all,,
"        INCOLOR Absolute Oil Free Long Lasting Face Makeup Primer for Women, Clear, 30 ml       ",Primer,INCOLOR,all,,
        ILLUMINATING WATERPROOF PRIMER WITH MATTE MAKEUP FIXER FOR LONG LASTING MAKEUP Primer       ,Primer,Generic,all,,
        best Makeup Primer Setting Tube with Chamomile and Hyaluronic Acid Primer       ,Primer,DEVIL MONK,all,,
        Infallible Mattifying Face Gel Primer for all skin tone Primer       ,Primer,DEVIL MONK,all,,
        FASHIONSTORM KISS BEAUTY 24K GOLDEN EDITION PRIMER 40ML       ,Primer,FASHIONSTORM,all,,
"        Indulgeo Essentials Wonder Gold Beauty Oil (15 mL) | 24K Gold Infused Makeup Face Primer for Dry and Sensitive Skin | Instant Glow, Beauty Oil | Reduces Hyperpigmentation, Fine Lines, Anti-aging, Natural SPF |Nourishment | Ayush Certified,100% Organic       ",Primer,INDULGEO ESSENTIALS,all,,
"        CVB PL701 24K Gold Gel Primer for Pores Minimization, Anti-Ageing Oil-Free & Fragrance-Free Makeup Base (Gold, 30ml)       ",Primer,CVB,all,,
        make up base face care primer for gel Primer       ,Primer,DEVIL MONK,all,,
        HD Face Primer water proof face base primer       ,Primer,DEVIL MONK,all,,
        Face Gel Primer Waterproof Primer       ,Primer,DEVIL MONK,all,,
        Plethora Most Beautiful Trending Fixer combo with Primer Foundation Luxury Primer - 150 ml (Transparent)       ,Primer,Plethora,all,,
        Make-up Pro Primer Glow Enhancer 30ML (by Ori flame)       ,Primer,Generic,all,,
"        Maliao Gel Base Primer, Transparent Gold Crytals, 30 ml       ",Primer,Maliao,all,,
        VARS LONDON MLIO Face primer oil| makeup primer| Vitamin enriched non greasy face base primer oil Primer gel primer| makeup blendable primer oil|       ,Primer,VARS ; LONDON,all,,
        wet n wild Photo Focus Dewy Face Primer Till Prime Dew us Part 0.84 Fluid Ounce       ,Primer,Wet n Wild,all,,
        Lor Face Primer Studio Se Size .05z       ,Primer,L'Oreal Paris,all,,
"        Firmer Pre Make-Up Primer Cream Multifunctional Skin Perfector, Skin Firming, Skin Illuminating, Face Contouring & Slimming, Anti-Aging Hydrating Makeup Primer For Youthful Glow, Paraben Free - 50 GM       ",Primer,FIRMER,acne prone,,
        Half N Half Base + Primer Foundation Primer Smooth & Blur Primer - 25 ml       ,Primer,Half N Half,all,,
        24H Perfect Matte Primer       ,Primer,DEVIL MONK,all,,
        Oil Free Make Up Illuminatiing Foundation Primer       ,Primer,DEVIL MONK,all,,
        ILLUMINATION PRIMER FOR MAKEUP BASED Primer       ,Primer,DEVIL MONK,all,,
        Make-up Base Face Primer       ,Primer,DEVIL MONK,all,,
        Face Primer | Minimizes Pores | Weightless Formula       ,Primer,DEVIL MONK,all,,
        NEW GEL PRIMER MATTE FINISH TRANSPARENT MAKE UP PRIMER       ,Primer,DEVIL MONK,all,,
        Professional Long Lasting24H Perfect Matte Primer       ,Primer,DEVIL MONK,all,,
        QUALITY WATERPROOF LONG LASTING GEL PRIMER       ,Primer,DEVIL MONK,all,,
        MAKEUP BASE ILLUMINATING PRIMER       ,Primer,DEVIL MONK,all,,
        Make Up Illuminatiing Foundation Primer       ,Primer,DEVIL MONK,all,,
        High quality of Gold 24 hours primer for a magical base of make up       ,Primer,DEVIL MONK,all,,
        Professional Infallible Mattifying Face Gel Primer for all skin tone Primer       ,Primer,DEVIL MONK,all,,
        24H Tube primer (Transparent)       ,Primer,DEVIL MONK,all,,
        Make Up Primer(Long Lasting & Oil Free)       ,Primer,ELCO,all,,
        RONZILLE Gold Makeup Fixer 30 ml plus Gold Makeup Primer 30 ml Primer - 60 ml  (Gold)       ,Primer,RONZILLE,all,,
"        Hilary Rhoda Lumilayer Absolute Blur Perfect Matte Face Primer, Makeup Primer for Poreless, Smooth & Long Lasting Makeup - Waterproof Brightening Makeup Base 25ml.       ",Primer,HILARYRHODA,all,,
        Fixer combo with Primer Foundation Luxury Primer Waterproof Fixer Combo       ,Primer,Generic,all,,
"        Earth Rhythm Glow Set Go Multipurpose Strobe Cream Spf 50 PA++++ | Used As Moisturizer, Primer, Highlighter | Cocoa Butter, Vitamin E - Pearly Glow- 40ml       ",Primer,Earth Rhythm,all,,
"        Makeup Revolution Pore Blur Primer, Pore Minimizer Cream, Makeup Primer With Vitamin E To Nourish Skin, 0.95fl.oz/28ml       ",Primer,Makeup Revolution,all,,
        HD Face Primer 37g (Pack of 2).       ,Primer,Generic,all,,
        Colorescience Even Up Clinical SPF 50 Pigment Perfector Primer       ,Primer,ColoreScience,all,,
        ADS Good Choice India Foundation Illuminating Primer Base with Kajal       ,Primer,ADS Good Choice India,acne prone,,
        MINI 24K Gold Gel Primer 18Hrs Oil Free       ,Primer,CYB,all,,
"        Quench Botanics Bravocado Moisturizing Primer, 30ml       ",Primer,QUENCH BOTANICS,normal,,
"        SERY Perfect Finish Face Primer, Makeup Primer for Poreless, Smooth & Long Lasting Makeup - Waterproof Brightening Makeup Base, 30ml       ",Primer,SERY,all,,
"        Indulgeo Essentials Rose Gold Beauty Oil, 15ml 24K Gold Infused Makeup Face Primer Lightweight-Elixir For Face, Lips, Neck Glow Serum for All Skin Types | Primer, 100% Organic       ",Primer,INDULGEO ESSENTIALS,normal,,
        Imagic NOT SO BASIC killer primer       ,Primer,BANEVI,all,,
"        Salata Poreless Primer - Magically Fills in Enlarged Pores, Fine Lines and Wrinkles       ",Primer,Salata,all,,
        MILAP Makeup Base Primer For Face | The Flawless Make up Face Primer | Oil Free Makeup Primer (30ml)       ,Primer,MILAP,normal,,
"        Earth Rhythm Glow Set Go Multipurpose Strobe Cream Spf 50 PA++++ | Used As Moisturizer, Primer, Highlighter | Cocoa Butter, Vitamin E - Pearly Glow- 40ml       ",Primer,Earth Rhythm,all,,
"        Makeup Revolution Pore Blur Primer, Pore Minimizer Cream, Makeup Primer With Vitamin E To Nourish Skin, 0.95fl.oz/28ml       ",Primer,Makeup Revolution,all,,
        HD Face Primer 37g (Pack of 2).       ,Primer,Generic,all,,
        Half n Half PHOTOFOCUS 100% Natural Finish MAKE-UP Face Primer (20ml).       ,Primer,Half N Half,all,,
        Colorescience Even Up Clinical SPF 50 Pigment Perfector Primer       ,Primer,ColoreScience,all,,
        GEL TUBE PRIMER FOR MOST OILY SKIN Primer       ,Primer,DEVIL MONK,all,,
"        Makeup Base Highlighting Primer, Face Makeup       ",Primer,DEVIL MONK,all,,
"        CVB C15 24K Gold Gel Primer for Pores Minimization, Anti-Ageing Oil-Free & Fragrance-Free Makeup Base (Gold, 40ml)       ",Primer,CVB,all,,
"        Kiss Beauty 3 In 1 Oil Free Matte Face Primer Makeup Effect Long Lasting Primes , Protects & Moisturises Dry & Oily Skin Fair Skintone Women And adult Girls 30 ml       ",Primer,Kiss Beauty,normal,,
"        Miss Rose Primers, Beige, 30 ml       ",Primer,Miss Rose,all,,
        L'YON BEAUTY PRIMER       ,Primer,L'YON BEAUTY,all,,
        MALIAO GOLD PRIMER UP TO 24 HOURS MATTE FINISH OIL FREE MAGIC PERFECTING BASE       ,Primer,MALIAO,all,,
        Belora Paris Primer Naturelle - Non Comedogenic | Moisturizing Primer| Nourishing for All Skin Types| Vegan & Natural makeup base for long lasting makeup (transparent) I Paraben & Silicone free | Hyaluronic Acid moisture lock 24h       ,Primer,Belora,all,,
        MAKEUP SETTING SPRAY FIXER AND MATTE FINISHING FOUNDATION & GEL FACE PRIMER & 3D CONTOUR CONCEALER HIGHLIGHTER STICK & PUFF SOFT BLENDER       ,Primer,Generic,normal,,
"        BE Blue-Heaven... Flawless Makeup Base Primer, 30g       ",Primer,Generic,all,,
"        CVB C14 Pearl Drop Primer Gel Base for All Skin Types, Oil-Free Cream for Long Lasting Make-up Base, 30 ml       ",Primer,CVB,"acne prone,oily,dry,all skin types",,
        Oriflame make-up Pro Primer Glow Enhancer - 30 ml and multicolor hair/head band [ASSORTED] - COMBO       ,Primer,Oriflame,all,,
        Salata Hydrating Face Primer - Magically Refreshes Complexion Pre-Makeup with Powerful Boost of Hydration and Essential Vitamins.       ,Primer,Salata,all,,
"        IN5 Face Make Up Primer. Matte Finish, Long Lasting, Smooth Texture. With Almond Oil. Vegan (30 ml)       ",Primer,IN5,all,,
        YOVIEX Trending Fixer combo with Primer Foundation Luxury Primer Waterproof Fixer Combo (50ML) Primer & 150 ml (Color - White)       ,Primer,YOVIEX,all,,
        Coloressence Makeup Primer - 30 ml       ,Primer,Coloressence,all,,
        Chill Out Soothing Face Primer       ,Primer,Milani,all,,
"        COSLUXE IMAGIC PROfessional PORE ERASER PRIMER, VELVET SKIN COAT PRIMER & base 30ml       ",Primer,COSLUXE IMAGIC,all,,
"        FLiCKA Get Set Go Primer for womens and Girls, (30ML) - Brand Outlet       ",Primer,FLiCKA,combination,,
        Cosmac Professional Mattifying Face Gel Primer for all skin tone.       ,Primer,Cosmac,all,,
        ORO MAC Peal Gel Prep Primer All Skin Base Visage Primer       ,Primer,OROMAC,all,,
        MyGlamm Tinted Perfection Brightening Banana Primer -27g- Banana | Yellow |Tinted Primer | Lightweight Formula       ,Primer,MyGlamm,all,,
        FLENGO; MADE FOR YOU Make up Primer 3 IN 1Oil Free Primer       ,Primer,FLENGO; MADE FOR YOU,all,,
        Rsentera combo set of Makeup fixer and primer makeup base - Set of 2       ,Primer,Rsentera,all,,
        MYN Kamz MAKEUP BASE PRIMER WITH MAKEUP FIXER Primer - 150 ml (TRANSPARENT)       ,Primer,MYN,all,,
"        Colorbar Perfect Match Primer Water, Calm It Down, 35 ml       ",Primer,Colorbar,combination,,
        BLUE HEAVEN Oil Free Long Lasting Studio Perfection Primer (32g) Primer - 32 g (Transparent)       ,Primer,Blue Heaven,all,,
        MARS Long Lasting Makeup Fixer With Healthy Glow Face Primer - 90 ml (Transparent)       ,Primer,MARS,all,,
"        Chambor Prep & Primer – Mattifying, Moisturizing Primer for Poreless Skin       ",Primer,CHAMBOR,all,,
"        Colors Queen Oil Control | Oil Free Primer + Foundation | That Gives Natural and Brightening skin | Waterproof foundation Long Lasting, Provides Non Sticky and Matte Finish | Liquid Foundation For Oily Skin (Natural Ivory)       ",Primer,COLORS QUEEN,all,,
"        Maybelline Facestudio Master Prime Primer, Hydrate + Smooth, 1 fl. oz.       ",Primer,Maybelline,all,,
        FaceTech Professional Face Primer       ,Primer,FaceTech,all,,
"        MAPPERZ Perfect Matte Face Makeup Base Primer Makeup Primer for Pore less, Smooth & Long Lasting Makeup Waterproof Makeup Base Gel Spray - 100 ml       ",Primer,MAPPERZ,all,,
        Random-mac Infallible Mattifying Base Primer       ,Primer,RANDOMMAC,combination,,
        Hilary Rhoda HD Primer 18 hours Long Lasting Waterproof Base Primer for Face Makeup Primer - 30 ml       ,Primer,Hilary Rhoda,sensitive,,
"        INCOLOR 24K Gold Long Lasting Waterproof Gel Primer/Oil Free Face Makeup Primer for Women, 30ml       ",Primer,INCOLOR,all,,
        Shryoan Illuminating Pro Expert Premium Face Primer 40g SH01       ,Primer,Shryoan,all,,
"        Matt look Zero Pores Hydrating Mattifying Gel Primer, (30ml)       ",Primer,MATT LOOK,dry,,
        Kiss Beauty 24 K Golden Edition Gel Face Primer Makeup Dry & Oily Skin Fair Skintone Women And adult Girls 30 ml       ,Primer,Kiss Beauty,normal,,
        Awiclo Makeup Primer ( pack of 3 )       ,Primer,Snatch,all,,
"        Colorbar Perfect Match Primer Water, Quench Me, 35 ml       ",Primer,Colorbar,combination,,
        Face primer oil| makeup primer| Vitamin Enriched Non-Greasy Make up Base Facial Skin Oil - Control Primer gel | makeup blendable primer oil|Pore Minimizer Primer & Serum Acid to Instantly Hydrate       ,Primer,Belanto,all,,
        Vozwa Long Lasting Makeup Face Primer Oil Free Smooth Silky       ,Primer,Vozwa,normal,,
        Devriz Best organic Primer For women Long lasting & pore Minimizer       ,Primer,DEVRIZ PROFESSIONAL,"all, oily, sensitive, dry, normal",,
        Devriz Matte Finish Formula to keep Makeup long Lasting primer       ,Primer,DEVRIZ PROFESSIONAL,"all, oily, sensitive, dry, normal",,
"        Devriz Natural Glow, Transparent, Flawless Finish Face Primer       ",Primer,DEVRIZ PROFESSIONAL,"all, oily, sensitive, dry, normal",,
        Salata Mineral Infused Primer - Infused with MAGICAL Skin-Loving Minerals       ,Primer,Salata,all,,
"        Lyon Beauty Real Makeup Base Highlighting Primer, Face Makeup, Shade-03, Golden Tint       ",Primer,Generic,all,,
"        Salata Tone Adjusting Purple Primer - Designed MAGICALLY to reduce the Appearance of Redness, blotchiness and create flawless and even complexion.       ",Primer,Salata,all,,
"        AURIC BEAUTY PRODUCTS PRIVATE LIMITED Healthy Glow Makeup Base | Instant Glow Formula, Moisturizing, Longlasting, Flawlessly Radiant, Lightweight | Transparent, 28 g       ",Primer,AURIC BEAUTY PRODUCTS PRIVATE LIMITED,all,,
        YOVIEX Trending Fixer combo with Primer Foundation Luxury Primer Waterproof Fixer Combo (50ML) Primer & 150 ml (Colour - White)       ,Primer,YOVIEX,all,,
        Oriflame make-up Pro Primer Glow Enhancer - 30 ml and head band for girls/women - combo       ,Primer,Oriflame,all,,
"        Salata Face Make-up Lockin Base -Quickly minimize the appearance of pores & fine lines for smoother-than-smooth skin! Apply this silky, lightweight cream alone, under or over make-up (Hydrating)       ",Primer,Salata,all,,
"        COSLIFESTORE-UV LAMP DRY- GLOSS TOP COAT + BASE COAT + PRIMER PACK OF 3- 15 ML EACH, TOTAL 45 ML       ",Primer,Coslifestore,all,,
"        Matt look Zero Pores Hydrating Mattifying Gel Primer, (30ml)       ",Primer,MATT LOOK,dry,,
        Kiss Beauty 24 K Golden Edition Gel Face Primer Makeup Dry & Oily Skin Fair Skintone Women And adult Girls 30 ml       ,Primer,Kiss Beauty,normal,,
        Awiclo Makeup Primer ( pack of 3 )       ,Primer,Snatch,all,,
"        Colorbar Perfect Match Primer Water, Quench Me, 35 ml       ",Primer,Colorbar,combination,,
        Plethora Fancy Beauty Makeup Finish Spray Cosmo Combo Of Primer Fixer Concealer And Puff  (4 Items In The Set)       ,Primer,Plethora,all,,
        Face primer oil| makeup primer| Vitamin Enriched Non-Greasy Make up Base Facial Skin Oil - Control Primer gel | makeup blendable primer oil|Pore Minimizer Primer & Serum Acid to Instantly Hydrate       ,Primer,Belanto,all,,
        Vozwa Long Lasting Makeup Face Primer Oil Free Smooth Silky       ,Primer,Vozwa,normal,,
        Ramble® 3 in 1 Face Primer | Oil Free Primer | Long Lasting Highlighter Primer - 30 ml       ,Primer,RAMBLE,all,,
        Devriz Best organic Primer For women Long lasting & pore Minimizer       ,Primer,DEVRIZ PROFESSIONAL,"all, oily, sensitive, dry, normal",,
        Devriz Matte Finish Formula to keep Makeup long Lasting primer       ,Primer,DEVRIZ PROFESSIONAL,"all, oily, sensitive, dry, normal",,
"        Devriz Natural Glow, Transparent, Flawless Finish Face Primer       ",Primer,DEVRIZ PROFESSIONAL,"all, oily, sensitive, dry, normal",,
"        Devriz Organic Primer for Oily, Dry, Combination Skin| For Women       ",Primer,DEVRIZ PROFESSIONAL,"all, oily, sensitive, dry, normal",,
        Devriz Long Lasting Smooth Finish Makeup primer for oily Skin       ,Primer,DEVRIZ PROFESSIONAL,"all, oily, sensitive, dry, normal",,
"        Devriz Pore Minimizer, Long Lasting Smooth Finish makeup primer       ",Primer,DEVRIZ PROFESSIONAL,"all, oily, sensitive, dry, normal",,
"        Devriz Face primer For women, Oily Dry Combination Skin Types       ",Primer,DEVRIZ PROFESSIONAL,"all, oily, sensitive, dry, normal",,
"        Devriz Perfect Matte Face Primer For Normal oily, Dry and Combination Skin       ",Primer,DEVRIZ PROFESSIONAL,"all, oily, sensitive, dry, normal",,
        Salata illuminating Face Makeup Primer MAGICAL Silky Luminous Glow- Fills in Fine Lines - Refines Complexion       ,Primer,Salata,all,,
        Lambre Supreme Primer       ,Primer,LAMBRE,all,,
"        Devriz Long Lasting Makeup Primer oily, Dry and Combination Skin       ",Primer,DEVRIZ PROFESSIONAL,"all, oily, sensitive, dry, normal",,
        Devriz Flawless Makeup Base Primer For Women       ,Primer,DEVRIZ PROFESSIONAL,"all, oily, sensitive, dry, normal",,
"        Devriz Matte Finish primer for oily, dry, combination skin types       ",Primer,DEVRIZ PROFESSIONAL,"all, oily, sensitive, dry, normal",,
"        Makeup Revolution Super matte Primer, Transparent       ",Primer,Makeup Revolution,all,,
"        Face Up Lip Primer, 6 ml       ",Primer,FACE UP,dry,,
"        Revolution PRO Blur Stick Bright, Pore Blurring Primer, Brightening Face Primer, 30g       ",Primer,Revolution Pro,all,,
        daily life forever 52 PIGMENT PRIMER Primer - 10 ml (Beige) (10)       ,Primer,Daily life FOREVER52,all,,
        Colorbar XOXO Everlasting Primer - 30 ml       ,Primer,Colorbar,all,,
        The Matte Fixer Face Primer Spray Primer       ,Primer,Generic,all,,
        Long Lasting Makeup Fixer Natural water proof primer spray Primer       ,Primer,Generic,all,,
        The Matte Fixer Face Primer Spray Primer       ,Primer,Generic,all,,
"        Revlon Youth FX Fill + Blur Primer for Forehead, 0.5 Fluid Ounce       ",Primer,REVLON,all,,
        Rsentera combo set of Makeup fixer and primer makeup base - Set of 2       ,Primer,Rsentera,all,,
        Kamz Beauty New Most Beautiful Trending Fixer combo with Primer Foundation Luxury Primer - 150 ml (Transparent)       ,Primer,Kamz,all,,
        MILAP Makeup Base Primer For Face | The Flawless Make up Face Primer | Oil Free Makeup Primer (30ml)       ,Primer,MILAP,normal,,
        Belora Paris Primer Naturelle - Non Comedogenic | Moisturizing Primer| Nourishing for All Skin Types| Vegan & Natural makeup base for long lasting makeup (transparent) I Paraben & Silicone free | Hyaluronic Acid moisture lock 24h       ,Primer,Belora,all,,
        Maliao 24K Gold Gel Matte Finish Oil Free Primer (30 ml)       ,Primer,Maliao,all,,
"        RETRIX Professional's Face Makeup - Primer, Fixer, Contour Balm, Luxury Foundation Combo set       ",Primer,RETRIX,all,,
        Milani Skin Quench Hydrating Face Primer (MIL0457026)       ,Primer,Milani,all,,
        Me-On 24K Gold Face Primer       ,Primer,ME-ON,all,,
"        Clinique Super Primer Face Primer Color Corrects Redness for Women, 1 Ounce       ",Primer,Clinique,all,,
        Kumaara Luminescent Primer 1 Fl. Oz.       ,Primer,Kumaara,all,,
"        HairPrime Scalp Primer, 2 oz [Health and Beauty] by Hair Prime       ",Primer,Hair,all,,
"        Embryolisse Face Cream and Makeup Primer, White, 30 ml, standard (EMB-000394)       ",Primer,Embryolisse,combination,,
"        CLAMY Master Prime Hydrating Primer for 16hr Long Lasting Smooth Makeup, All Types Skin- 30 g       ",Primer,Clamy,all,,
"        Quench Botanics Yuzu Fine Brightening Primer | Korean Skin care, Hydrate, Smoothen and Brighten, 30ml       ",Primer,QUENCH BOTANICS,normal,,
        Red Ballons Green Tea Foundation Illumination Waterproof Primer Make Up Base (pack of 1) Primer - 50 ml (GREEN)       ,Primer,Red Ballons,acne prone,,
        Professional Infallible Mattifying Face Gel Primer Waterproof Primer       ,Primer,Amosfia,all,,
"        MAKEUP FIXER ,FOUNDATION, PRIMER ,36H EYE LINER       ",Primer,Generic,all,,
"        O Two O Professional 24K Rose Gold HYDRATING FACE PRIMER, Makeup Primer, FACE MAKEUP, 20ml       ",Primer,COSLUXE,all,,
        Perfect Makeup Keep Mist Primer       ,Primer,DEVIL MONK,all,,
        New Pack Beauty Makeup Primer       ,Primer,DEVIL MONK,all,,
        Ayuga Chandanam & Rose Water Face Mist - Hydrating and Refreshing Facial Toner | Balances Skin's pH | Makeup Setting Spray | No Alcohol & Artificial Fragrance | For Skin Brightening | 100ml       ,Facial sprays,Ayuga,all,,
"        Just Herbs Ayurvedic Gulab Jal/Rose Water Spray Facial Mist Toner For Glowing Skin, Pores Minimising - Men & Women 100ml       ",Facial sprays,Just Herbs,all,,
        Kama Ayurveda Pure Rose Water       ,Facial sprays,Kama Ayurveda,all,,
"        Evian Natural Mineral Water Facial Spray Trio, 50 ml Travel Size (3 PACk)       ",Facial sprays,Evian facial spray,all,,
"        Just Herbs Ayurvedic Gulab Jal/Rose Water Spray Facial Mist Toner For Glowing Skin, Pores Minimising - Men & Women 100ml       ",Facial sprays,Just Herbs,all,,
        Ayuga Chandanam & Rose Water Face Mist - Hydrating and Refreshing Facial Toner | Balances Skin's pH | Makeup Setting Spray | No Alcohol & Artificial Fragrance | For Skin Brightening | 100ml       ,Facial sprays,Ayuga,all,,
        Forest Essentials Facial Tonic Mist Pure Rosewater|Fresh & Fragrant|Hydrates|Unisex Toner Spray For Face       ,Facial sprays,Forest Essentials,all,,
        Mellow Herbals Rose Water/Gulab Jal Spray Facial Mist Toner (200ML) | Natural Mist Toner for Refreshing Skin | Hydration & Revitalizing for All Skin Types | Removes Excess Oil & Dirt | Acne Control       ,Facial sprays,Mellow,all,,
        Lakme 9 to 5 Vit C+ Facial Mist 100ml       ,Facial sprays,LAKMÉ,combination,,
"        Plum Green Tea Revitalizing Face Mist | Normal, Oily, Acne-Prone, Combination Skin | Make-up Setting Spray | Green Tea | Aloe Vera | 100% Vegan | Phthalate Free | Paraben Free | 100ml       ",Facial sprays,Plum,oily,,
        Forest Essentials Facial Tonic Mist Pure Rosewater|Fresh & Fragrant|Hydrates|Unisex Toner Spray For Face|50ml       ,Facial sprays,Forest Essentials,all,,
        The Moms Co. Natural Hydrating Face Mist| With Hyaluronic acid for Instant Hydration & Moisturization| Face Mist Spray 100 ml       ,Facial sprays,The Moms Co,all,,
        NEUD Green Tea Facial Mist Spray for Dehydrated & Irritated Skin - 1 Pack (100 ml)       ,Facial sprays,NEUD Xpose Yourself,all,,
        NEUD Rose Water Facial Mist Spray for Refreshed and Toned Skin - 1 Pack (100 ml)       ,Facial sprays,NEUD Xpose Yourself,all,,
"        SARVA 100% Pure Natural Peppermint Face Mist Astringent Floral Water Spray For Skin Soothing, Face, Facial Toner with Fresh Aroma All Sin Type (100 ml)       ",Facial sprays,SARVA by Anadi,"all skin, oily, combination, sensitive, dry, normal",,
        Mario Badescu Facial Spray with Aloe Herbs and Rosewater       ,Facial sprays,Mario Badescu,"dry,all skin types",,
"        Repechage Algo Mist Hydrating Seaweed Facial Spray Anti Aging Moisturizing Face Mist for Men, Women (180 ml)       ",Facial sprays,Repechage,all,,
"        Khadi Omorose Aloe Vera, Mint and Cucumber Facial Spray, 100 Ml       ",Facial sprays,KHADI Omorose,all,,
"        Garnier SkinActive Facial Mist Spray with Rose Water, 4.4 fl. oz.       ",Facial sprays,Garnier,all,,
"        Sotrue Rose Water Spray For Face | Alcohol Free Face Toner with Bulgarian Rose & Hyaluronic Acid 200ml | Skin Refining , Pore Tightening | Suitable for Oily , Acne Prone , Dry and Normal Skin       ",Facial sprays,SOTRUE,all,,
"        Dabas Organic Skin glow Hyaluronic Face Toner Spray, Open Pore Tightening, Reduce Dark Spots, Control Pigmentation, Hydrate Skin toner mist, Oil-free - with Vitamin C, Collagen & Niacinamide - 100 ml       ",Facial sprays,Dabas,all,,
        Joy Revivify Vitamin C Face Liquid Toner for Glowing Skin | Refining & Skin Brightening Toner with Grapeseed and Tomato | pH Balanced - Sulphate & Paraben & Alcohol Free Toner - 150 ml       ,Facial sprays,JOY,all,,
        Plum Bulgarian Valley Rose Water Toner (For Daily Use)|With Hyaluronic Acid & Rose Extracts|100% Natural Rose Fragrance|Soothing And Pore Tightening|Balances Ph Levels | For All Skin Types | 100Ml       ,Facial sprays,Plum,all,,
        Orgello herbal Cucumber Toner Mist Spray for Face 100 ml + Vitamin C Facial Skin Toner 100 ml + Rose Water Spray Mist Toner Gulab jal 100 ml - Pack Of 3 - for men women girls boys       ,Facial sprays,Orgello,all,,
        NEUD Tea Tree Facial Mist Spray for Acne-Prone Skin - 1 Pack (100 ml)       ,Facial sprays,NEUD Xpose Yourself,all,,
        JTM Rose Water Gulab Jal Face Cleanser Facial Cleaning Spray Skin Toner for Men & Women 100% Natural & Sulphate-free (Pack of 3) (With Spray)       ,Facial sprays,JTM,all,,
        Forest Essentials Facial Tonic Mist Panchpushp|Fresh & Fragrant|Hydrates|Unisex Toner Spray For Face       ,Facial sprays,Forest Essentials,all,,
        Arogya Rose Water Gulab Jal Face Cleanser Facial Cleaning Spray Skin Toner for Men & Women 100% Natural & Sulphate-free (500ml)       ,Facial sprays,Arogya,normal,,
        Forest Essentials Facial Tonic Mist Bela|Fresh & Fragrant|Hydrates|Unisex Toner Spray For Face|50ml       ,Facial sprays,Forest Essentials,all,,
        Arogya Rose Water Gulab Jal Face Cleanser Facial Cleaning Spray Skin Toner for Men & Women 100% Natural & Sulphate-free (2 x 100ml)       ,Facial sprays,Arogya,normal,,
"        Good Vibes Green Tea Glow Toner 120 ml, Hydrating Purifying Anti Acne Moisturizing Revitalizing Facial Spray Toner for All Skin Types, Natural, No Alcohol, Parabens & Sulphates, No Animal Testing       ",Facial sprays,Good Vibes,"all, oily, combination, dry, normal",,
        NEUD Rose Water Facial Mist Spray for Refreshed and Toned Skin - 2 Packs (100ml Each)       ,Facial sprays,NEUD Xpose Yourself,"oily, combination, dry, normal",,
"        Plum 3% Niacinamide Toner with Rice Water|Vitamin B3 with Japanese Fermented Rice Water|Battles Blemishes & Acne|For Clear, Blemish-Free,Hydrated Skin | Suits all skin types | 100% Vegan,Transparent       ",Facial sprays,Plum,"acne prone,all skin types",,
        Vitro Naturals Hydro Distilled Pure Damask Rose Water Spray I Skin Toner I Face Toner I Makeup Remover I Gulab Jal I 100% Natural and Food Grade I Zero Artificial Fragrance & Alcohol Ipack of 200 ML       ,Facial sprays,VITRO,all,,
"        Urvija Rose Sandalwood Facial Spray Toner for Soft and Glowing Skin|Alcohol Free| Certified palm oil free, Vegan & Chemical free| (Pack of 2x100 ml Each)       ",Facial sprays,Urvija,all,,
"        Antheia Essentials Green Tea Face Mist Spray | Hydrating Rose Face Mist | With Witch Hazel Extract & Chamomile Hydrosol | Calming, Refreshing, Pore Tightening, Soothing | 200 ml       ",Facial sprays,Easy Feel Products,all,,
        Xyst Mist And Toner Spray For Face With Niacinamide And Aquaxyl -100ml l Refreshing Face Mist & Toner For Acne | Alcohol-Free Mist & Toner for open pores Tightening | Maintains pH | All Skin Types -100ml       ,Facial sprays,XYST,"oily, combination, dry, normal",,
        Zeoveda Organic Vitamin C Mist Toner | Skin Illuminating Facial Spray | Suitable For All Skin Types - 200 ML.       ,Facial sprays,Zeoveda,all,,
"        Zeoveda Natural Tea Tree Mist Toner | Refreshing Facial Spray Treats Acne & Pimples, Tightens Open Skin Pores | Suitable For All Skin Types | No Parabens and No Sulphates - 200 ML.       ",Facial sprays,Zeoveda,all,,
"        Urvija Lavender Mint Facial Spray Toner for Soft and Glowing Skin|Alcohol Free| Certified palm oil free, Vegan & Chemical free| (Pack of 1x100 ML)       ",Facial sprays,Urvija,normal,,
        NEUD Green Tea Facial Mist Spray for Dehydrated & Irritated Skin - 2 Packs (100ml Each)       ,Facial sprays,NEUD Xpose Yourself,"oily, combination, sensitive, dry, normal",,
"        Dabas Organic Skin glow Hyaluronic Face Toner Spray, Open Pore Tightening, Reduce Dark Spots, Control Pigmentation, Hydrate Skin toner mist, Oil-free - with Vitamin C, Collagen & Niacinamide - 100 ml       ",Facial sprays,Dabas,all,,
"        Pure Ocean® Pure and Natural Rose water Gulab Jal Mist Spray for Face & Skin Cleanser Toner Enriched with Aloe Vera & cucumber - Deep Hydration Facial Toner for Pore Tightening , Refreshes & Enhances Natural Radiance, No Paraben, SLS & Alcohol ,No Artificial Color- 100 ML       ",Facial sprays,Pure Ocean The Beauty Regime,all,,
"        Sibley Beauty Vitamin C Face Spray Mist Toner (1 x 200 ml) + Charcoal Foaming Face Wash ( 1 x 150 ml ) - bright & facial glow, smooth and glowing skin, all skin type, men women girls boys.       ",Facial sprays,Sibley Beauty,all,,
"        Inatur Vetiver Hydrosol Spray Toner 100 ml | Hydrates, Cleanses, Soften And Rejuvenates | 100% Pure And Natural | Facial Toner Spray Non-Irritant | Makeup Remover | Alcohol-Free | All Skin Types | Chemical Free | Sulphate Free       ",Facial sprays,INATUR,normal,,
"        SkinSmart Facial Cleanser for Acne, Targets Bacteria for Active Teenage Athletes Post Workout, 8 oz Spray Bottle, Safe for Multiple Daily Uses       ",Facial sprays,SkinSmart Antimicrobial,"oily, combination, dry, normal",,
        NEUD Witch Hazel Facial Mist Spray for Dehydrated & Irritated Skin - 1 Pack (100 ml)       ,Facial sprays,NEUD Xpose Yourself,all,,
"        Urvija Rose Sandalwood Facial Spray | Alcohol Free Toner for Soft and Glowing Skin | Free from Chemicals, Paraben & Petrochemicals | Certified Vegan and Palm oil Free, 100 ml       ",Facial sprays,Urvija,all,,
        NEUD Tea Tree Facial Mist Spray for Acne-Prone Skin - 2 Packs (100 ml Each)       ,Facial sprays,NEUD Xpose Yourself,"oily, combination, sensitive, dry, normal",,
"        WOW Skin Science Lavender & Rose No Parabens & Sulphate Skin Mist Toner , Pack of 200mL       ",Facial sprays,WOW Skin Science,dry,,
        Royale Organics Rosewater with Kashmir Kesar I All Natural Facial Freshness Spray Mist - 200 +200 ml (Limited Offer -Buy 1 Get 1 Free)       ,Facial sprays,Royale Organics,all,,
"        Mario Badescu Mario Badescu Facial Spray with Lavender and Facial Spray with Cucumber Duo, 4 Oz.       ",Facial sprays,Mario Badescu,all,,
"        Nature Code Morning Dew Pure Rose Water Spray, Gulab Jal, Facial Mist Toner for Glowing Skin, Reduces Acne, Wrinkles and Dark Spots - 100ml       ",Facial sprays,Nature Code,all,,
        TNW-THE NATURAL WASH Free From Artificial Fragrance and Alcohol Steam Distilled Rose Water/Toner/Makeup Remover - Pack of 3 Each (200 Ml)       ,Facial sprays,TNW-THE NATURAL WASH,all,,
        Forest Essentials Facial Tonic Mist Panchpushp|Fresh & Fragrant|Hydrates|Unisex Toner Spray For Face       ,Facial sprays,Forest Essentials,all,,
        Xyst Mist And Toner Spray For Face With Niacinamide And Aquaxyl -100ml l Refreshing Face Mist & Toner For Acne | Alcohol-Free Mist & Toner for open pores Tightening | Maintains pH | All Skin Types -100ml       ,Facial sprays,XYST,"oily, combination, dry, normal",,
"        TNW-The Natural Wash Cucumber Toner Spray for Face Reduces Inflammation, Keep Your Skin at the right pH, Prevent Acne Breakouts, Wrinkles, Oil Control, Makeup Removal for Women & Men 100 ml       ",Facial sprays,TNW-THE NATURAL WASH,all,,
"        Lacto Calamine Cucumber Face Toner with Green Tea & Niacinamide for cool and hydrated skin. Tightens pores & evens skin tone. Suitable for Oily skin. No Sulphate, No Alcohol - 120 ml x Pack of 1       ",Facial sprays,Lacto Calamine,all,,
        TNW-THE NATURAL WASH Rose Water Spray for Face - Face Toner/Skin Toner/Makeup Remover - For All Skin Types Women & Men (Free from Artificial Fragrance & Alcohol) - 200 ml       ,Facial sprays,TNW-THE NATURAL WASH,all,,
        Plum Bulgarian Valley Rose Water Toner (for daily use) |With Hyaluronic Acid & Rose Extracts|100% Natural Rose Fragrance|Soothing and Pore Tightening | Balances pH levels | For All Skin Types | 200ml       ,Facial sprays,Plum,all,,
"        Plum Green Tea Alcohol Free Toner | For Oily, Acne Prone Skin | Toner for Glowing Skin | Shrinks & Tightens Pores | 100% Vegan | 200ml       ",Facial sprays,Plum,combination,,
        Top Secret Refreshing Vitamin C Skin Toner | Brightening Glowing Skin | For All Skin Types | 100 ml       ,Facial sprays,TOPSECRET,all,,
        Arogya Rose Water Gulab Jal Face Cleanser Facial Cleaning Spray Skin Toner for Men & Women 100% Natural & Sulphate-free Flip cap(3 x 100ml)       ,Facial sprays,Arogya,all,,
        The Havanna Rose Water Spray for Face Facial Tonic Mist Pure Rosewater Gulab Jal Fresh & Fragrant/Skin Toner/Makeup Remover/For All Skin Types Women & Men 50ml       ,Facial sprays,The Havanna,all,,
        Facial Peel Neutralizer Solution Neutralizer Spray Calm skin Relieve stinging & itching soothing       ,Facial sprays,LEEPOSH,all,,
        MARIO BADESCU Mini Mist Collection Of Facial Spray       ,Facial sprays,Generic,all,,
"        Mario Badescu Skin Care Facial Spray with Aloe, Cucumber And Green Tea, 4 Fl Oz       ",Facial sprays,Generic,all,,
        Clinique Moisture Surge Thirsty Skin Relief Face Spray - Travel Size [1 fl oz / 30 mL]       ,Facial sprays,Clinique,all,,
"        RECAST Rose Water for Face and Hair, 100% Pure and Facial Toner Alcohol-Free Makeup Setting Hydrating Spray Mist 100% Natural Anti-Aging Petal Rosewater (200 ml)       ",Facial sprays,RECAST,all,,
        LATNAR NIGHT FACIAL SERUM ||Anti-Aging | Reduces Fine Lines & Wrinkles 30 ML Spray Foam       ,Facial sprays,DISCOVER MARKETING,all,,
"        Mario Badescu Spritz Mist and Glow Facial Spray Collection, 3 Piece Set - Lavender, Cucumber, Rose       ",Facial sprays,Mario Badescu,all,,
        Tower 28 Beauty SOS Daily Rescue Facial Spray       ,Facial sprays,Tower 28,acne prone skin,,
"        juicy chemistry Lavender Face Toner, 100ml for Glowing skin, Pores Tightening, Rich in Antioxidants, Vitamins A & E, Restores Skin pH, Certified Organic, for women and men       ",Facial sprays,Juicy Chemistry,all,,
        Inatur Cucumber Toner Spray 100 ml | Cucumber Facial Mist | Soothing and calming Toner for oily and Sensitive skin | Balance Tone | Hydrate and Nourish Skin| Minimizes Large Pores | Vegan | 100% Natural | Alcohol Free       ,Facial sprays,INATUR,normal,,
"        Gro Pure & Natural Rose Water Facial Toner for Face Natural Make-up remover - Alcohol Free - Hydrating Primer & Setting Spray for Pore Minimizing & Tightening, 120ml       ",Facial sprays,GRO,"oily, combination, dry, normal",,
"        RAS Luxury Oils Rose Nectar Face & Body Spritz Toner | Enriched With Rose, Lavender & Geranium | Soothe Skin, Balance Skin's pH level & Brighten and Refresh your skin | Alcohol Free | 50ml       ",Facial sprays,RAS LUXURY OILS,"oily, combination, sensitive, dry",,
"        Enhance Skincare Tea Tree Face Mist Spray 100ml | Revitalizing Toner for Men Women | Normal, Oily, All Skin type, Paraben Free, All Natural, Make-up Setting, Acne & Pimple       ",Facial sprays,ENHANCE,all,,
        Forest Essentials Facial Tonic Mist Bela|Fresh & Fragrant|Hydrates|Unisex Toner Spray For Face|130ml       ,Facial sprays,Forest Essentials,all,,
        The Co Being DEW IT| Refreshing Toner Spray| Dermatologically tested| All skin type| Unisex| Revitalizes skin| Cruelty free| 100ml       ,Facial sprays,THE CO BEING,all,,
        Thalgo Reviving Marine Mist | Facial Mist Spray for Hydrating & Glowing (1 Bottle 150ml)       ,Facial sprays,Thalgo,"all, oily, combination, sensitive, normal",,
"        Mario Badescu Facial Spray with Aloe, Cucumber and Green Tea for All Skin Types | Face Mist that Hydrates & Invigorates | 4 FL OZ & 2 FL OZ Combo       ",Facial sprays,Mario Badescu,all,,
        NEUD Beet Root Facial Mist Spray for Glowing and Moisturized Skin - 2 Packs (100ml Each)       ,Facial sprays,NEUD Xpose Yourself,all,,
        JTM Rose Water Gulab Jal Face Cleanser Facial Cleaning Spray Skin Toner for Men & Women 100% Natural & Sulphate-free (Pack of 2)(With Spray)       ,Facial sprays,JTM,all,,
        Arendelle Organics Aloe Vera Face Toner Ayurvedic Herbal Fresh Mint Skin Toner Spray for Hydrate Dry Acne & Rashes No Paraben & Sulfate Clean Glowing Tightening Skin Prone Facial Tones Suitable for All (100 Ml)       ,Facial sprays,Arendelle Organics,all,,
"        Nify Herbal Cucumber Facial Toner Hydrating Pore, Moisturizing Revitalizing Face Spray Toner for All Skin Types (100 ml)       ",Facial sprays,Nify Herbal,all,,
"        Mario Badescu Skin Care Facial Spray with Aloe,Cucumber And Green Tea       ",Facial sprays,Mario Badescu,revitalized,,
        JTM Rose Water Gulab Jal Face Cleanser Facial Cleaning Skin Toner for Men & Women 100% Natural & Sulphate-free (Without Spray) (Pack of 3)       ,Facial sprays,JTM,all,,
"        MaaMagic Green Tea Toner For Oily, Acne Prone Skin Toner for Glowing Skin, Shrinks & Tightens Pores | Alcohol Free Toner 100ml Hydrating Purifying, Moisturizing Facial Spray Toner for All Skin Types       ",Facial sprays,MaaMagic,"acne prone,all skin types",,
        Nutrainix Organics Anti-Acne Spray with Lavender Vibes | Anti Acne Facial Spray for All Skin Types | Natural Acne Treatment and Prevent Future Breakout for Face & Body | Remove Pimples & Scar - 300 ml       ,Facial sprays,Nutrainix Organics,"all, oily",,
"        Mario Badescu Facial Spray with Aloe, Chamomile and Lavender, 4 Fl Oz       ",Facial sprays,Generic,all,,
"        Shower Power Pure Rose water Facial spray toner| Steam Distilled | Cleanses and tightens Open pores | Men& Women | Refreshing,Soothing& Cooling |100% Natural |50g |100 ML       ",Facial sprays,Shower Power,"all, oily, combination, dry, normal",,
"        Charming Aura Neem Skin Mist Toner- Room & Facial Spray to uplift mood, Improves blood circulation to skin & Scalp, Calms Skin Irritation Blemishes & Roughness, Analgesic Properties       ",Facial sprays,Charming Aura - be natural,normal,,
"        Bella Vita Organic Glowner Face Toner Face Mist, Alcohol free, Rose Water 100ml Pore Minimizing Tightening Natural Toner Spray for Glowing Skin - All Skin Types       ",Facial sprays,Bella Vita Organic,"all, oily, acne prone skin, sensitive, dry",,
"        SARVA 100% Pure Natural Peppermint Face Mist Astringent Floral Water Spray For Skin & Body Cooling, Soothing, Face, Facial Toner with Fresh Aroma All Sin Type (100 ml)       ",Facial sprays,SARVA,"all skin, oily, combination, sensitive, dry, normal",,
"        TNW-The Natural Wash Cucumber Toner Spray for Face Reduces Inflammation, Keep Your Skin at the right pH, Prevent Acne Breakouts, Wrinkles, Oil Control, Makeup Removal for Women & Men 100 ml       ",Facial sprays,TNW-THE NATURAL WASH,all,,
"        ELINOR Rose Face Mist Purified Water Perfect for Dry Skin, Enhances Glow, Tightening Natural Toner Spray for Glowing Skin – 100ML       ",Facial sprays,ELINOR,all,,
"        Enhance Skincare Tea Tree Face Mist Spray 100ml | Revitalizing Toner for Men Women | Normal, Oily, All Skin type, Paraben Free, All Natural, Make-up Setting, Acne & Pimple       ",Facial sprays,ENHANCE,all,,
"        Shower Power Pure Rose water Facial spray toner| Steam Distilled | Cleanses and tightens Open pores | Men& Women | Refreshing,Soothing& Cooling |100% Natural |50g |100 ML.       ",Facial sprays,Shower Power,"all, oily, combination, dry, normal",,
"        Lotus Herbals Rosetone Rose Petals Facial Skin Toner Liquid with Aloe Vera, Rose, Tulsi Leaves, Vetiver | Pack of 1, 100 ml       ",Facial sprays,Lotus Herbals,normal,,
        AINA 100% Natural and Pure Lavender Water/Facial Toner for All Skin Types | Steam Distilled Hydrosol Face Mist Spray | Reduces tan | Glow and Radiant Skin - 100 ml       ,Facial sprays,AINA,all,,
"        Frescia Toner & Face Mask Combo | Cool Cucumber Toner | Kaoline Clay Face Mask for Deep Cleansing and Nourishment | Hydrating Purifying Anti Acne Facial Spray Toner For All Skin Types | No Alcohol, Parabens & Sulphates | Removes Blackheads and Whiteheads | Deep Skin Purifying Cleanser | Handcrafted, Natural, Cruelty Free, Plant Based |100ml+100gm       ",Facial sprays,Frescia,"all, oily, sensitive, dry, normal",,
        Orgello herbal Cucumber Toner Mist Spray for Face (100 ml ) + Vitamin C Facial Skin Toner (100 ml ) - Pack Of 2 - for men women girls boys normal oily dry skin sls paraben mineral oil free       ,Facial sprays,Orgello,"oily, sensitive, dry, normal",,
"        Sunson Ayurvedics Herbs Ayurvedic Gulab Jal/Rose Water Spray Facial Mist Toner For Glowing Skin, Pores Minimising - Men & Women 100ml       ",Facial sprays,Generic,all,,
        AL MASNOON Frankincense Facial Mist Spray for Skin Tightening & Anti-Aging / for All Skin Types 100ml ( pack of 1)       ,Facial sprays,AL MASNOON,all,,
"        Bejoy Green Tea Glow Toner Hydrating Purifying Anti Acne Moisturizing Revitalizing Facial Spray Toner for All Skin Types, Natural, No Alcohol, Parabens & Sulphates, No Animal Testing 100 ML       ",Facial sprays,Bejoy,all,,
"        HUDA BB® Long Lasting Aloe Vera Makeup Fixer Setting Spray,Pack of 1       ",Facial sprays,HUDA BB,combination,,
"        Sibley Beauty Tan Removal Face Wash (1 x 100 ml) + Vitamin C Face Spray Mist Toner (1 x 200 ml) - Pack of 2 - bright & facial glow, soft, smooth and glowing skin, men women girls boys.       ",Facial sprays,Sibley Beauty,all,,
"        Herbal Steam Distilled Gulab Jal/Rose Water Spray Facial Mist Toner For Glowing Skin, Men & Women 1000ml       ",Facial sprays,Herbal Enterprises,all,,
"        3AM SPEED DIAL Everyday Face Mist for Toning, Hydrating & Refreshing skin. Use as Mist, Toner, Make up setting, After Shaving Spray, Multipurpose Use - 100 ML       ",Facial sprays,3AM,all,,
"        O3+ Seaweed Purifying Tonic for Smoother Younger Facial Skin, 150gm       ",Facial sprays,O3+,combination,,
        Forest Essentials Facial Tonic Mist Pure Rosewater|Fresh & Fragrant|Hydrates|Unisex Toner Spray For Face|50ml       ,Facial sprays,Forest Essentials,all,,
        Blue Nectar Shubhr Steam Distilled Vetiver Toner Water & Cooling Calming Face Tonic Mist |Alcohol Free | Chemical & Preservative Free (100 ml)       ,Facial sprays,Blue Nectar,"all, oily, acne prone skin, sensitive",,
"        DERMATOUCH Alcohol Free Face Toner Drop for Oily skin, Acne Prone, Normal Skin with Salicylic acid and Glycolic acid, Pore Tightening toner for Glowing Skin - 200ML       ",Facial sprays,DERMATOUCH,all,,
        Forest Essentials Facial Tonic Mist Pure Rosewater|Fresh & Fragrant|Hydrates|Unisex Toner Spray For Face       ,Facial sprays,Forest Essentials,all,,
        St.Botanica Hyaluronic Acid Hydra Boost Face Mist 120ml with Hyaluronic Acid for Hydrated & Refreshed Skin | No Parabens & Sulphates | Cruelty Free       ,Facial sprays,St.Botanica,normal,,
        Blue Nectar Pure Rose Water for Face | Gulab Jal Rose Water Spray for Face | Natural Face Toner for Glowing Skin & Pore Tightening |  Summer Face Mist Spray (100 ml)       ,Facial sprays,Blue Nectar,all,,
        GOOD DEEDS Pure Rose Water Face Toner Spray With No Artificial Fragrance & Alcohol - Steam Distilled - For All Skin Types - Face Toner/Skin Toner/Makeup Remover - For Men and Women - 200ml       ,Facial sprays,GOOD DEEDS,"all, acne prone skin, combination, sensitive, dry",,
        Blue Nectar Pure Rose Water for Face | Gulab Jal Rose Water Spray for Face | Natural Face Toner for Glowing Skin & Pore Tightening |  Summer Face Mist Spray (200 ml)       ,Facial sprays,Blue Nectar,all,,
        Reviva Rose Facial Spray 8 Oz       ,Facial sprays,Reviva,normal,,
"        Rosehip Face Toner Spray for Face body hair Fights blackheads & reduces pore size, Penetrates deep to fight acne at its source - Nourishing & Hydrating Facial Mist       ",Facial sprays,BeShiny,"oily, combination, dry",,
        Forever 29 - Hydrosol Blend - 100% Pure Floral Water - All Natural Facial Spray - 4 OZ       ,Facial sprays,GreenHealth,all,,
"        MyChelle Fruit Enzyme Hydrating Mist, Moisturizing, Antioxidant-Rich Facial Spray for All Skin Types, 4.2 fl oz       ",Facial sprays,MyChelle Dermaceuticals,all,,
"        Minimalist 8% Glycolic Acid Toner For Glowing Skin | Multi-functional Exfoliating Toner With Bamboo Water for Body, Face, Underarms & Scalp | For Women & Men | 150 ml       ",Facial sprays,Minimalist,"all, oily, combination, sensitive, dry",,
"        DEEP ROOTS Aloe vera and Cucumber Facial Mist Normal, Oily, Acne-Prone, Combination Skin | Make-up Setting Spray | Phthalate Free | Paraben Free |100 Ml With Free Assorted Pouch       ",Facial sprays,DEEP ROOTS,normal,,
        JTM Rose Water Gulab Jal Face Cleanser Facial Cleaning Skin Toner for Men & Women 100% Natural & Sulphate-free (Without Spray) (Pack of 4)       ,Facial sprays,JTM,all,,
"        Ak veda Ayurvedic Gulab Jal/Rose Water Spray Facial Mist Toner For Glowing Skin, Pores Minimising - Men & Women (200+50) ml       ",Facial sprays,AK VEDA,all,,
        Kaaya Natural Pure Rose Water Facial Tonic Mist for Face Skin | 100% Organic & Natural | Unisex Toner Spray For All Skin Types | 100ML Bottle       ,Facial sprays,Kaaya Natural,all,,
        Orgello herbal Cucumber Toner Mist Spray for Face (100 ml ) + Vitamin C Facial Skin Toner (100 ml ) - Pack Of 2 - for men women girls boys normal oily dry skin sls paraben mineral oil free       ,Facial sprays,Orgello,all,,
"        Herbs & More Vitamin Therapy Face Mist Facial Spray For Instant Refreshment & Glow Vitamin E + Coconut + White Tea + Rose Water + Olive + Aloevera (100ml, Pack Of 3)       ",Facial sprays,Herbs & More,"all, oily, combination, sensitive, dry",,
        Crysalis 100% Pure Natural Rosemary Hydrosol Uncut Steam Distilled Leaves & Stems of Crysalis rosmarinus Purified Floral Water Cosmetic Grade Facial Aromatic Mist Spray Rejuvenates Skin Cells -100 ML       ,Facial sprays,Crysalis,all,,
"        Al-Arsh Rose Water for Face and Hair, Organic Facial Toner. Alcohol-Free Makeup Setting Hydrating Spray Mist.100% Natural Anti-Aging Rosewater       ",Facial sprays,FKC,all,,
        NEUD Witch Hazel Facial Mist Spray for Dehydrated & Irritated Skin - 2 Packs (100ml Each)       ,Facial sprays,NEUD Xpose Yourself,all,,
        GOOD DEEDS Pure Rose Water Face Toner Spray With No Artificial Fragrance & Alcohol - Steam Distilled - For All Skin Types - Face Toner/Skin Toner/Makeup Remover - For Men and Women - 200ml       ,Facial sprays,GOOD DEEDS,"all, acne prone skin, combination, sensitive, dry",,
"        Plum Green Tea Revitalizing Face Mist | Normal, Oily, Acne-Prone, Combination Skin | Make-up Setting Spray | Green Tea | Aloe Vera | 100% Vegan | Phthalate Free | Paraben Free | 100ml       ",Facial sprays,Plum,oily,,
"        Rosehip Face Toner Spray for Face body hair Fights blackheads & reduces pore size, Penetrates deep to fight acne at its source - Nourishing & Hydrating Facial Mist       ",Facial sprays,BeShiny,"oily, combination, dry",,
"        WishCare® 100% Pure & Natural Rose Water - For Skin, Face & Hair - Steam Distilled - Kannauj Gulab Jal - Spray Skin Toner - Free From Paraben, Alcohol & Chemicals - 200 ml       ",Facial sprays,WishCare,"all, oily, combination, sensitive, dry",,
"        O3+ Whitening Tonic For Smoother Younger Facial Skin, 150 Ml       ",Facial sprays,O3+,all,,
        Generic Portable Usb Nano Mist Spray Handy Atomization Mister Face Facial Moisturizing Replenishing Handy Mist Sprayer Color - White       ,Facial sprays,Generic,all,,
"        Sotrue Rose Water Spray For Face | Alcohol Free Face Toner with Bulgarian Rose & Hyaluronic Acid 200ml | Skin Refining , Pore Tightening | Suitable for Oily , Acne Prone , Dry and Normal Skin       ",Facial sprays,SOTRUE,all,,
        Aqualogica Clear+ Refresh Toning Mist with Green Tea & Salicylic Acid | Facial Toner | Controls Oil | Hydrates & Refreshes Skin |100 ml       ,Facial sprays,Aqualogica,all,,
"        Buds & Berries Soothing Facial Mist Toner with Cucumber and Green Apple | Calms and Soothes Skin, Normal To Oily Skin | Alcohol Free, Paraben Free (200 ml)       ",Facial sprays,Buds & Berries,combination,,
"        Dr. Morepen Rose Water Spray - Pure & Natural | 100% Herbal, High in Vitamin A & C, Good For All Skin Types | Instant Hydration, Anti Aging, Natural Toner & Cleanser | Natural Rose Water Spray - Pack of 3 (100 ml each)       ",Facial sprays,Dr. Morepen,all,,
        SKINIFY Rose Water Spray for Face and Hair | 100% Pure Moroccan Rosewater for Skin Toning and Hydration | Alcohol-Free Natural Facial Mist 100 ML       ,Facial sprays,SKINIFY COSMETICS,all,,
"        Urvija Lavender Mint Facial Spray 100 ml - Hydrating & Skin Rejuvenating | Free from Chemicals, Paraben & Petrochemicals| Certified Vegan and Palm oil Free       ",Facial sprays,Urvija,"oily, dry, normal",,
        Nyamah Sales Rose Water Spray for Face Cleansing and Toning Natural Gulab Jal Facial Mist Toner For Glowing Skin Men and Women 100ml       ,Facial sprays,Nyamah Sales,all,,
        TNW-THE NATURAL WASH Rose Water Spray for Face - Face Toner/Skin Toner/Makeup Remover - For All Skin Types Women & Men (Free from Artificial Fragrance & Alcohol) - 200 ml       ,Facial sprays,TNW-THE NATURAL WASH,all,,
"        Juicy Chemistry Rose Water Face Toner for Glowing, Brighter and Hydrated Skin - Made with Bulgarian Damask Roses, 110 ml - Clinically Tested & 100% Certified Organic (Mist Spray)       ",Facial sprays,Juicy Chemistry,all,,
"        ESSENCE Rose Water Spray Facial Toner For Men & Women | Dry Skin, Skin Brightening and Glowing Face With Pure Rose Water Extract (Rose Toner, 200 Ml)       ",Facial sprays,ESSENCE,all,,
"        Pure Lushh Glow Toner Moisturizing Face Spray Toner for Skin ,Alcohol Free Toner | For Oily, Acne Prone Skin | Shrinks & Tightens Pores |(Skin Hydrating-Facial, 100 ml)       ",Facial sprays,Pure Lushh,acne prone skin,,
        Generic Portable Usb Nano Mist Spray Handy Atomization Mister Face Facial Moisturizing Replenishing Handy Mist Sprayer Color - Red       ,Facial sprays,Generic,all,,
        Generic Portable Usb Nano Mist Spray Handy Atomization Mister Face Facial Moisturizing Replenishing Handy Mist Sprayer Color - Pink       ,Facial sprays,Generic,all,,
        Simple Kind To Skin Soothing Facial Toner 200 ml       ,Facial sprays,Simple,normal,,
"        BE SOULFULL Pore Minimizing Toner With Glycolic Acid & Red Clover Flower- Facial Exfoliating, Skin Balancing Pore Reducing Toner- Suitable For Oily, Acne Prone, Sensitive & Normal Skin- 100ml       ",Facial sprays,BE SOULFULL,all,,
        24K Gold Rose Water Facial Toner by Leven Rose - 100% Pure Organic Natural Moroccan Rosewater Hydrosol Face Spray - 4 oz       ,Facial sprays,Leven Rose,oily,,
"        SeaSoul Intensive Brightening Face Toner Mist Spray for Brightening, Pore Tightening, Hydration & Skin Makeup Cleansing Infused with Hyaluronic Acid, Goji Berries, Azelaic, Collagen, Glutathione & Vitamin C (100 ml)       ",Facial sprays,Seasoul,combination,,
"        INDULGEO ESSENTIALS Rose Geranium Witch Hazel Facial Mist Skin Toner Pack Of 2 (100Ml) Facial Tonner, Black Spots, Dull & Dark Skin, 100% Organic       ",Facial sprays,INDULGEO ESSENTIALS,all,,
        DONGINBI Red Ginseng Moisture & Balancing Facial Mist - Korean Hydrating Face Mist Spray - Soothing & Refreshing Facial Spray 100ml by Korea Ginseng Corp       ,Facial sprays,Donginbi,all,,
"        GoshLife Hydra illuminizer Vitamin C Face Mist, Rose water, Brightening, Make-up Setting Spray, Pore Minimizing, Boost Hydration | Alcohol Free | Toner | 100ml       ",Facial sprays,GoshLife,"oily, combination, sensitive, dry, normal",,
        YOVIEX Gulab Jal/Rose Water Pure Rose Water Skin Toner Pack Rose Water Gulab Jal Face Cleanser Facial Cleaning Spray Skin Toner for Men & Women 100% Natural & Sulphate-free| Quantity - 100 ML       ,Facial sprays,YOVIEX,all,,
        Pure Natural Aloe Vera Mist Setting Spray and Face Toner - Soothing Natural Facial Mist For Sunburn Relief and Acne With Witch Hazel Extract and Manuka Honey - Hydrates and Moisturizes Skin and Hair       ,Facial sprays,Honeyskin,all,,
"        Stockout ShopUSAIndia Mario Badescu Facial Spray with Aloe, Chamomile and Lavender, 4 oz/118 mL, Standard Size       ",Facial sprays,Stockout,normal,,
        Seer Secrets Combo Pack of Lemon Cinnamon Facial Cleanser + lavender Facial Mist Spray for Hydrating Skin | Suitable for Oily Skin - Set of 2       ,Facial sprays,Seer Secrets,oily,,
"        Essentium Phygen Evver Tea Tree Acne Spray, Profused with Tea Tree Oil and Limon Fruit Extract, 50 ml       ",Facial sprays,Essentium Phygen,"oily, combination, dry, normal",,
"        Jovees Herbal Rose Toner Spray For Face, 200 ml | Rose Water and Vitamin C Toner for All Skin Types | Paraben & Alcohol Free       ",Facial sprays,Jovees,"acne prone,all skin types",,
        Toner hydration moisturizing water facial mist spray for skin care       ,Facial sprays,Generic,all,,
        JTM Rose Water Gulab Jal Face Cleanser Facial Cleaning Spray Skin Toner for Men & Women 100% Natural & Sulphate-free (Pack of 4) (With Spray)       ,Facial sprays,JTM,all,,
        Just Herbs Ayurvedic Creamy Matte Lipstick Set ( Pack of 16) & Just Herbs Ayurvedic Gulab Jal/Rose Water Spray Facial Mist Toner 100ml & Just Herbs Ayurvedic Silksplash Face Wash 100Ml       ,Facial sprays,Just Herbs,all,,
        VHCA Pure Steam Distilled Rose Water Spray | Rose Water Spray For Face | Rose Water Toner | Gulab Jal Spray/Toner | Rose Water For Face | For Men Women Boys Girls | 100 ml       ,Facial sprays,VHCA,"all, combination, dry",,
        VHCA Pure Steam Distilled Rose Water Spray | Rose Water Spray For Face | Rose Water Toner | Gulab Jal Spray/Toner | Rose Water For Face | For Men Women Boys Girls | 100 ml       ,Facial sprays,VHCA,"all, combination, dry",,
        O3+ Deep Concerns 2 Pore Clean Up Tonic (120 ml)       ,Facial sprays,O3+,combination,,
        St.Botanica Retinol Anti Aging Face Mist 120ml with Retinol to Rejuvenate & Smoothen Skin | No Parabens & Sulphates | Vegan & Cruelty Free       ,Facial sprays,St.Botanica,normal,,
"        Khadi Essentials 100% Pure Wild Rose Water For Face, Deep Hydration with Deshi Gulaab, Alcohol Free, for Women & Men, 100ml       ",Facial sprays,Khadi Essentials,"oily, combination, sensitive, dry, normal",,
        Blue Nectar Pure Rose Water for Face | Gulab Jal Rose Water Spray for Face | Natural Face Toner for Glowing Skin & Pore Tightening |  Summer Face Mist Spray (200 ml)       ,Facial sprays,Blue Nectar,all,,
"        CORE & PURE Rose Water- Face and Body Mist |100% Natural Hydrosol, Floral Water|- 50ml       ",Facial sprays,CORE & PURE,all,,
        Nature's Veda Natural Rose Water | Skin Toner | Organic Steam Distilled Rose Water | Gulab Jal(100 Ml)       ,Facial sprays,Nature's Veda,all,,
"        The Unplugged Bulgarian Rose & Ireland Seaweed Water Toner & Mist Spray | Alcohol Free | Hydrating Face Toner for Glowing Skin & Pores Tightening | For Oily, Acne Prone, Sensitive & Normal Skin (100 ml)       ",Facial sprays,THE UNPLUGGED,all,,
        Passion Indulge Rose Water Spray - 100ml Each (Buy 1 Get 1 Free)       ,Facial sprays,Passion Indulge,normal,,
        Plum Bulgarian Valley Rose Water Toner (For Daily Use)|With Hyaluronic Acid & Rose Extracts|100% Natural Rose Fragrance|Soothing And Pore Tightening|Balances Ph Levels | For All Skin Types | 100Ml       ,Facial sprays,Plum,all,,
"        WishCare® 100% Pure & Natural Rose Water - For Skin, Face & Hair - Steam Distilled - Kannauj Gulab Jal - Spray Skin Toner - Free From Paraben, Alcohol & Chemicals - 200 ml       ",Facial sprays,WishCare,"all, oily, combination, sensitive, dry",,
"        Pilgrim Alcohol Free Red Vine Face Toner Spray with Vitamin B3 and Aloe, Face Mist Spray For Anti Ageing, Glowing Skin, Dry, Oily Skin, Men & Women,100ml       ",Facial sprays,Pilgrim,"all, oily, acne prone skin, combination, normal",,
"        Lacto Calamine Cucumber Face Toner with Green Tea & Niacinamide for cool and hydrated skin. Tightens pores & evens skin tone. Suitable for Oily skin. No Sulphate, No Alcohol - 120 ml x Pack of 1       ",Facial sprays,Lacto Calamine,all,,
        Generic 70ml Fruit Vegetable Facial Face Steamer Nano Face Mist Spray Spa Moisture Face Sprayer Skin Care Tool Machine       ,Facial sprays,Generic,acne prone,,
        Generic Portable Usb Nano Mist Spray Handy Atomization Mister Face Facial Moisturizing Replenishing Handy Mist Sprayer Color - Pink       ,Facial sprays,Generic,all,,
"        Aqualogica Hydrate+ Refresh Toning Mist with Coconut Water and Hyaluronic Acid - Hydrating & Nourishing | Balances skin pH, Deeply cleans pores | Pack of 100ml       ",Facial sprays,Aqualogica,all,,
"        ACCOJE Protective Dust Screen Mist 100 ml, Face Mist, Natural Korean Skin Care, Parabens and alcohol free, (Pack of 2)       ",Facial sprays,ACCOJE,all,,
        Atmiyamart Pure Rose Water Spray For Face Skin Without Chemical Makeup Remover Rose Water Spray 100ml       ,Facial sprays,Atmiyamart,acne prone skin,,
        CUTISWISS Vitamin C Toner Mist Spray Enriched With Lemon & Orange Essential Oil For All Skin Types 200 ml       ,Facial sprays,CUTISWISS,all,,
        Ethiglo Spray-Vitamin C Intra Oral Spray - 50ml       ,Facial sprays,Ethiglo,acne prone skin,,
"        Inatur Hydrosol Gift Boxi Contains 4 Hydrosols | Vegan I Organic I Summer Essential I Hydrates, Cleanses and Rejuvenates | 100% Pure And Natural | Facial Toner Spray Non-Irritant | Makeup Remover | Alcohol-Free | All Skin Types | For Men And Women       ",Facial sprays,INATUR,all,,
"        The True Therapy PHA Gluconolactone 10%, 17 AMINO ACID COMPLEX Gentle Exfoliating PHA Facial Toner, Hydrates, brightens, and Clears Pores, Glowing Skin for Men and Women 200 ml       ",Facial sprays,The True Therapy,"all, combination, sensitive",,
"        Riyo Herbs Papaya Face Toners 100ml, reduction of dark spots, blemishes Face Spray Skin feel fresh and soothing Toner for All Skin Types, Natural, No Alcohol, Parabens & Sulphates, No Animal Testing       ",Facial sprays,Riyo Herbs,all,,
"        LEVLENT No Alcohol Face Toner Mist Spray, Witch Hazel, Vitamin B5, Glycerin, Hydrating Cleansing Pore Tightening 100ml       ",Facial sprays,LEVLENT,"all, oily, sensitive, dry, normal",,
"        Seer Secrets Natural Facial Mist Toner for Hydrate, Refresh & Tone Skin Suitable for Men & Women|Pack of 100Ml       ",Facial sprays,Seer Secrets,all,,
"        Quinnââ‚¬â„¢s Rose Water Spray. Facial Toner Mist with Pure Rosewater. Alcohol Free Moisturizer and Skincare for Face, Hair and more. 8oz       ",Facial sprays,Quinn27s,"sensitive, dry",,
        Olava Naturals Pure Rose Water - 100% Pure and Natural Steam Distilled Gulab Jal Face Toner - Rose Water Spray for Face - Rose Face Mist - Rose Water Toner for Glowing Skin - 200 ml       ,Facial sprays,Olava Naturals,all,,
"        Algeloe-O Hydraenergizing Super Hydrating Mist Spray with Aloe vera & Hyaluronic acid for Instant Skin Moisturization, Soothes, Revitalizes & Refreshes for all skin types - 100 ML       ",Facial sprays,ALGELOE,all,,
"        Vaseline Daily Bright & Calming Body Serum Spray 180ml, Feels Light and Makes Skin Bright       ",Facial sprays,Vaseline,all,,
"        Glowlogica's Vitamin C Facial Mist & Toner for Glowing Skin with Lemon & Orange Extract - 100 ml Hydrating Light Weight Face Spray Toner for All Skin Types, Natural, No Alcohol, Parabens & Sulphates       ",Facial sprays,Glow logica,all,,
        EcstaCBeauty Fantasy Facial Toning Mist Toner for Men & Women | Alcohol Free Anti-Aging Natural Astringent Toner for Glowing &Toned Skin for All Skin Types (120 ML)       ,Facial sprays,EcstaCBeauty,all,,
"        Rose Water Toner for Face - 100% Pure & Natural Flower Facial Cleanser - Preps Sensitive, Dry, & Acne Prone Skin for Serums & Moisturizers - Put Those Spray Mists Away & Blossom - InstaNatural - 4 OZ       ",Facial sprays,InstaNatural,all,,
        UrbanBotanics® Pure & Natural Rose Water/Skin Toner - Pack of 200ml - Steam Distilled - Gulab Jal - Organic - Chemical Free       ,Facial sprays,UrbanBotanics,all,,
        Avimee Herbal Sunehri Pure Marigold Water | For Acne Free Skin | Beat the Heat | Soothing & Anti Bacterial Face Mist | 110 ml       ,Facial sprays,Avimee Herbal,all,,
"        GoshLife Hydra illuminizer Vitamin C Face Mist, Rose water, Brightening, Make-up Setting Spray, Pore Minimizing, Boost Hydration | Alcohol Free | Toner | 100ml Each (Pack of 2)       ",Facial sprays,GoshLife,"all, oily, acne prone skin, combination, sensitive",,
        St.Botanica Hyaluronic Acid Hydra Boost Face Mist 120ml with Hyaluronic Acid for Hydrated & Refreshed Skin | No Parabens & Sulphates | Cruelty Free       ,Facial sprays,St.Botanica,normal,,
"        Husn E Heaven Organic Rose Water and Skin Toning Spray for Face Cleaning, Toning, Hydration, Makeup Remover For Both Men and Women, Gulab Jal, Chemical Free, (200 ML)       ",Facial sprays,Husn E Heaven,"all, oily, combination, sensitive, dry",,
"        Biotique Cucumber Pore Tightening Refreshing Toner with Himalayan Waters, Pack of 120ml       ",Facial sprays,Biotique,combination,,
"        VIROYA - Face & Body Mist, Relax & Rejuvenate on the go, 100% Natural Rose Water Hydrating Face Mist, Spray Rose Gold Face Mist Facial Hydrating Natural Skin       ",Facial sprays,VIROYA,normal,,
"        LUXURIATE Pure and Natural Lime Face Mist Spray for Instant Hydration & Moisturization for Men and Women | Makeup Fixer, Pure Face Mist Spray/Toner for All Skin Types - 100 ml       ",Facial sprays,LUXURIATE,all,,
"        UPAKARMA Ayurveda Premium Pure and Natural Rose Water Spray for Face, Rosemary, Gulab Jal, 120ml- Pack of 1       ",Facial sprays,UPAKARMA,"oily, combination, dry, normal",,
"        Ayuga 5% Chandanam Night Gel with Sandalwood, Turmeric and 26 Precious Herbs | Night Cream for Glowing Skin| Hydrates Skin, Makes it Soft & Plump | For All Skin Types | 50 g       ",Facial sprays,Ayuga,all,,
        The Bare Bar | Rose Facial Mist I For All Skin Types I Refreshing & Toning I 15 ML       ,Facial sprays,The Bare Bar,all,,
"        Mash'd elements' Luxurious Steam Distilled 100% Natural Saffron Water Toner Spray. Face Mist Suitable for All Skin Types. Enhances Glow, Prevents Pigmentation, Chemical free for Face & Skin. 100ml       ",Facial sprays,Mash'd elements,"all, oily, sensitive, dry, normal",,
"        Auli Dazzle Pure Rose Water and Tuberose Extracts induced Facial Toner for all skin types, it helps hydrate skin, minimise pores, refresh dull skin cells and controls oils to prevent breakouts - 120ML       ",Facial sprays,AULI LIFESTYLE,"all, oily, combination, sensitive, dry",,
        St.Botanica Vitamin C Facial Series       ,Facial sprays,StBotanica,dry,,
        THE LOVE CO. Rose Water Spray for Face - Ayurvedic Gulab Jal Rose Water For Skin | Pure Rosewater Toner- Kannauj Steam Distilled - Organic Rose Water for Skin & Eyes | Toner For Dry Skin - 200ml       ,Facial sprays,THE LOVE CO.,all,,
"        Buds & Berries Refreshing Bulgarian Rose Facial Mist Toner | Normal to Dull Skin, NO Alcohol - 200 ML       ",Facial sprays,Buds & Berries,combination,,
"        Nat Habit Mogra Jal (Mogra Water) Toner, Face-Mist, Astringent, Body-Spray for Oil-Control, Acne-Control, Hydration, Face CTM, Ayurvedic, Pure & Fresh, Steam-Distilled - 100ml (Single Pack)       ",Facial sprays,Nat Habit - Back To Natural Secrets Everyday,all,,
        Moha Rose Mist For Face 100ml | Natural & Pure Gulab Jal For Men & Women. Suitable For All Skin Types       ,Facial sprays,Moha:,all,,
"        SARVA 100% Pure Natural, Undiluted Rose Face Mist/ Rose Water/Gulab Jal , Steam Distilled,Skin Toner for All types of Skin, No Alcohol and No Artificial Fragrances ,Make in India, Cruelty Free & Vegan,DIY Blends (100 ml)       ",Facial sprays,SARVA,"all skin, oily, combination, sensitive, dry, normal",,
"        Good Vibes Pomegranate Glow Toner 120 ml, Anti Ageing Hydrating Light Weight Moisturizing Face Spray Toner for All Skin Types, Natural, No Alcohol, Parabens & Sulphates, No Animal Testing       ",Facial sprays,Good Vibes,"all, oily, combination, dry, normal",,
"        Facial Toner with Organic and Natural Witch Hazel Rose Water Astringent - Best Hydrating and Clarifying Face Spray for Daily Use, No Alcohol or Oil, Skin Cleansing for Men and Women, 8oz       ",Facial sprays,Beauty by Earth,all,,
"        Chemist at Play Brightening Face Toner 125 ml with Ceramides | 5% Glycolic Acid + 2% Vitamin C | Spray For dull, pigmented skin, gently exfoliates, visibly brightens the skin       ",Facial sprays,Chemist at Play,all,,
"        RYLLZ ESSENTIALS Pure Mogra Water / Jasmine Water | Face & Body Mist | Ph Balance, Skin Refining , Pore Tightening and Deep Cleansing | 100 % Pure & Natural | Suitable for Oily , Acne Prone , Dry and Normal Skin | Steam Distilled Madurai Jasmine | Unisex | ( 100ml )       ",Facial sprays,"RYLLZ ESSENTIALS ""LUXURIOUS VEDA""",all,,
        Forest Essentials Facial Tonic Mist Bela|Fresh & Fragrant|Hydrates|Unisex Toner Spray For Face|50ml       ,Facial sprays,Forest Essentials,all,,
        Organic Netra Rose Water with Vitamin C | Exfoliates the Skin and Controls Oil | Excellent for Clearing Away Makeup & Dirt from Pores| Mist Spray for All Skin Type | Paraben and Alcohol Free -200ml       ,Facial sprays,Organic Netra,"all, oily, combination, sensitive, dry",,
        EcstaCBeauty Pomegranate Ritual Face Mist Toner for Men & Women | Alcohol Free Anti-Aging Natural Astringent Toner Spray for Glowing Skin for All Skin Types (50 ML)       ,Facial sprays,EcstaCBeauty,all,,
"        Little Bee Pure Edible Rose Water, 500ml       ",Facial sprays,Little Bee,all,,
        ISNTREE Hyaluronic Acid Toner 6.76 fl. oz.       ,Facial sprays,IsNtree,"sensitive, dry",,
        CORE & PURE Combo Pack of Jasmine Face and Body Mist Spray & Rose Water- Face and Body Mist Spray (50 ml Each)       ,Facial sprays,CORE & PURE,all,,
        MASTER FOODS Rani Kannauj- Rose Water/ Arq Gulab/ Gulab Jal-100% Natural.Distilled.       ,Facial sprays,MASTER FOODS,all,,
"        Chemist at Play Brightening Face Toner 125 ml with Ceramides | 5% Glycolic Acid + 2% Vitamin C | Spray For dull, pigmented skin, gently exfoliates, visibly brightens the skin       ",Facial sprays,Chemist at Play,all,,
        Orgello Herbal Cucumber Toner Mist Spray for Face Pore Tightening Purifying and Glowing Skin Alcohol Free Toner 100 ml       ,Facial sprays,Orgello,all,,
        Orgello Herbal Rose water spray for face (1 x 500 ml) - alcohol free skin toner - rose water for skin spray - gulab jal rose water for skin spray for men women boys girls all skin type       ,Facial sprays,Orgello,all,,
        Generic Ivory white : Nano Mist Spray Handy Atomization Mister USB Charging Face Facial Moisturizing Mini Beauty Instrument With Protable Spray Bottle       ,Facial sprays,Generic,all,,
"        Khadi Organic Rose Water - Rose Water Spray for Face - Ayurvedic Gulab Jal Rose Water For Skin | Pure Rosewater Toner 210ML (Rose Water, 210ML)       ",Facial sprays,Khadi Organic,all,,
"        Rose Water Spray for face | 120ml Pure & Natural Organic Steam Distilled Gulab Jal Chemical Free for skin | No Paraben for Cleansing and Toning,       ",Facial sprays,Hindya Ayurvedic Luxury,all,,
"        WishCare 100% Pure & Natural Rose Water For Skin, Face & Hair - Steam Distilled - Kannauj Gulab Jal - Spray Skin Toner - Free From Paraben, Alcohol & Chemicals - 200 ml, Clear (WRW200)       ",Facial sprays,WishCare,"oily, combination, sensitive, dry, normal",,
        Biotic Herbs Pure & Natural Premium Gulab Jal Rose Water Spray For Face And Skin Toner - 200 ml (Rose water)       ,Facial sprays,Biotic Herbs,"all, oily, combination, sensitive, dry",,
"        Avene Thermal Spring Water Spray, 300ml       ",Facial sprays,Avene,sensitive,,
"        O'GARDENER Organic Rose Water (Gulab Jal) Spray Toner for Face, 100 ml       ",Facial sprays,O'GARDENER,sensitive,,
        Heroic rose mist 100% Pure and natural rose water Hydrating and Refreshing Facial Toner | Balances Skin's pH | Makeup Setting Spray | No Alcohol & Artificial Fragrance | For Skin Brightening       ,Facial sprays,HEROIC,"all, oily, dry, normal",,
        GANS SKINCARE NATURAL ROSE WATER 200ML | ROSE WATER SPRAY FOR FACE | MAKE UP REMOVER | MIST FOR FRESH FACE | HERBAL FACIAL TONER AND ASTRINGENT | GOODNESS OF ROSE WATER | MORNING ROUTINE | ROSE WATER LIQUID | ROSE WATER RESTORES PH BALANCE       ,Facial sprays,Gans,all,,
        JTM Rose Water Gulab Jal Face Cleanser Facial Cleaning Skin Toner for Men & Women 100% Natural & Sulphate-free (Without Spray) (Pack of 2)       ,Facial sprays,JTM,all,,
"        Herbsense Pure Rose Water/Gulab Jal Spray Face Toner Mist,Hydrating & Refreshing Rose Water,Makeup Remover Alcohol Free Toner Face Mist, Steam Distilled Rose Water Edible Grade - 100ml       ",Facial sprays,Herbsense,"oily, combination, sensitive, dry, normal",,
"        Hibiscus Monkey Velvet Spray Bergamot In-Shower Body Moisturizer | Soothe Dry Itchy Skin and Even Tone Complexion | 100% Natural, Lightweight, Non Greasy | All Skin Types, 250ml       ",Facial sprays,Hibiscus Monkey,all,,
"        Kapiva Organic Rose Water/Gulab Jal Spray (200 ml) | Premium Face Mist and Toner for Brighter and Hydrated Skin | Oil-Control, Unclog Pores       ",Facial sprays,Kapiva,all,,
"        RYLLZ ESSENTIALS Pure Rose Water / Gulab Jal | Face & Body Mist | Ph Balance, Skin Refining , Pore Tightening and Deep Cleansing | 100 % Pure & Natural | Suitable for Oily , Acne Prone , Dry and Normal Skin | Steam Distilled Kannauj Rose | Unisex | ( 100ml )       ",Facial sprays,"RYLLZ ESSENTIALS ""LUXURIOUS VEDA""",all,,
        TNW-THE NATURAL WASH Vitamin C Face Serum and Rose Water Spray Toner | Helps to Remove Wrinkles Face Serum & Natural Rose Water Spray Toner/Skin Toner Makeup Remover       ,Facial sprays,TNW-THE NATURAL WASH,all,,
"        CORE & PURE Calendula Water Face and Body Mist- Helps in Sensitive Skin |100% Natural Hydrosol, Floral Water|- 50ml       ",Facial sprays,CORE & PURE,all,,
"        Dot & Key Watermelon SuperGlow Pore Tightening Toner with Cucumber & Glycolic | For Oily, Dull & Uneven Skin Tone | 150 ml       ",Facial sprays,DOT & KEY,all,,
"        Dermafique Pore Minimizing Face Toner for All Skin Types, Tightens Pores, Exfoliates Skin, Alcohol Free, Paraben Free, Dermatologist Tested (150 ml), Transparent       ",Facial sprays,Dermafique,"acne prone,all skin types",,
        YOVIEX Gulab Jal/Rose Water Pure Rose Water Skin Toner Pack Rose Water Gulab Jal Face Cleanser Facial Cleaning Spray Skin Toner for Men & Women 100% Natural & Sulphate-free| Quantity - 200 ML       ,Facial sprays,YOVIEX,all,,
"        Aloe Global Natural Aloe Vera Liquid Spray for Face, Skin and Hair | Instant Soothing Formula | 200ml       ",Facial sprays,ALOE GLOBAL,all,,
"        KHADI NATURAL Mint and Cucumber Face Spray, 100ml (Pack of 2)       ",Facial sprays,Khadi Natural,all,,
"        Orgello Herbal Rose Water Spray Mist Toner Gulab jal (100 ml ) + Aloe Vera Gel Jar ( 100 gm ) (Ingredients Gula, Ghrit Kumari, Madhu, Bihi Dana, Badam, Glycerine - Pack Of 2 - for men women girls boys normal oily dry skin sls paraben mineral oil free       ",Facial sprays,Orgello,all,,
        Dabur GULABARI ROSE WATER SPRAY 100ML EACH (200 ml)       ,Facial sprays,DABUR,all,,
"        BEE ONE ROSE WATER 120 ML (Spray) for Hydrated, Glowing Skin Premium Toner & Cleanser for Soft All Skin Types       ",Facial sprays,BEE ONE,all,,
        SKINIFY Rose Water Spray for Face and Hair | 100% Pure Moroccan Rosewater for Skin Toning and Hydration | Alcohol-Free Natural Facial Mist 100 ML pack of 4       ,Facial sprays,SKINIFY COSMETICS,all,,
        Premium Organic Facial Fluid Moisturizer - 0.25oz Travel Spray (PACK OF 2)       ,Facial sprays,Oblige+by+Nature,all,,
        Kama Ayurveda Pure Rose Water       ,Facial sprays,Kama Ayurveda,combination,,
        Bliss of Earth® 100% Pure Damascena Rose Water | 3x100ml | Steam Distilled | Facial Toner With Uplifting Floral Aroma | Food Grade | Pure Gulab Jal |�       ,Facial sprays,BLISS OF EARTH,all,,
"        Vilvah Store Rosewater Facial Toner, 100ml (Pack of 2)       ",Facial sprays,Vilvah STORE,all,,
"        iRony Glutathione Spray For Skin Whitening Dark Body Parts Face Neck,Hand,Nape,Thighs, Elbows, Knees,Ankles Exfoliant -100g       ",Facial sprays,IRONY,all,,
        Bliss of Earth® 100% Pure Damascena Rose Water | 2x100ml | Steam Distilled | Facial Toner With Uplifting Floral Aroma | Food Grade | Pure Gulab Jal |�       ,Facial sprays,BLISS OF EARTH,all,,
        ESSENTIA EXTRACTS Rose Lavender Hydrating Facial Mist Combo|Refreshing Calming Soothing Face Toner for All Skin Type|Enriched with Pure Rosewater | 100% Natural | Pack of 2*100ml Spray Bottles- 200ml       ,Facial sprays,ESSENTIA EXTRACTS,all,,
"        Lashika Detan Spray with Raspberry, Almond Oil, Titanium Dioxide – Helps to Protect from UVA & UVB, Detaining of Skin, Heals Sunburn, Helps to Reduce Sign of Aging and Moisturizes Dry Skin (100 ml)       ",Facial sprays,LASHIKA,all,,
"        Clensta Refreshing Red Aloe Face Toner| With Red Aloe Vera and Niacinamide| Face Toner Mist Spray| For Oily, Dry, Or Normal Skin| For Men and Women       ",Facial sprays,Clensta,all,,
        OBBO Nano Facial Mister Portable Mini Face Mist Handy Sprayer Automatic Eyelash Extensions Cool Facial Steamer       ,Facial sprays,Grazia,all,,
        Pilgrim Korean Beauty White Lotus Refreshing Face Mist & Toner | Toner for glowing skin | Alcohol-Free Mist & toner for open pores Tightening | Korean skin care products | Women & Men | 100 ml       ,Facial sprays,Pilgrim,all,,
"        Vaadi Herbals Pvt Ltd Lavender Water -100% Natural & Pure Skin Toner, 250 ml       ",Facial sprays,VAADI HERBALS,normal,,
"        Biotique Honey Water Pore Tightening Brightening Toner With Himalayan Waters,Pack of 120ml       ",Facial sprays,Biotique,combination,,
"        Forest Essentials Delicate Facial Cleanser, Saffron and Neem, 50ml and Sandalwood and Orange Peel After Shave Spray, 100ml       ",Facial sprays,Forest Essentials,all,,
"        Riyo Herbs Steam Distilled Rose Water Spray for Face - Face Toner, Skin Toner, Makeup Remover - For All Skin Types Women & Men - 200ml       ",Facial sprays,Riyo Herbs,all,,
"        KHADI RISHIKESH Rose Water For Anti Acne | Spray for Face - Face Toner/Skin Toner/Makeup Remover- 210ml - Gulab Jal - Cleansing & Toning - Spray for Face - Face Toner / Makeup Remover - Anti Ageing - Oil Control For Clogged Pores - Women & Men,गुलाब जल       ",Facial sprays,KHADI RISHIKESH,all,,
"        BELLO Fresh Look Cleanser - Instant Face Refresh Spray, 60 ML Pack of 3       ",Facial sprays,Bello,all,,
"        MEENA ELEMENTS Pure Natural Rose Water/Skin Toner Steam Distilled, Gulab Jal, Organic, Chemical Free Rose Water 100ml x 5, Pore Minimizing Tightening Natural Toner Spray for Glowing Skin - All Skin Types (Pack of 5)       ",Facial sprays,MEENA ELEMENTS,all,,
"        Noiant Face Mist infused with Cucumber & Chamomile | Organic Glower Face Toner | Face Mist, Alcohol free, Pore Minimizing Tightening Natural Toner | Spray for Glowing Skin - All Skin Types | Clarifying & Resurfacing Skin | For Men & Women - 100ml       ",Facial sprays,NOIANT,"dullness, oily, dry",,
        evanhealy Heat of Summer HydroSoul Facial Toner | Hydrosols Organic Facial Tonic | Beauty Water Face Spray | Refreshing Skin Toner for Face | Alcohol Free Toner       ,Facial sprays,Evanhealy,all,,
"        D'MOKSHA Wine Vine Face Toner, Face Mist Spray For Anti Ageing, Glowing Skin, Dry, Oily Skin, Men & Women,100ml       ",Facial sprays,D'MOKSHA,acne prone skin,,
        Love Earth Jasmine Mogra Face Mist Toner with Jasmine Oil & Extracts for Instant Glow & Even Skin Tone 100ml       ,Facial sprays,Love Earth,all,,
        EcstaCBeauty Cure Skin Anti-Breakout Face Mist Toner for Men & Women | Alcohol Free Pore Minimizing Tightening Natural Astringent Toner Spray for Glowing Skin for Acne & Pimple Prone Skin ( 50 ML )       ,Facial sprays,EcstaCBeauty,sensitive,,
"        ISNTREE Green Tea Fresh Facial Toner Oil, 200ml Deep Moisturizing, Sebum Control, Nourishing, Revitalizing, Hypoallergenic       ",Facial sprays,Isntree,sensitive,,
